[0.010s] Invoking command in '/home/sonvu/ur_ws/build/ur_dashboard_msgs': CMAKE_PREFIX_PATH=/home/sonvu/rtablc_base/install/rtablc_experiment:/opt/ros/humble /usr/bin/cmake /home/sonvu/ur_ws/src/Universal_Robots_ROS2_Driver/ur_dashboard_msgs -DAMENT_CMAKE_SYMLINK_INSTALL=1 -DCMAKE_INSTALL_PREFIX=/home/sonvu/ur_ws/install/ur_dashboard_msgs
[0.212s] -- The C compiler identification is GNU 11.4.0
[0.325s] -- The CXX compiler identification is GNU 11.4.0
[0.333s] -- Detecting C compiler ABI info
[0.407s] -- Detecting C compiler ABI info - done
[0.418s] -- Check for working C compiler: /usr/bin/cc - skipped
[0.419s] -- Detecting C compile features
[0.419s] -- Detecting C compile features - done
[0.422s] -- Detecting CXX compiler ABI info
[0.493s] -- Detecting CXX compiler ABI info - done
[0.498s] -- Check for working CXX compiler: /usr/bin/c++ - skipped
[0.498s] -- Detecting CXX compile features
[0.498s] -- Detecting CXX compile features - done
[0.504s] -- Found ament_cmake: 1.3.14 (/opt/ros/humble/share/ament_cmake/cmake)
[0.622s] -- Found Python3: /usr/bin/python3 (found version "3.10.12") found components: Interpreter 
[0.677s] -- Override CMake install command with custom implementation using symlinks instead of copying resources
[0.711s] -- Found rosidl_default_generators: 1.2.1 (/opt/ros/humble/share/rosidl_default_generators/cmake)
[0.714s] -- Using all available rosidl_typesupport_c: rosidl_typesupport_fastrtps_c;rosidl_typesupport_introspection_c
[0.722s] -- Found rosidl_adapter: 3.1.8 (/opt/ros/humble/share/rosidl_adapter/cmake)
[0.763s] -- Using all available rosidl_typesupport_cpp: rosidl_typesupport_fastrtps_cpp;rosidl_typesupport_introspection_cpp
[0.800s] -- Found action_msgs: 1.2.2 (/opt/ros/humble/share/action_msgs/cmake)
[1.199s] -- Found ament_cmake_ros: 0.10.0 (/opt/ros/humble/share/ament_cmake_ros/cmake)
[1.359s] -- Using all available rosidl_typesupport_c: rosidl_typesupport_fastrtps_c;rosidl_typesupport_introspection_c
[1.617s] -- Using all available rosidl_typesupport_cpp: rosidl_typesupport_fastrtps_cpp;rosidl_typesupport_introspection_cpp
[1.648s] -- Found PythonInterp: /usr/bin/python3 (found suitable version "3.10.12", minimum required is "3.6") 
[1.651s] -- Found python_cmake_module: 0.10.0 (/opt/ros/humble/share/python_cmake_module/cmake)
[1.680s] -- Found PythonLibs: /usr/lib/x86_64-linux-gnu/libpython3.10.so (found suitable version "3.10.12", minimum required is "3.5") 
[1.680s] -- Using PYTHON_EXECUTABLE: /usr/bin/python3
[1.680s] -- Using PYTHON_INCLUDE_DIRS: /usr/include/python3.10
[1.680s] -- Using PYTHON_LIBRARIES: /usr/lib/x86_64-linux-gnu/libpython3.10.so
[1.708s] -- Found PythonExtra: .so  
[1.864s] -- Configuring done
[1.920s] -- Generating done
[1.930s] -- Build files have been written to: /home/sonvu/ur_ws/build/ur_dashboard_msgs
[1.935s] Invoked command in '/home/sonvu/ur_ws/build/ur_dashboard_msgs' returned '0': CMAKE_PREFIX_PATH=/home/sonvu/rtablc_base/install/rtablc_experiment:/opt/ros/humble /usr/bin/cmake /home/sonvu/ur_ws/src/Universal_Robots_ROS2_Driver/ur_dashboard_msgs -DAMENT_CMAKE_SYMLINK_INSTALL=1 -DCMAKE_INSTALL_PREFIX=/home/sonvu/ur_ws/install/ur_dashboard_msgs
[1.936s] Invoking command in '/home/sonvu/ur_ws/build/ur_dashboard_msgs': CMAKE_PREFIX_PATH=/home/sonvu/rtablc_base/install/rtablc_experiment:/opt/ros/humble /usr/bin/cmake --build /home/sonvu/ur_ws/build/ur_dashboard_msgs -- -j16 -l16
[2.000s] [  1%] [34m[1mGenerating C code for ROS interfaces[0m
[2.004s] [  1%] [34m[1mGenerating C++ code for ROS interfaces[0m
[2.005s] [  2%] [34m[1mGenerating Rust code for ROS interfaces[0m
[2.011s] [  2%] Built target ament_cmake_python_symlink_ur_dashboard_msgs
[2.168s] running egg_info
[2.168s] creating ur_dashboard_msgs.egg-info
[2.168s] writing ur_dashboard_msgs.egg-info/PKG-INFO
[2.168s] writing dependency_links to ur_dashboard_msgs.egg-info/dependency_links.txt
[2.168s] writing top-level names to ur_dashboard_msgs.egg-info/top_level.txt
[2.168s] writing manifest file 'ur_dashboard_msgs.egg-info/SOURCES.txt'
[2.169s] reading manifest file 'ur_dashboard_msgs.egg-info/SOURCES.txt'
[2.170s] writing manifest file 'ur_dashboard_msgs.egg-info/SOURCES.txt'
[2.189s] [  2%] Built target ament_cmake_python_build_ur_dashboard_msgs_egg
[2.722s] [  2%] Built target ur_dashboard_msgs__rs
[3.885s] [  2%] Built target ur_dashboard_msgs__cpp
[3.892s] [  2%] [32mBuilding C object CMakeFiles/ur_dashboard_msgs__rosidl_generator_c.dir/rosidl_generator_c/ur_dashboard_msgs/msg/detail/program_information__functions.c.o[0m
[3.892s] [  2%] [32mBuilding C object CMakeFiles/ur_dashboard_msgs__rosidl_generator_c.dir/rosidl_generator_c/ur_dashboard_msgs/msg/detail/program_state__functions.c.o[0m
[3.892s] [  2%] [32mBuilding C object CMakeFiles/ur_dashboard_msgs__rosidl_generator_c.dir/rosidl_generator_c/ur_dashboard_msgs/msg/detail/safety_mode__functions.c.o[0m
[3.893s] [  3%] [32mBuilding C object CMakeFiles/ur_dashboard_msgs__rosidl_generator_c.dir/rosidl_generator_c/ur_dashboard_msgs/msg/detail/user_role__functions.c.o[0m
[3.893s] [  3%] [32mBuilding C object CMakeFiles/ur_dashboard_msgs__rosidl_generator_c.dir/rosidl_generator_c/ur_dashboard_msgs/msg/detail/operational_mode__functions.c.o[0m
[3.893s] [  3%] [32mBuilding C object CMakeFiles/ur_dashboard_msgs__rosidl_generator_c.dir/rosidl_generator_c/ur_dashboard_msgs/msg/detail/version_information__functions.c.o[0m
[3.893s] [  3%] [32mBuilding C object CMakeFiles/ur_dashboard_msgs__rosidl_generator_c.dir/rosidl_generator_c/ur_dashboard_msgs/msg/detail/safety_status__functions.c.o[0m
[3.893s] [  4%] [32mBuilding C object CMakeFiles/ur_dashboard_msgs__rosidl_generator_c.dir/rosidl_generator_c/ur_dashboard_msgs/srv/detail/add_to_log__functions.c.o[0m
[3.893s] [  5%] [32mBuilding C object CMakeFiles/ur_dashboard_msgs__rosidl_generator_c.dir/rosidl_generator_c/ur_dashboard_msgs/msg/detail/robot_mode__functions.c.o[0m
[3.894s] [  5%] [32mBuilding C object CMakeFiles/ur_dashboard_msgs__rosidl_generator_c.dir/rosidl_generator_c/ur_dashboard_msgs/srv/detail/download_program__functions.c.o[0m
[3.894s] [  5%] [32mBuilding C object CMakeFiles/ur_dashboard_msgs__rosidl_generator_c.dir/rosidl_generator_c/ur_dashboard_msgs/srv/detail/download_support_file__functions.c.o[0m
[3.894s] [  6%] [32mBuilding C object CMakeFiles/ur_dashboard_msgs__rosidl_generator_c.dir/rosidl_generator_c/ur_dashboard_msgs/srv/detail/get_loaded_program__functions.c.o[0m
[3.894s] [  6%] [34m[1mGenerating C++ type support dispatch for ROS interfaces[0m
[3.895s] [  6%] [32mBuilding C object CMakeFiles/ur_dashboard_msgs__rosidl_generator_c.dir/rosidl_generator_c/ur_dashboard_msgs/srv/detail/get_programs__functions.c.o[0m
[3.895s] [  6%] [34m[1mGenerating C++ introspection for ROS interfaces[0m
[3.895s] [  6%] [34m[1mGenerating C++ type support for eProsima Fast-RTPS[0m
[3.956s] [  7%] [32mBuilding C object CMakeFiles/ur_dashboard_msgs__rosidl_generator_c.dir/rosidl_generator_c/ur_dashboard_msgs/srv/detail/get_robot_mode__functions.c.o[0m
[3.956s] [  7%] [32mBuilding C object CMakeFiles/ur_dashboard_msgs__rosidl_generator_c.dir/rosidl_generator_c/ur_dashboard_msgs/srv/detail/get_program_state__functions.c.o[0m
[3.957s] [  7%] [32mBuilding C object CMakeFiles/ur_dashboard_msgs__rosidl_generator_c.dir/rosidl_generator_c/ur_dashboard_msgs/srv/detail/load__functions.c.o[0m
[3.957s] [  7%] [32mBuilding C object CMakeFiles/ur_dashboard_msgs__rosidl_generator_c.dir/rosidl_generator_c/ur_dashboard_msgs/srv/detail/is_program_running__functions.c.o[0m
[3.957s] [  8%] [32mBuilding C object CMakeFiles/ur_dashboard_msgs__rosidl_generator_c.dir/rosidl_generator_c/ur_dashboard_msgs/srv/detail/is_program_saved__functions.c.o[0m
[3.957s] [  8%] [32mBuilding C object CMakeFiles/ur_dashboard_msgs__rosidl_generator_c.dir/rosidl_generator_c/ur_dashboard_msgs/srv/detail/get_safety_mode__functions.c.o[0m
[3.957s] [  8%] [32mBuilding C object CMakeFiles/ur_dashboard_msgs__rosidl_generator_c.dir/rosidl_generator_c/ur_dashboard_msgs/srv/detail/popup__functions.c.o[0m
[3.962s] [  9%] [32mBuilding C object CMakeFiles/ur_dashboard_msgs__rosidl_generator_c.dir/rosidl_generator_c/ur_dashboard_msgs/srv/detail/raw_request__functions.c.o[0m
[3.962s] [  9%] [32mBuilding C object CMakeFiles/ur_dashboard_msgs__rosidl_generator_c.dir/rosidl_generator_c/ur_dashboard_msgs/srv/detail/is_in_remote_control__functions.c.o[0m
[3.962s] [  9%] [32mBuilding C object CMakeFiles/ur_dashboard_msgs__rosidl_generator_c.dir/rosidl_generator_c/ur_dashboard_msgs/srv/detail/upload_program__functions.c.o[0m
[3.970s] [ 10%] [32mBuilding C object CMakeFiles/ur_dashboard_msgs__rosidl_generator_c.dir/rosidl_generator_c/ur_dashboard_msgs/srv/detail/get_poly_scope_version__functions.c.o[0m
[3.970s] [ 10%] [32mBuilding C object CMakeFiles/ur_dashboard_msgs__rosidl_generator_c.dir/rosidl_generator_c/ur_dashboard_msgs/srv/detail/get_serial_number__functions.c.o[0m
[3.974s] [ 10%] [32mBuilding C object CMakeFiles/ur_dashboard_msgs__rosidl_generator_c.dir/rosidl_generator_c/ur_dashboard_msgs/srv/detail/get_user_role__functions.c.o[0m
[4.011s] [ 11%] [32mBuilding C object CMakeFiles/ur_dashboard_msgs__rosidl_generator_c.dir/rosidl_generator_c/ur_dashboard_msgs/srv/detail/get_operational_mode__functions.c.o[0m
[4.011s] [ 11%] [32mBuilding C object CMakeFiles/ur_dashboard_msgs__rosidl_generator_c.dir/rosidl_generator_c/ur_dashboard_msgs/srv/detail/set_operational_mode__functions.c.o[0m
[4.011s] [ 11%] [32mBuilding C object CMakeFiles/ur_dashboard_msgs__rosidl_generator_c.dir/rosidl_generator_c/ur_dashboard_msgs/srv/detail/set_user_role__functions.c.o[0m
[4.013s] [ 11%] [32mBuilding C object CMakeFiles/ur_dashboard_msgs__rosidl_generator_c.dir/rosidl_generator_c/ur_dashboard_msgs/srv/detail/get_safety_status__functions.c.o[0m
[4.014s] [ 12%] [32mBuilding C object CMakeFiles/ur_dashboard_msgs__rosidl_generator_c.dir/rosidl_generator_c/ur_dashboard_msgs/srv/detail/get_robot_model__functions.c.o[0m
[4.020s] [ 13%] [32mBuilding C object CMakeFiles/ur_dashboard_msgs__rosidl_generator_c.dir/rosidl_generator_c/ur_dashboard_msgs/srv/detail/generate_support_file__functions.c.o[0m
[4.020s] [ 13%] [32mBuilding C object CMakeFiles/ur_dashboard_msgs__rosidl_generator_c.dir/rosidl_generator_c/ur_dashboard_msgs/srv/detail/generate_flight_report__functions.c.o[0m
[4.022s] [ 13%] [32mBuilding C object CMakeFiles/ur_dashboard_msgs__rosidl_generator_c.dir/rosidl_generator_c/ur_dashboard_msgs/action/detail/set_mode__functions.c.o[0m
[4.122s] [ 13%] [32m[1mLinking C shared library libur_dashboard_msgs__rosidl_generator_c.so[0m
[4.163s] [ 13%] Built target ur_dashboard_msgs__rosidl_generator_c
[4.170s] [ 14%] [34m[1mGenerating C type support dispatch for ROS interfaces[0m
[4.172s] [ 15%] [34m[1mGenerating C type support for eProsima Fast-RTPS[0m
[4.174s] [ 16%] [34m[1mGenerating C introspection for ROS interfaces[0m
[4.963s] [ 16%] [32mBuilding CXX object CMakeFiles/ur_dashboard_msgs__rosidl_typesupport_cpp.dir/rosidl_typesupport_cpp/ur_dashboard_msgs/msg/program_state__type_support.cpp.o[0m
[4.964s] [ 16%] [32mBuilding CXX object CMakeFiles/ur_dashboard_msgs__rosidl_typesupport_cpp.dir/rosidl_typesupport_cpp/ur_dashboard_msgs/msg/robot_mode__type_support.cpp.o[0m
[4.964s] [ 17%] [32mBuilding CXX object CMakeFiles/ur_dashboard_msgs__rosidl_typesupport_cpp.dir/rosidl_typesupport_cpp/ur_dashboard_msgs/msg/safety_mode__type_support.cpp.o[0m
[4.964s] [ 17%] [32mBuilding CXX object CMakeFiles/ur_dashboard_msgs__rosidl_typesupport_cpp.dir/rosidl_typesupport_cpp/ur_dashboard_msgs/msg/user_role__type_support.cpp.o[0m
[4.964s] [ 18%] [32mBuilding CXX object CMakeFiles/ur_dashboard_msgs__rosidl_typesupport_cpp.dir/rosidl_typesupport_cpp/ur_dashboard_msgs/msg/program_information__type_support.cpp.o[0m
[4.964s] [ 18%] [32mBuilding CXX object CMakeFiles/ur_dashboard_msgs__rosidl_typesupport_cpp.dir/rosidl_typesupport_cpp/ur_dashboard_msgs/srv/download_support_file__type_support.cpp.o[0m
[4.964s] [ 18%] [32mBuilding CXX object CMakeFiles/ur_dashboard_msgs__rosidl_typesupport_cpp.dir/rosidl_typesupport_cpp/ur_dashboard_msgs/srv/add_to_log__type_support.cpp.o[0m
[4.964s] [ 18%] [32mBuilding CXX object CMakeFiles/ur_dashboard_msgs__rosidl_typesupport_cpp.dir/rosidl_typesupport_cpp/ur_dashboard_msgs/msg/operational_mode__type_support.cpp.o[0m
[4.964s] [ 19%] [32mBuilding CXX object CMakeFiles/ur_dashboard_msgs__rosidl_typesupport_cpp.dir/rosidl_typesupport_cpp/ur_dashboard_msgs/srv/download_program__type_support.cpp.o[0m
[4.964s] [ 20%] [32mBuilding CXX object CMakeFiles/ur_dashboard_msgs__rosidl_typesupport_cpp.dir/rosidl_typesupport_cpp/ur_dashboard_msgs/msg/version_information__type_support.cpp.o[0m
[4.964s] [ 20%] [32mBuilding CXX object CMakeFiles/ur_dashboard_msgs__rosidl_typesupport_cpp.dir/rosidl_typesupport_cpp/ur_dashboard_msgs/msg/safety_status__type_support.cpp.o[0m
[5.244s] [ 20%] [32mBuilding CXX object CMakeFiles/ur_dashboard_msgs__rosidl_typesupport_cpp.dir/rosidl_typesupport_cpp/ur_dashboard_msgs/srv/get_loaded_program__type_support.cpp.o[0m
[5.245s] [ 21%] [32mBuilding CXX object CMakeFiles/ur_dashboard_msgs__rosidl_typesupport_cpp.dir/rosidl_typesupport_cpp/ur_dashboard_msgs/srv/get_programs__type_support.cpp.o[0m
[5.246s] [ 21%] [32mBuilding CXX object CMakeFiles/ur_dashboard_msgs__rosidl_typesupport_cpp.dir/rosidl_typesupport_cpp/ur_dashboard_msgs/srv/get_program_state__type_support.cpp.o[0m
[5.257s] [ 21%] [32mBuilding CXX object CMakeFiles/ur_dashboard_msgs__rosidl_typesupport_cpp.dir/rosidl_typesupport_cpp/ur_dashboard_msgs/srv/get_robot_mode__type_support.cpp.o[0m
[5.257s] [ 22%] [32mBuilding CXX object CMakeFiles/ur_dashboard_msgs__rosidl_typesupport_cpp.dir/rosidl_typesupport_cpp/ur_dashboard_msgs/srv/get_safety_mode__type_support.cpp.o[0m
[5.261s] [ 22%] [32mBuilding CXX object CMakeFiles/ur_dashboard_msgs__rosidl_typesupport_cpp.dir/rosidl_typesupport_cpp/ur_dashboard_msgs/srv/is_program_running__type_support.cpp.o[0m
[5.271s] [ 22%] [32mBuilding CXX object CMakeFiles/ur_dashboard_msgs__rosidl_typesupport_cpp.dir/rosidl_typesupport_cpp/ur_dashboard_msgs/srv/is_program_saved__type_support.cpp.o[0m
[5.296s] [ 23%] [32mBuilding CXX object CMakeFiles/ur_dashboard_msgs__rosidl_typesupport_cpp.dir/rosidl_typesupport_cpp/ur_dashboard_msgs/srv/load__type_support.cpp.o[0m
[5.309s] [ 23%] [32mBuilding CXX object CMakeFiles/ur_dashboard_msgs__rosidl_typesupport_cpp.dir/rosidl_typesupport_cpp/ur_dashboard_msgs/srv/popup__type_support.cpp.o[0m
[5.309s] [ 23%] [32mBuilding CXX object CMakeFiles/ur_dashboard_msgs__rosidl_typesupport_cpp.dir/rosidl_typesupport_cpp/ur_dashboard_msgs/srv/raw_request__type_support.cpp.o[0m
[5.316s] [ 24%] [32mBuilding CXX object CMakeFiles/ur_dashboard_msgs__rosidl_typesupport_cpp.dir/rosidl_typesupport_cpp/ur_dashboard_msgs/srv/is_in_remote_control__type_support.cpp.o[0m
[5.476s] [ 24%] [32mBuilding CXX object CMakeFiles/ur_dashboard_msgs__rosidl_typesupport_c.dir/rosidl_typesupport_c/ur_dashboard_msgs/msg/program_information__type_support.cpp.o[0m
[5.500s] [ 24%] [32mBuilding CXX object CMakeFiles/ur_dashboard_msgs__rosidl_typesupport_c.dir/rosidl_typesupport_c/ur_dashboard_msgs/msg/program_state__type_support.cpp.o[0m
[5.515s] [ 24%] [32mBuilding CXX object CMakeFiles/ur_dashboard_msgs__rosidl_typesupport_cpp.dir/rosidl_typesupport_cpp/ur_dashboard_msgs/srv/upload_program__type_support.cpp.o[0m
[5.517s] [ 24%] [32mBuilding CXX object CMakeFiles/ur_dashboard_msgs__rosidl_typesupport_cpp.dir/rosidl_typesupport_cpp/ur_dashboard_msgs/srv/get_poly_scope_version__type_support.cpp.o[0m
[5.518s] [ 25%] [32mBuilding CXX object CMakeFiles/ur_dashboard_msgs__rosidl_typesupport_cpp.dir/rosidl_typesupport_cpp/ur_dashboard_msgs/srv/get_serial_number__type_support.cpp.o[0m
[5.531s] [ 25%] [32mBuilding CXX object CMakeFiles/ur_dashboard_msgs__rosidl_typesupport_cpp.dir/rosidl_typesupport_cpp/ur_dashboard_msgs/srv/get_user_role__type_support.cpp.o[0m
[5.538s] [ 26%] [32mBuilding CXX object CMakeFiles/ur_dashboard_msgs__rosidl_typesupport_c.dir/rosidl_typesupport_c/ur_dashboard_msgs/msg/robot_mode__type_support.cpp.o[0m
[5.538s] [ 26%] [32mBuilding CXX object CMakeFiles/ur_dashboard_msgs__rosidl_typesupport_c.dir/rosidl_typesupport_c/ur_dashboard_msgs/msg/safety_mode__type_support.cpp.o[0m
[5.544s] [ 26%] [32mBuilding CXX object CMakeFiles/ur_dashboard_msgs__rosidl_typesupport_c.dir/rosidl_typesupport_c/ur_dashboard_msgs/msg/operational_mode__type_support.cpp.o[0m
[5.578s] [ 26%] [32mBuilding CXX object CMakeFiles/ur_dashboard_msgs__rosidl_typesupport_cpp.dir/rosidl_typesupport_cpp/ur_dashboard_msgs/srv/set_user_role__type_support.cpp.o[0m
[5.578s] [ 27%] [32mBuilding CXX object CMakeFiles/ur_dashboard_msgs__rosidl_typesupport_c.dir/rosidl_typesupport_c/ur_dashboard_msgs/msg/user_role__type_support.cpp.o[0m
[5.587s] [ 28%] [32mBuilding CXX object CMakeFiles/ur_dashboard_msgs__rosidl_typesupport_cpp.dir/rosidl_typesupport_cpp/ur_dashboard_msgs/srv/set_operational_mode__type_support.cpp.o[0m
[5.603s] [ 28%] [32mBuilding CXX object CMakeFiles/ur_dashboard_msgs__rosidl_typesupport_c.dir/rosidl_typesupport_c/ur_dashboard_msgs/msg/version_information__type_support.cpp.o[0m
[5.607s] [ 28%] [32mBuilding CXX object CMakeFiles/ur_dashboard_msgs__rosidl_typesupport_cpp.dir/rosidl_typesupport_cpp/ur_dashboard_msgs/srv/get_operational_mode__type_support.cpp.o[0m
[5.616s] [ 28%] [32mBuilding CXX object CMakeFiles/ur_dashboard_msgs__rosidl_typesupport_cpp.dir/rosidl_typesupport_cpp/ur_dashboard_msgs/srv/get_robot_model__type_support.cpp.o[0m
[5.625s] [ 28%] [32mBuilding CXX object CMakeFiles/ur_dashboard_msgs__rosidl_typesupport_c.dir/rosidl_typesupport_c/ur_dashboard_msgs/msg/safety_status__type_support.cpp.o[0m
[5.637s] [ 28%] [32mBuilding CXX object CMakeFiles/ur_dashboard_msgs__rosidl_typesupport_c.dir/rosidl_typesupport_c/ur_dashboard_msgs/srv/download_program__type_support.cpp.o[0m
[5.637s] [ 29%] [32mBuilding CXX object CMakeFiles/ur_dashboard_msgs__rosidl_typesupport_c.dir/rosidl_typesupport_c/ur_dashboard_msgs/srv/add_to_log__type_support.cpp.o[0m
[5.640s] [ 29%] [32mBuilding CXX object CMakeFiles/ur_dashboard_msgs__rosidl_typesupport_c.dir/rosidl_typesupport_c/ur_dashboard_msgs/srv/download_support_file__type_support.cpp.o[0m
[5.664s] [ 30%] [32mBuilding CXX object CMakeFiles/ur_dashboard_msgs__rosidl_typesupport_c.dir/rosidl_typesupport_c/ur_dashboard_msgs/srv/get_loaded_program__type_support.cpp.o[0m
[5.669s] [ 30%] [32mBuilding CXX object CMakeFiles/ur_dashboard_msgs__rosidl_typesupport_c.dir/rosidl_typesupport_c/ur_dashboard_msgs/srv/get_programs__type_support.cpp.o[0m
[5.676s] [ 31%] [32mBuilding CXX object CMakeFiles/ur_dashboard_msgs__rosidl_typesupport_cpp.dir/rosidl_typesupport_cpp/ur_dashboard_msgs/srv/get_safety_status__type_support.cpp.o[0m
[5.677s] [ 31%] [32mBuilding CXX object CMakeFiles/ur_dashboard_msgs__rosidl_typesupport_c.dir/rosidl_typesupport_c/ur_dashboard_msgs/srv/get_program_state__type_support.cpp.o[0m
[5.692s] [ 32%] [32mBuilding CXX object CMakeFiles/ur_dashboard_msgs__rosidl_typesupport_c.dir/rosidl_typesupport_c/ur_dashboard_msgs/srv/get_robot_mode__type_support.cpp.o[0m
[5.703s] [ 32%] [32mBuilding CXX object CMakeFiles/ur_dashboard_msgs__rosidl_typesupport_c.dir/rosidl_typesupport_c/ur_dashboard_msgs/srv/get_safety_mode__type_support.cpp.o[0m
[5.717s] [ 32%] [32mBuilding CXX object CMakeFiles/ur_dashboard_msgs__rosidl_typesupport_c.dir/rosidl_typesupport_c/ur_dashboard_msgs/srv/is_program_running__type_support.cpp.o[0m
[5.724s] [ 33%] [32mBuilding CXX object CMakeFiles/ur_dashboard_msgs__rosidl_typesupport_c.dir/rosidl_typesupport_c/ur_dashboard_msgs/srv/is_program_saved__type_support.cpp.o[0m
[5.737s] [ 33%] [32mBuilding CXX object CMakeFiles/ur_dashboard_msgs__rosidl_typesupport_cpp.dir/rosidl_typesupport_cpp/ur_dashboard_msgs/srv/generate_flight_report__type_support.cpp.o[0m
[5.760s] [ 33%] [32mBuilding CXX object CMakeFiles/ur_dashboard_msgs__rosidl_typesupport_c.dir/rosidl_typesupport_c/ur_dashboard_msgs/srv/load__type_support.cpp.o[0m
[5.773s] [ 33%] [32mBuilding CXX object CMakeFiles/ur_dashboard_msgs__rosidl_typesupport_cpp.dir/rosidl_typesupport_cpp/ur_dashboard_msgs/srv/generate_support_file__type_support.cpp.o[0m
[5.780s] [ 34%] [32mBuilding CXX object CMakeFiles/ur_dashboard_msgs__rosidl_typesupport_cpp.dir/rosidl_typesupport_cpp/ur_dashboard_msgs/action/set_mode__type_support.cpp.o[0m
[5.798s] [ 34%] [32mBuilding CXX object CMakeFiles/ur_dashboard_msgs__rosidl_typesupport_c.dir/rosidl_typesupport_c/ur_dashboard_msgs/srv/popup__type_support.cpp.o[0m
[5.798s] [ 35%] [32mBuilding CXX object CMakeFiles/ur_dashboard_msgs__rosidl_typesupport_c.dir/rosidl_typesupport_c/ur_dashboard_msgs/srv/raw_request__type_support.cpp.o[0m
[5.813s] [ 35%] [32mBuilding CXX object CMakeFiles/ur_dashboard_msgs__rosidl_typesupport_c.dir/rosidl_typesupport_c/ur_dashboard_msgs/srv/is_in_remote_control__type_support.cpp.o[0m
[5.828s] [ 35%] [32mBuilding CXX object CMakeFiles/ur_dashboard_msgs__rosidl_typesupport_c.dir/rosidl_typesupport_c/ur_dashboard_msgs/srv/upload_program__type_support.cpp.o[0m
[5.832s] [ 35%] [32mBuilding CXX object CMakeFiles/ur_dashboard_msgs__rosidl_typesupport_c.dir/rosidl_typesupport_c/ur_dashboard_msgs/srv/get_serial_number__type_support.cpp.o[0m
[5.835s] [ 36%] [32mBuilding CXX object CMakeFiles/ur_dashboard_msgs__rosidl_typesupport_c.dir/rosidl_typesupport_c/ur_dashboard_msgs/srv/get_poly_scope_version__type_support.cpp.o[0m
[5.844s] [ 36%] [32mBuilding CXX object CMakeFiles/ur_dashboard_msgs__rosidl_typesupport_c.dir/rosidl_typesupport_c/ur_dashboard_msgs/srv/get_user_role__type_support.cpp.o[0m
[5.861s] [ 37%] [32mBuilding CXX object CMakeFiles/ur_dashboard_msgs__rosidl_typesupport_c.dir/rosidl_typesupport_c/ur_dashboard_msgs/srv/set_user_role__type_support.cpp.o[0m
[5.861s] [ 37%] [32mBuilding CXX object CMakeFiles/ur_dashboard_msgs__rosidl_typesupport_c.dir/rosidl_typesupport_c/ur_dashboard_msgs/srv/set_operational_mode__type_support.cpp.o[0m
[5.862s] [ 37%] [32mBuilding CXX object CMakeFiles/ur_dashboard_msgs__rosidl_typesupport_c.dir/rosidl_typesupport_c/ur_dashboard_msgs/srv/get_operational_mode__type_support.cpp.o[0m
[5.877s] [ 38%] [32mBuilding CXX object CMakeFiles/ur_dashboard_msgs__rosidl_typesupport_c.dir/rosidl_typesupport_c/ur_dashboard_msgs/srv/get_robot_model__type_support.cpp.o[0m
[5.877s] [ 38%] [32mBuilding CXX object CMakeFiles/ur_dashboard_msgs__rosidl_typesupport_c.dir/rosidl_typesupport_c/ur_dashboard_msgs/srv/get_safety_status__type_support.cpp.o[0m
[5.886s] [ 38%] [32mBuilding CXX object CMakeFiles/ur_dashboard_msgs__rosidl_typesupport_c.dir/rosidl_typesupport_c/ur_dashboard_msgs/srv/generate_flight_report__type_support.cpp.o[0m
[5.896s] [ 39%] [32mBuilding CXX object CMakeFiles/ur_dashboard_msgs__rosidl_typesupport_c.dir/rosidl_typesupport_c/ur_dashboard_msgs/srv/generate_support_file__type_support.cpp.o[0m
[5.896s] [ 39%] [32mBuilding CXX object CMakeFiles/ur_dashboard_msgs__rosidl_typesupport_c.dir/rosidl_typesupport_c/ur_dashboard_msgs/action/set_mode__type_support.cpp.o[0m
[5.906s] [ 40%] [32mBuilding CXX object CMakeFiles/ur_dashboard_msgs__rosidl_typesupport_introspection_cpp.dir/rosidl_typesupport_introspection_cpp/ur_dashboard_msgs/msg/detail/program_information__type_support.cpp.o[0m
[5.916s] [ 40%] [32mBuilding CXX object CMakeFiles/ur_dashboard_msgs__rosidl_typesupport_introspection_cpp.dir/rosidl_typesupport_introspection_cpp/ur_dashboard_msgs/msg/detail/program_state__type_support.cpp.o[0m
[5.918s] [ 40%] [32mBuilding CXX object CMakeFiles/ur_dashboard_msgs__rosidl_typesupport_introspection_cpp.dir/rosidl_typesupport_introspection_cpp/ur_dashboard_msgs/msg/detail/operational_mode__type_support.cpp.o[0m
[5.918s] [ 40%] [32mBuilding CXX object CMakeFiles/ur_dashboard_msgs__rosidl_typesupport_introspection_cpp.dir/rosidl_typesupport_introspection_cpp/ur_dashboard_msgs/msg/detail/user_role__type_support.cpp.o[0m
[5.920s] [ 41%] [32mBuilding CXX object CMakeFiles/ur_dashboard_msgs__rosidl_typesupport_introspection_cpp.dir/rosidl_typesupport_introspection_cpp/ur_dashboard_msgs/msg/detail/safety_mode__type_support.cpp.o[0m
[5.920s] [ 41%] [32mBuilding CXX object CMakeFiles/ur_dashboard_msgs__rosidl_typesupport_introspection_cpp.dir/rosidl_typesupport_introspection_cpp/ur_dashboard_msgs/msg/detail/robot_mode__type_support.cpp.o[0m
[5.933s] [ 42%] [32mBuilding CXX object CMakeFiles/ur_dashboard_msgs__rosidl_typesupport_introspection_cpp.dir/rosidl_typesupport_introspection_cpp/ur_dashboard_msgs/msg/detail/version_information__type_support.cpp.o[0m
[5.936s] [ 42%] [32mBuilding CXX object CMakeFiles/ur_dashboard_msgs__rosidl_typesupport_introspection_cpp.dir/rosidl_typesupport_introspection_cpp/ur_dashboard_msgs/msg/detail/safety_status__type_support.cpp.o[0m
[5.942s] [ 42%] [32m[1mLinking CXX shared library libur_dashboard_msgs__rosidl_typesupport_c.so[0m
[5.973s] [ 42%] [32mBuilding CXX object CMakeFiles/ur_dashboard_msgs__rosidl_typesupport_introspection_cpp.dir/rosidl_typesupport_introspection_cpp/ur_dashboard_msgs/srv/detail/add_to_log__type_support.cpp.o[0m
[5.998s] [ 42%] Built target ur_dashboard_msgs__rosidl_typesupport_c
[6.006s] [ 43%] [32mBuilding CXX object CMakeFiles/ur_dashboard_msgs__rosidl_typesupport_introspection_cpp.dir/rosidl_typesupport_introspection_cpp/ur_dashboard_msgs/srv/detail/download_program__type_support.cpp.o[0m
[6.011s] [ 43%] [32mBuilding CXX object CMakeFiles/ur_dashboard_msgs__rosidl_typesupport_introspection_cpp.dir/rosidl_typesupport_introspection_cpp/ur_dashboard_msgs/srv/detail/download_support_file__type_support.cpp.o[0m
[6.026s] [ 43%] [32mBuilding CXX object CMakeFiles/ur_dashboard_msgs__rosidl_typesupport_introspection_cpp.dir/rosidl_typesupport_introspection_cpp/ur_dashboard_msgs/srv/detail/get_loaded_program__type_support.cpp.o[0m
[6.261s] [ 43%] [32m[1mLinking CXX shared library libur_dashboard_msgs__rosidl_typesupport_cpp.so[0m
[6.306s] [ 44%] [32mBuilding CXX object CMakeFiles/ur_dashboard_msgs__rosidl_typesupport_introspection_cpp.dir/rosidl_typesupport_introspection_cpp/ur_dashboard_msgs/srv/detail/get_programs__type_support.cpp.o[0m
[6.307s] [ 44%] [32mBuilding CXX object CMakeFiles/ur_dashboard_msgs__rosidl_typesupport_introspection_cpp.dir/rosidl_typesupport_introspection_cpp/ur_dashboard_msgs/srv/detail/get_program_state__type_support.cpp.o[0m
[6.312s] [ 44%] [32mBuilding CXX object CMakeFiles/ur_dashboard_msgs__rosidl_typesupport_introspection_cpp.dir/rosidl_typesupport_introspection_cpp/ur_dashboard_msgs/srv/detail/get_robot_mode__type_support.cpp.o[0m
[6.316s] [ 45%] [32mBuilding CXX object CMakeFiles/ur_dashboard_msgs__rosidl_typesupport_introspection_cpp.dir/rosidl_typesupport_introspection_cpp/ur_dashboard_msgs/srv/detail/get_safety_mode__type_support.cpp.o[0m
[6.322s] [ 45%] [32mBuilding CXX object CMakeFiles/ur_dashboard_msgs__rosidl_typesupport_introspection_cpp.dir/rosidl_typesupport_introspection_cpp/ur_dashboard_msgs/srv/detail/is_program_running__type_support.cpp.o[0m
[6.323s] [ 45%] Built target ur_dashboard_msgs__rosidl_typesupport_cpp
[6.344s] [ 45%] [32mBuilding CXX object CMakeFiles/ur_dashboard_msgs__rosidl_typesupport_introspection_cpp.dir/rosidl_typesupport_introspection_cpp/ur_dashboard_msgs/srv/detail/is_program_saved__type_support.cpp.o[0m
[6.347s] [ 46%] [32mBuilding CXX object CMakeFiles/ur_dashboard_msgs__rosidl_typesupport_fastrtps_cpp.dir/rosidl_typesupport_fastrtps_cpp/ur_dashboard_msgs/msg/detail/dds_fastrtps/program_information__type_support.cpp.o[0m
[6.373s] [ 47%] [32mBuilding CXX object CMakeFiles/ur_dashboard_msgs__rosidl_typesupport_introspection_cpp.dir/rosidl_typesupport_introspection_cpp/ur_dashboard_msgs/srv/detail/load__type_support.cpp.o[0m
[6.376s] [ 47%] [32mBuilding CXX object CMakeFiles/ur_dashboard_msgs__rosidl_typesupport_introspection_cpp.dir/rosidl_typesupport_introspection_cpp/ur_dashboard_msgs/srv/detail/popup__type_support.cpp.o[0m
[6.391s] [ 47%] [32mBuilding CXX object CMakeFiles/ur_dashboard_msgs__rosidl_typesupport_fastrtps_cpp.dir/rosidl_typesupport_fastrtps_cpp/ur_dashboard_msgs/msg/detail/dds_fastrtps/program_state__type_support.cpp.o[0m
[6.398s] [ 47%] [32mBuilding CXX object CMakeFiles/ur_dashboard_msgs__rosidl_typesupport_fastrtps_cpp.dir/rosidl_typesupport_fastrtps_cpp/ur_dashboard_msgs/msg/detail/dds_fastrtps/robot_mode__type_support.cpp.o[0m
[6.400s] [ 48%] [32mBuilding CXX object CMakeFiles/ur_dashboard_msgs__rosidl_typesupport_fastrtps_cpp.dir/rosidl_typesupport_fastrtps_cpp/ur_dashboard_msgs/msg/detail/dds_fastrtps/safety_mode__type_support.cpp.o[0m
[6.412s] [ 48%] [32mBuilding CXX object CMakeFiles/ur_dashboard_msgs__rosidl_typesupport_fastrtps_cpp.dir/rosidl_typesupport_fastrtps_cpp/ur_dashboard_msgs/msg/detail/dds_fastrtps/operational_mode__type_support.cpp.o[0m
[6.421s] [ 48%] [32mBuilding CXX object CMakeFiles/ur_dashboard_msgs__rosidl_typesupport_fastrtps_cpp.dir/rosidl_typesupport_fastrtps_cpp/ur_dashboard_msgs/msg/detail/dds_fastrtps/user_role__type_support.cpp.o[0m
[6.501s] [ 48%] [32mBuilding C object CMakeFiles/ur_dashboard_msgs__rosidl_typesupport_introspection_c.dir/rosidl_typesupport_introspection_c/ur_dashboard_msgs/msg/detail/program_information__type_support.c.o[0m
[6.540s] [ 48%] [32mBuilding C object CMakeFiles/ur_dashboard_msgs__rosidl_typesupport_introspection_c.dir/rosidl_typesupport_introspection_c/ur_dashboard_msgs/msg/detail/program_state__type_support.c.o[0m
[6.576s] [ 49%] [32mBuilding C object CMakeFiles/ur_dashboard_msgs__rosidl_typesupport_introspection_c.dir/rosidl_typesupport_introspection_c/ur_dashboard_msgs/msg/detail/robot_mode__type_support.c.o[0m
[6.612s] [ 49%] [32mBuilding C object CMakeFiles/ur_dashboard_msgs__rosidl_typesupport_introspection_c.dir/rosidl_typesupport_introspection_c/ur_dashboard_msgs/msg/detail/safety_mode__type_support.c.o[0m
[6.645s] [ 49%] [32mBuilding C object CMakeFiles/ur_dashboard_msgs__rosidl_typesupport_introspection_c.dir/rosidl_typesupport_introspection_c/ur_dashboard_msgs/msg/detail/operational_mode__type_support.c.o[0m
[6.681s] [ 50%] [32mBuilding C object CMakeFiles/ur_dashboard_msgs__rosidl_typesupport_introspection_c.dir/rosidl_typesupport_introspection_c/ur_dashboard_msgs/msg/detail/user_role__type_support.c.o[0m
[6.696s] [ 50%] [32mBuilding C object CMakeFiles/ur_dashboard_msgs__rosidl_typesupport_introspection_c.dir/rosidl_typesupport_introspection_c/ur_dashboard_msgs/msg/detail/version_information__type_support.c.o[0m
[6.700s] [ 51%] [32mBuilding CXX object CMakeFiles/ur_dashboard_msgs__rosidl_typesupport_fastrtps_cpp.dir/rosidl_typesupport_fastrtps_cpp/ur_dashboard_msgs/msg/detail/dds_fastrtps/version_information__type_support.cpp.o[0m
[6.705s] [ 51%] [32mBuilding C object CMakeFiles/ur_dashboard_msgs__rosidl_typesupport_introspection_c.dir/rosidl_typesupport_introspection_c/ur_dashboard_msgs/msg/detail/safety_status__type_support.c.o[0m
[6.707s] [ 52%] [32mBuilding C object CMakeFiles/ur_dashboard_msgs__rosidl_typesupport_introspection_c.dir/rosidl_typesupport_introspection_c/ur_dashboard_msgs/srv/detail/add_to_log__type_support.c.o[0m
[6.720s] [ 52%] [32mBuilding CXX object CMakeFiles/ur_dashboard_msgs__rosidl_typesupport_fastrtps_cpp.dir/rosidl_typesupport_fastrtps_cpp/ur_dashboard_msgs/msg/detail/dds_fastrtps/safety_status__type_support.cpp.o[0m
[6.734s] [ 52%] [32mBuilding C object CMakeFiles/ur_dashboard_msgs__rosidl_typesupport_introspection_c.dir/rosidl_typesupport_introspection_c/ur_dashboard_msgs/srv/detail/download_program__type_support.c.o[0m
[6.738s] [ 52%] [32mBuilding C object CMakeFiles/ur_dashboard_msgs__rosidl_typesupport_introspection_c.dir/rosidl_typesupport_introspection_c/ur_dashboard_msgs/srv/detail/download_support_file__type_support.c.o[0m
[6.740s] [ 52%] [32mBuilding CXX object CMakeFiles/ur_dashboard_msgs__rosidl_typesupport_fastrtps_cpp.dir/rosidl_typesupport_fastrtps_cpp/ur_dashboard_msgs/srv/detail/dds_fastrtps/add_to_log__type_support.cpp.o[0m
[6.748s] [ 53%] [32mBuilding CXX object CMakeFiles/ur_dashboard_msgs__rosidl_typesupport_fastrtps_cpp.dir/rosidl_typesupport_fastrtps_cpp/ur_dashboard_msgs/srv/detail/dds_fastrtps/download_program__type_support.cpp.o[0m
[6.757s] [ 53%] [32mBuilding CXX object CMakeFiles/ur_dashboard_msgs__rosidl_typesupport_fastrtps_cpp.dir/rosidl_typesupport_fastrtps_cpp/ur_dashboard_msgs/srv/detail/dds_fastrtps/download_support_file__type_support.cpp.o[0m
[6.763s] [ 53%] [32mBuilding CXX object CMakeFiles/ur_dashboard_msgs__rosidl_typesupport_fastrtps_cpp.dir/rosidl_typesupport_fastrtps_cpp/ur_dashboard_msgs/srv/detail/dds_fastrtps/get_loaded_program__type_support.cpp.o[0m
[6.768s] [ 53%] [32mBuilding CXX object CMakeFiles/ur_dashboard_msgs__rosidl_typesupport_fastrtps_c.dir/rosidl_typesupport_fastrtps_c/ur_dashboard_msgs/msg/detail/program_information__type_support_c.cpp.o[0m
[6.771s] [ 54%] [32mBuilding C object CMakeFiles/ur_dashboard_msgs__rosidl_typesupport_introspection_c.dir/rosidl_typesupport_introspection_c/ur_dashboard_msgs/srv/detail/get_loaded_program__type_support.c.o[0m
[6.775s] [ 54%] [32mBuilding CXX object CMakeFiles/ur_dashboard_msgs__rosidl_typesupport_fastrtps_c.dir/rosidl_typesupport_fastrtps_c/ur_dashboard_msgs/msg/detail/program_state__type_support_c.cpp.o[0m
[6.779s] [ 55%] [32mBuilding CXX object CMakeFiles/ur_dashboard_msgs__rosidl_typesupport_fastrtps_c.dir/rosidl_typesupport_fastrtps_c/ur_dashboard_msgs/msg/detail/robot_mode__type_support_c.cpp.o[0m
[6.788s] [ 55%] [32mBuilding C object CMakeFiles/ur_dashboard_msgs__rosidl_typesupport_introspection_c.dir/rosidl_typesupport_introspection_c/ur_dashboard_msgs/srv/detail/get_programs__type_support.c.o[0m
[6.788s] [ 55%] [32mBuilding C object CMakeFiles/ur_dashboard_msgs__rosidl_typesupport_introspection_c.dir/rosidl_typesupport_introspection_c/ur_dashboard_msgs/srv/detail/get_program_state__type_support.c.o[0m
[6.793s] [ 55%] [32mBuilding CXX object CMakeFiles/ur_dashboard_msgs__rosidl_typesupport_introspection_cpp.dir/rosidl_typesupport_introspection_cpp/ur_dashboard_msgs/srv/detail/raw_request__type_support.cpp.o[0m
[6.811s] [ 56%] [32mBuilding CXX object CMakeFiles/ur_dashboard_msgs__rosidl_typesupport_introspection_cpp.dir/rosidl_typesupport_introspection_cpp/ur_dashboard_msgs/srv/detail/is_in_remote_control__type_support.cpp.o[0m
[6.820s] [ 57%] [32mBuilding C object CMakeFiles/ur_dashboard_msgs__rosidl_typesupport_introspection_c.dir/rosidl_typesupport_introspection_c/ur_dashboard_msgs/srv/detail/get_robot_mode__type_support.c.o[0m
[6.820s] [ 57%] [32mBuilding CXX object CMakeFiles/ur_dashboard_msgs__rosidl_typesupport_introspection_cpp.dir/rosidl_typesupport_introspection_cpp/ur_dashboard_msgs/srv/detail/upload_program__type_support.cpp.o[0m
[6.843s] [ 57%] [32mBuilding C object CMakeFiles/ur_dashboard_msgs__rosidl_typesupport_introspection_c.dir/rosidl_typesupport_introspection_c/ur_dashboard_msgs/srv/detail/get_safety_mode__type_support.c.o[0m
[6.867s] [ 57%] [32mBuilding C object CMakeFiles/ur_dashboard_msgs__rosidl_typesupport_introspection_c.dir/rosidl_typesupport_introspection_c/ur_dashboard_msgs/srv/detail/is_program_running__type_support.c.o[0m
[6.887s] [ 57%] [32mBuilding CXX object CMakeFiles/ur_dashboard_msgs__rosidl_typesupport_fastrtps_c.dir/rosidl_typesupport_fastrtps_c/ur_dashboard_msgs/msg/detail/safety_mode__type_support_c.cpp.o[0m
[6.900s] [ 58%] [32mBuilding C object CMakeFiles/ur_dashboard_msgs__rosidl_typesupport_introspection_c.dir/rosidl_typesupport_introspection_c/ur_dashboard_msgs/srv/detail/is_program_saved__type_support.c.o[0m
[6.913s] [ 59%] [32mBuilding CXX object CMakeFiles/ur_dashboard_msgs__rosidl_typesupport_fastrtps_cpp.dir/rosidl_typesupport_fastrtps_cpp/ur_dashboard_msgs/srv/detail/dds_fastrtps/get_programs__type_support.cpp.o[0m
[6.934s] [ 59%] [32mBuilding C object CMakeFiles/ur_dashboard_msgs__rosidl_typesupport_introspection_c.dir/rosidl_typesupport_introspection_c/ur_dashboard_msgs/srv/detail/load__type_support.c.o[0m
[6.937s] [ 59%] [32mBuilding CXX object CMakeFiles/ur_dashboard_msgs__rosidl_typesupport_fastrtps_cpp.dir/rosidl_typesupport_fastrtps_cpp/ur_dashboard_msgs/srv/detail/dds_fastrtps/get_program_state__type_support.cpp.o[0m
[6.973s] [ 59%] [32mBuilding C object CMakeFiles/ur_dashboard_msgs__rosidl_typesupport_introspection_c.dir/rosidl_typesupport_introspection_c/ur_dashboard_msgs/srv/detail/popup__type_support.c.o[0m
[7.010s] [ 60%] [32mBuilding C object CMakeFiles/ur_dashboard_msgs__rosidl_typesupport_introspection_c.dir/rosidl_typesupport_introspection_c/ur_dashboard_msgs/srv/detail/raw_request__type_support.c.o[0m
[7.049s] [ 60%] [32mBuilding C object CMakeFiles/ur_dashboard_msgs__rosidl_typesupport_introspection_c.dir/rosidl_typesupport_introspection_c/ur_dashboard_msgs/srv/detail/is_in_remote_control__type_support.c.o[0m
[7.084s] [ 60%] [32mBuilding CXX object CMakeFiles/ur_dashboard_msgs__rosidl_typesupport_introspection_cpp.dir/rosidl_typesupport_introspection_cpp/ur_dashboard_msgs/srv/detail/get_poly_scope_version__type_support.cpp.o[0m
[7.087s] [ 60%] [32mBuilding C object CMakeFiles/ur_dashboard_msgs__rosidl_typesupport_introspection_c.dir/rosidl_typesupport_introspection_c/ur_dashboard_msgs/srv/detail/upload_program__type_support.c.o[0m
[7.091s] [ 61%] [32mBuilding CXX object CMakeFiles/ur_dashboard_msgs__rosidl_typesupport_introspection_cpp.dir/rosidl_typesupport_introspection_cpp/ur_dashboard_msgs/srv/detail/get_serial_number__type_support.cpp.o[0m
[7.110s] [ 61%] [32mBuilding CXX object CMakeFiles/ur_dashboard_msgs__rosidl_typesupport_introspection_cpp.dir/rosidl_typesupport_introspection_cpp/ur_dashboard_msgs/srv/detail/get_user_role__type_support.cpp.o[0m
[7.111s] [ 62%] [32mBuilding CXX object CMakeFiles/ur_dashboard_msgs__rosidl_typesupport_fastrtps_cpp.dir/rosidl_typesupport_fastrtps_cpp/ur_dashboard_msgs/srv/detail/dds_fastrtps/get_robot_mode__type_support.cpp.o[0m
[7.111s] [ 62%] [32mBuilding C object CMakeFiles/ur_dashboard_msgs__rosidl_typesupport_introspection_c.dir/rosidl_typesupport_introspection_c/ur_dashboard_msgs/srv/detail/get_poly_scope_version__type_support.c.o[0m
[7.130s] [ 62%] [32mBuilding CXX object CMakeFiles/ur_dashboard_msgs__rosidl_typesupport_introspection_cpp.dir/rosidl_typesupport_introspection_cpp/ur_dashboard_msgs/srv/detail/set_user_role__type_support.cpp.o[0m
[7.149s] [ 62%] [32mBuilding C object CMakeFiles/ur_dashboard_msgs__rosidl_typesupport_introspection_c.dir/rosidl_typesupport_introspection_c/ur_dashboard_msgs/srv/detail/get_serial_number__type_support.c.o[0m
[7.159s] [ 62%] [32mBuilding CXX object CMakeFiles/ur_dashboard_msgs__rosidl_typesupport_fastrtps_c.dir/rosidl_typesupport_fastrtps_c/ur_dashboard_msgs/msg/detail/operational_mode__type_support_c.cpp.o[0m
[7.169s] [ 63%] [32mBuilding CXX object CMakeFiles/ur_dashboard_msgs__rosidl_typesupport_introspection_cpp.dir/rosidl_typesupport_introspection_cpp/ur_dashboard_msgs/srv/detail/set_operational_mode__type_support.cpp.o[0m
[7.183s] [ 63%] [32mBuilding C object CMakeFiles/ur_dashboard_msgs__rosidl_typesupport_introspection_c.dir/rosidl_typesupport_introspection_c/ur_dashboard_msgs/srv/detail/get_user_role__type_support.c.o[0m
[7.194s] [ 64%] [32mBuilding CXX object CMakeFiles/ur_dashboard_msgs__rosidl_typesupport_fastrtps_c.dir/rosidl_typesupport_fastrtps_c/ur_dashboard_msgs/msg/detail/user_role__type_support_c.cpp.o[0m
[7.200s] [ 65%] [32mBuilding CXX object CMakeFiles/ur_dashboard_msgs__rosidl_typesupport_fastrtps_cpp.dir/rosidl_typesupport_fastrtps_cpp/ur_dashboard_msgs/srv/detail/dds_fastrtps/get_safety_mode__type_support.cpp.o[0m
[7.220s] [ 66%] [32mBuilding CXX object CMakeFiles/ur_dashboard_msgs__rosidl_typesupport_fastrtps_c.dir/rosidl_typesupport_fastrtps_c/ur_dashboard_msgs/msg/detail/version_information__type_support_c.cpp.o[0m
[7.221s] [ 66%] [32mBuilding C object CMakeFiles/ur_dashboard_msgs__rosidl_typesupport_introspection_c.dir/rosidl_typesupport_introspection_c/ur_dashboard_msgs/srv/detail/set_user_role__type_support.c.o[0m
[7.253s] [ 66%] [32mBuilding C object CMakeFiles/ur_dashboard_msgs__rosidl_typesupport_introspection_c.dir/rosidl_typesupport_introspection_c/ur_dashboard_msgs/srv/detail/set_operational_mode__type_support.c.o[0m
[7.259s] [ 66%] [32mBuilding CXX object CMakeFiles/ur_dashboard_msgs__rosidl_typesupport_fastrtps_cpp.dir/rosidl_typesupport_fastrtps_cpp/ur_dashboard_msgs/srv/detail/dds_fastrtps/is_program_running__type_support.cpp.o[0m
[7.265s] [ 66%] [32mBuilding CXX object CMakeFiles/ur_dashboard_msgs__rosidl_typesupport_fastrtps_c.dir/rosidl_typesupport_fastrtps_c/ur_dashboard_msgs/msg/detail/safety_status__type_support_c.cpp.o[0m
[7.289s] [ 66%] [32mBuilding CXX object CMakeFiles/ur_dashboard_msgs__rosidl_typesupport_introspection_cpp.dir/rosidl_typesupport_introspection_cpp/ur_dashboard_msgs/srv/detail/get_operational_mode__type_support.cpp.o[0m
[7.289s] [ 66%] [32mBuilding C object CMakeFiles/ur_dashboard_msgs__rosidl_typesupport_introspection_c.dir/rosidl_typesupport_introspection_c/ur_dashboard_msgs/srv/detail/get_operational_mode__type_support.c.o[0m
[7.325s] [ 67%] [32mBuilding C object CMakeFiles/ur_dashboard_msgs__rosidl_typesupport_introspection_c.dir/rosidl_typesupport_introspection_c/ur_dashboard_msgs/srv/detail/get_robot_model__type_support.c.o[0m
[7.365s] [ 67%] [32mBuilding C object CMakeFiles/ur_dashboard_msgs__rosidl_typesupport_introspection_c.dir/rosidl_typesupport_introspection_c/ur_dashboard_msgs/srv/detail/get_safety_status__type_support.c.o[0m
[7.376s] [ 68%] [32mBuilding CXX object CMakeFiles/ur_dashboard_msgs__rosidl_typesupport_fastrtps_c.dir/rosidl_typesupport_fastrtps_c/ur_dashboard_msgs/srv/detail/add_to_log__type_support_c.cpp.o[0m
[7.407s] [ 68%] [32mBuilding C object CMakeFiles/ur_dashboard_msgs__rosidl_typesupport_introspection_c.dir/rosidl_typesupport_introspection_c/ur_dashboard_msgs/srv/detail/generate_flight_report__type_support.c.o[0m
[7.449s] [ 69%] [32mBuilding C object CMakeFiles/ur_dashboard_msgs__rosidl_typesupport_introspection_c.dir/rosidl_typesupport_introspection_c/ur_dashboard_msgs/srv/detail/generate_support_file__type_support.c.o[0m
[7.455s] [ 69%] [32mBuilding CXX object CMakeFiles/ur_dashboard_msgs__rosidl_typesupport_fastrtps_c.dir/rosidl_typesupport_fastrtps_c/ur_dashboard_msgs/srv/detail/download_program__type_support_c.cpp.o[0m
[7.477s] [ 69%] [32mBuilding CXX object CMakeFiles/ur_dashboard_msgs__rosidl_typesupport_fastrtps_cpp.dir/rosidl_typesupport_fastrtps_cpp/ur_dashboard_msgs/srv/detail/dds_fastrtps/is_program_saved__type_support.cpp.o[0m
[7.490s] [ 69%] [32mBuilding CXX object CMakeFiles/ur_dashboard_msgs__rosidl_typesupport_introspection_cpp.dir/rosidl_typesupport_introspection_cpp/ur_dashboard_msgs/srv/detail/get_robot_model__type_support.cpp.o[0m
[7.490s] [ 69%] [32mBuilding C object CMakeFiles/ur_dashboard_msgs__rosidl_typesupport_introspection_c.dir/rosidl_typesupport_introspection_c/ur_dashboard_msgs/action/detail/set_mode__type_support.c.o[0m
[7.496s] [ 70%] [32mBuilding CXX object CMakeFiles/ur_dashboard_msgs__rosidl_typesupport_introspection_cpp.dir/rosidl_typesupport_introspection_cpp/ur_dashboard_msgs/srv/detail/get_safety_status__type_support.cpp.o[0m
[7.521s] [ 70%] [32mBuilding CXX object CMakeFiles/ur_dashboard_msgs__rosidl_typesupport_introspection_cpp.dir/rosidl_typesupport_introspection_cpp/ur_dashboard_msgs/srv/detail/generate_flight_report__type_support.cpp.o[0m
[7.529s] [ 70%] [32mBuilding CXX object CMakeFiles/ur_dashboard_msgs__rosidl_typesupport_fastrtps_c.dir/rosidl_typesupport_fastrtps_c/ur_dashboard_msgs/srv/detail/download_support_file__type_support_c.cpp.o[0m
[7.535s] [ 70%] [32m[1mLinking C shared library libur_dashboard_msgs__rosidl_typesupport_introspection_c.so[0m
[7.537s] [ 70%] [32mBuilding CXX object CMakeFiles/ur_dashboard_msgs__rosidl_typesupport_introspection_cpp.dir/rosidl_typesupport_introspection_cpp/ur_dashboard_msgs/srv/detail/generate_support_file__type_support.cpp.o[0m
[7.553s] [ 71%] [32mBuilding CXX object CMakeFiles/ur_dashboard_msgs__rosidl_typesupport_fastrtps_cpp.dir/rosidl_typesupport_fastrtps_cpp/ur_dashboard_msgs/srv/detail/dds_fastrtps/load__type_support.cpp.o[0m
[7.554s] [ 71%] [32mBuilding CXX object CMakeFiles/ur_dashboard_msgs__rosidl_typesupport_fastrtps_cpp.dir/rosidl_typesupport_fastrtps_cpp/ur_dashboard_msgs/srv/detail/dds_fastrtps/popup__type_support.cpp.o[0m
[7.575s] [ 72%] [32mBuilding CXX object CMakeFiles/ur_dashboard_msgs__rosidl_typesupport_fastrtps_cpp.dir/rosidl_typesupport_fastrtps_cpp/ur_dashboard_msgs/srv/detail/dds_fastrtps/raw_request__type_support.cpp.o[0m
[7.575s] [ 72%] [32mBuilding CXX object CMakeFiles/ur_dashboard_msgs__rosidl_typesupport_fastrtps_c.dir/rosidl_typesupport_fastrtps_c/ur_dashboard_msgs/srv/detail/get_loaded_program__type_support_c.cpp.o[0m
[7.578s] [ 72%] Built target ur_dashboard_msgs__rosidl_typesupport_introspection_c
[7.584s] [ 72%] [32mBuilding CXX object CMakeFiles/ur_dashboard_msgs__rosidl_typesupport_fastrtps_c.dir/rosidl_typesupport_fastrtps_c/ur_dashboard_msgs/srv/detail/get_programs__type_support_c.cpp.o[0m
[7.638s] [ 72%] [32mBuilding CXX object CMakeFiles/ur_dashboard_msgs__rosidl_typesupport_fastrtps_c.dir/rosidl_typesupport_fastrtps_c/ur_dashboard_msgs/srv/detail/get_program_state__type_support_c.cpp.o[0m
[7.648s] [ 73%] [32mBuilding CXX object CMakeFiles/ur_dashboard_msgs__rosidl_typesupport_fastrtps_c.dir/rosidl_typesupport_fastrtps_c/ur_dashboard_msgs/srv/detail/get_robot_mode__type_support_c.cpp.o[0m
[7.770s] [ 73%] [32mBuilding CXX object CMakeFiles/ur_dashboard_msgs__rosidl_typesupport_fastrtps_c.dir/rosidl_typesupport_fastrtps_c/ur_dashboard_msgs/srv/detail/get_safety_mode__type_support_c.cpp.o[0m
[7.810s] [ 73%] [32mBuilding CXX object CMakeFiles/ur_dashboard_msgs__rosidl_typesupport_fastrtps_c.dir/rosidl_typesupport_fastrtps_c/ur_dashboard_msgs/srv/detail/is_program_running__type_support_c.cpp.o[0m
[7.870s] [ 74%] [32mBuilding CXX object CMakeFiles/ur_dashboard_msgs__rosidl_typesupport_fastrtps_c.dir/rosidl_typesupport_fastrtps_c/ur_dashboard_msgs/srv/detail/is_program_saved__type_support_c.cpp.o[0m
[7.878s] [ 74%] [32mBuilding CXX object CMakeFiles/ur_dashboard_msgs__rosidl_typesupport_fastrtps_c.dir/rosidl_typesupport_fastrtps_c/ur_dashboard_msgs/srv/detail/load__type_support_c.cpp.o[0m
[7.878s] [ 75%] [32mBuilding CXX object CMakeFiles/ur_dashboard_msgs__rosidl_typesupport_fastrtps_cpp.dir/rosidl_typesupport_fastrtps_cpp/ur_dashboard_msgs/srv/detail/dds_fastrtps/is_in_remote_control__type_support.cpp.o[0m
[7.886s] [ 75%] [32mBuilding CXX object CMakeFiles/ur_dashboard_msgs__rosidl_typesupport_fastrtps_cpp.dir/rosidl_typesupport_fastrtps_cpp/ur_dashboard_msgs/srv/detail/dds_fastrtps/upload_program__type_support.cpp.o[0m
[7.888s] [ 76%] [32mBuilding CXX object CMakeFiles/ur_dashboard_msgs__rosidl_typesupport_introspection_cpp.dir/rosidl_typesupport_introspection_cpp/ur_dashboard_msgs/action/detail/set_mode__type_support.cpp.o[0m
[7.899s] [ 76%] [32mBuilding CXX object CMakeFiles/ur_dashboard_msgs__rosidl_typesupport_fastrtps_cpp.dir/rosidl_typesupport_fastrtps_cpp/ur_dashboard_msgs/srv/detail/dds_fastrtps/get_poly_scope_version__type_support.cpp.o[0m
[7.922s] [ 77%] [32mBuilding CXX object CMakeFiles/ur_dashboard_msgs__rosidl_typesupport_fastrtps_cpp.dir/rosidl_typesupport_fastrtps_cpp/ur_dashboard_msgs/srv/detail/dds_fastrtps/get_serial_number__type_support.cpp.o[0m
[7.937s] [ 77%] [32mBuilding CXX object CMakeFiles/ur_dashboard_msgs__rosidl_typesupport_fastrtps_c.dir/rosidl_typesupport_fastrtps_c/ur_dashboard_msgs/srv/detail/popup__type_support_c.cpp.o[0m
[7.962s] [ 78%] [32mBuilding CXX object CMakeFiles/ur_dashboard_msgs__rosidl_typesupport_fastrtps_cpp.dir/rosidl_typesupport_fastrtps_cpp/ur_dashboard_msgs/srv/detail/dds_fastrtps/get_user_role__type_support.cpp.o[0m
[7.963s] [ 78%] [32mBuilding CXX object CMakeFiles/ur_dashboard_msgs__rosidl_typesupport_fastrtps_c.dir/rosidl_typesupport_fastrtps_c/ur_dashboard_msgs/srv/detail/raw_request__type_support_c.cpp.o[0m
[7.996s] [ 78%] [32mBuilding CXX object CMakeFiles/ur_dashboard_msgs__rosidl_typesupport_fastrtps_cpp.dir/rosidl_typesupport_fastrtps_cpp/ur_dashboard_msgs/srv/detail/dds_fastrtps/set_user_role__type_support.cpp.o[0m
[8.009s] [ 78%] [32mBuilding CXX object CMakeFiles/ur_dashboard_msgs__rosidl_typesupport_fastrtps_c.dir/rosidl_typesupport_fastrtps_c/ur_dashboard_msgs/srv/detail/is_in_remote_control__type_support_c.cpp.o[0m
[8.009s] [ 78%] [32mBuilding CXX object CMakeFiles/ur_dashboard_msgs__rosidl_typesupport_fastrtps_c.dir/rosidl_typesupport_fastrtps_c/ur_dashboard_msgs/srv/detail/upload_program__type_support_c.cpp.o[0m
[8.070s] [ 79%] [32mBuilding CXX object CMakeFiles/ur_dashboard_msgs__rosidl_typesupport_fastrtps_cpp.dir/rosidl_typesupport_fastrtps_cpp/ur_dashboard_msgs/srv/detail/dds_fastrtps/set_operational_mode__type_support.cpp.o[0m
[8.155s] [ 79%] [32mBuilding CXX object CMakeFiles/ur_dashboard_msgs__rosidl_typesupport_fastrtps_cpp.dir/rosidl_typesupport_fastrtps_cpp/ur_dashboard_msgs/srv/detail/dds_fastrtps/get_operational_mode__type_support.cpp.o[0m
[8.221s] [ 79%] [32mBuilding CXX object CMakeFiles/ur_dashboard_msgs__rosidl_typesupport_fastrtps_cpp.dir/rosidl_typesupport_fastrtps_cpp/ur_dashboard_msgs/srv/detail/dds_fastrtps/get_robot_model__type_support.cpp.o[0m
[8.228s] [ 80%] [32mBuilding CXX object CMakeFiles/ur_dashboard_msgs__rosidl_typesupport_fastrtps_cpp.dir/rosidl_typesupport_fastrtps_cpp/ur_dashboard_msgs/srv/detail/dds_fastrtps/get_safety_status__type_support.cpp.o[0m
[8.245s] [ 80%] [32mBuilding CXX object CMakeFiles/ur_dashboard_msgs__rosidl_typesupport_fastrtps_cpp.dir/rosidl_typesupport_fastrtps_cpp/ur_dashboard_msgs/srv/detail/dds_fastrtps/generate_flight_report__type_support.cpp.o[0m
[8.282s] [ 80%] [32mBuilding CXX object CMakeFiles/ur_dashboard_msgs__rosidl_typesupport_fastrtps_cpp.dir/rosidl_typesupport_fastrtps_cpp/ur_dashboard_msgs/srv/detail/dds_fastrtps/generate_support_file__type_support.cpp.o[0m
[8.286s] [ 81%] [32mBuilding CXX object CMakeFiles/ur_dashboard_msgs__rosidl_typesupport_fastrtps_c.dir/rosidl_typesupport_fastrtps_c/ur_dashboard_msgs/srv/detail/get_poly_scope_version__type_support_c.cpp.o[0m
[8.295s] [ 82%] [32mBuilding CXX object CMakeFiles/ur_dashboard_msgs__rosidl_typesupport_fastrtps_cpp.dir/rosidl_typesupport_fastrtps_cpp/ur_dashboard_msgs/action/detail/dds_fastrtps/set_mode__type_support.cpp.o[0m
[8.311s] [ 82%] [32mBuilding CXX object CMakeFiles/ur_dashboard_msgs__rosidl_typesupport_fastrtps_c.dir/rosidl_typesupport_fastrtps_c/ur_dashboard_msgs/srv/detail/get_serial_number__type_support_c.cpp.o[0m
[8.311s] [ 82%] [32mBuilding CXX object CMakeFiles/ur_dashboard_msgs__rosidl_typesupport_fastrtps_c.dir/rosidl_typesupport_fastrtps_c/ur_dashboard_msgs/srv/detail/get_user_role__type_support_c.cpp.o[0m
[8.342s] [ 83%] [32mBuilding CXX object CMakeFiles/ur_dashboard_msgs__rosidl_typesupport_fastrtps_c.dir/rosidl_typesupport_fastrtps_c/ur_dashboard_msgs/srv/detail/set_user_role__type_support_c.cpp.o[0m
[8.350s] [ 83%] [32mBuilding CXX object CMakeFiles/ur_dashboard_msgs__rosidl_typesupport_fastrtps_c.dir/rosidl_typesupport_fastrtps_c/ur_dashboard_msgs/srv/detail/set_operational_mode__type_support_c.cpp.o[0m
[8.372s] [ 83%] [32mBuilding CXX object CMakeFiles/ur_dashboard_msgs__rosidl_typesupport_fastrtps_c.dir/rosidl_typesupport_fastrtps_c/ur_dashboard_msgs/srv/detail/get_operational_mode__type_support_c.cpp.o[0m
[8.455s] [ 84%] [32mBuilding CXX object CMakeFiles/ur_dashboard_msgs__rosidl_typesupport_fastrtps_c.dir/rosidl_typesupport_fastrtps_c/ur_dashboard_msgs/srv/detail/get_robot_model__type_support_c.cpp.o[0m
[8.505s] [ 84%] [32mBuilding CXX object CMakeFiles/ur_dashboard_msgs__rosidl_typesupport_fastrtps_c.dir/rosidl_typesupport_fastrtps_c/ur_dashboard_msgs/srv/detail/get_safety_status__type_support_c.cpp.o[0m
[8.510s] [ 84%] [32mBuilding CXX object CMakeFiles/ur_dashboard_msgs__rosidl_typesupport_fastrtps_c.dir/rosidl_typesupport_fastrtps_c/ur_dashboard_msgs/srv/detail/generate_flight_report__type_support_c.cpp.o[0m
[8.565s] [ 85%] [32mBuilding CXX object CMakeFiles/ur_dashboard_msgs__rosidl_typesupport_fastrtps_c.dir/rosidl_typesupport_fastrtps_c/ur_dashboard_msgs/srv/detail/generate_support_file__type_support_c.cpp.o[0m
[8.566s] [ 85%] [32m[1mLinking CXX shared library libur_dashboard_msgs__rosidl_typesupport_introspection_cpp.so[0m
[8.628s] [ 85%] [32mBuilding CXX object CMakeFiles/ur_dashboard_msgs__rosidl_typesupport_fastrtps_c.dir/rosidl_typesupport_fastrtps_c/ur_dashboard_msgs/action/detail/set_mode__type_support_c.cpp.o[0m
[8.672s] [ 85%] Built target ur_dashboard_msgs__rosidl_typesupport_introspection_cpp
[8.791s] [ 85%] [32m[1mLinking CXX shared library libur_dashboard_msgs__rosidl_typesupport_fastrtps_cpp.so[0m
[8.859s] [ 85%] Built target ur_dashboard_msgs__rosidl_typesupport_fastrtps_cpp
[8.881s] [ 85%] [32m[1mLinking CXX shared library libur_dashboard_msgs__rosidl_typesupport_fastrtps_c.so[0m
[8.955s] [ 85%] Built target ur_dashboard_msgs__rosidl_typesupport_fastrtps_c
[8.977s] [ 85%] Built target ur_dashboard_msgs
[9.002s] [ 85%] [34m[1mGenerating Python code for ROS interfaces[0m
[12.363s] [ 85%] Built target ur_dashboard_msgs__py
[12.394s] [ 85%] [32mBuilding C object CMakeFiles/ur_dashboard_msgs__rosidl_generator_py.dir/rosidl_generator_py/ur_dashboard_msgs/msg/_robot_mode_s.c.o[0m
[12.394s] [ 86%] [32mBuilding C object CMakeFiles/ur_dashboard_msgs__rosidl_generator_py.dir/rosidl_generator_py/ur_dashboard_msgs/msg/_safety_mode_s.c.o[0m
[12.394s] [ 86%] [32mBuilding C object CMakeFiles/ur_dashboard_msgs__rosidl_generator_py.dir/rosidl_generator_py/ur_dashboard_msgs/msg/_operational_mode_s.c.o[0m
[12.395s] [ 87%] [32mBuilding C object CMakeFiles/ur_dashboard_msgs__rosidl_generator_py.dir/rosidl_generator_py/ur_dashboard_msgs/msg/_version_information_s.c.o[0m
[12.395s] [ 87%] [32mBuilding C object CMakeFiles/ur_dashboard_msgs__rosidl_generator_py.dir/rosidl_generator_py/ur_dashboard_msgs/msg/_user_role_s.c.o[0m
[12.395s] [ 87%] [32mBuilding C object CMakeFiles/ur_dashboard_msgs__rosidl_generator_py.dir/rosidl_generator_py/ur_dashboard_msgs/msg/_safety_status_s.c.o[0m
[12.395s] [ 88%] [32mBuilding C object CMakeFiles/ur_dashboard_msgs__rosidl_generator_py.dir/rosidl_generator_py/ur_dashboard_msgs/msg/_program_information_s.c.o[0m
[12.395s] [ 88%] [32mBuilding C object CMakeFiles/ur_dashboard_msgs__rosidl_generator_py.dir/rosidl_generator_py/ur_dashboard_msgs/msg/_program_state_s.c.o[0m
[12.396s] [ 89%] [32mBuilding C object CMakeFiles/ur_dashboard_msgs__rosidl_generator_py.dir/rosidl_generator_py/ur_dashboard_msgs/srv/_download_program_s.c.o[0m
[12.396s] [ 89%] [32mBuilding C object CMakeFiles/ur_dashboard_msgs__rosidl_generator_py.dir/rosidl_generator_py/ur_dashboard_msgs/srv/_download_support_file_s.c.o[0m
[12.397s] [ 89%] [32mBuilding C object CMakeFiles/ur_dashboard_msgs__rosidl_generator_py.dir/rosidl_generator_py/ur_dashboard_msgs/srv/_get_loaded_program_s.c.o[0m
[12.397s] [ 89%] [32mBuilding C object CMakeFiles/ur_dashboard_msgs__rosidl_generator_py.dir/rosidl_generator_py/ur_dashboard_msgs/srv/_get_program_state_s.c.o[0m
[12.398s] [ 89%] [32mBuilding C object CMakeFiles/ur_dashboard_msgs__rosidl_generator_py.dir/rosidl_generator_py/ur_dashboard_msgs/srv/_get_robot_mode_s.c.o[0m
[12.400s] [ 90%] [32mBuilding C object CMakeFiles/ur_dashboard_msgs__rosidl_generator_py.dir/rosidl_generator_py/ur_dashboard_msgs/srv/_get_safety_mode_s.c.o[0m
[12.400s] [ 90%] [32mBuilding C object CMakeFiles/ur_dashboard_msgs__rosidl_generator_py.dir/rosidl_generator_py/ur_dashboard_msgs/srv/_add_to_log_s.c.o[0m
[12.402s] [ 91%] [32mBuilding C object CMakeFiles/ur_dashboard_msgs__rosidl_generator_py.dir/rosidl_generator_py/ur_dashboard_msgs/srv/_get_programs_s.c.o[0m
[12.522s] [ 91%] [32mBuilding C object CMakeFiles/ur_dashboard_msgs__rosidl_generator_py.dir/rosidl_generator_py/ur_dashboard_msgs/srv/_is_program_saved_s.c.o[0m
[12.523s] [ 92%] [32mBuilding C object CMakeFiles/ur_dashboard_msgs__rosidl_generator_py.dir/rosidl_generator_py/ur_dashboard_msgs/srv/_load_s.c.o[0m
[12.524s] [ 92%] [32mBuilding C object CMakeFiles/ur_dashboard_msgs__rosidl_generator_py.dir/rosidl_generator_py/ur_dashboard_msgs/srv/_is_program_running_s.c.o[0m
[12.525s] [ 92%] [32mBuilding C object CMakeFiles/ur_dashboard_msgs__rosidl_generator_py.dir/rosidl_generator_py/ur_dashboard_msgs/srv/_raw_request_s.c.o[0m
[12.525s] [ 92%] [32mBuilding C object CMakeFiles/ur_dashboard_msgs__rosidl_generator_py.dir/rosidl_generator_py/ur_dashboard_msgs/srv/_popup_s.c.o[0m
[12.530s] [ 92%] [32mBuilding C object CMakeFiles/ur_dashboard_msgs__rosidl_generator_py.dir/rosidl_generator_py/ur_dashboard_msgs/srv/_upload_program_s.c.o[0m
[12.531s] [ 93%] [32mBuilding C object CMakeFiles/ur_dashboard_msgs__rosidl_generator_py.dir/rosidl_generator_py/ur_dashboard_msgs/srv/_get_user_role_s.c.o[0m
[12.531s] [ 93%] [32mBuilding C object CMakeFiles/ur_dashboard_msgs__rosidl_generator_py.dir/rosidl_generator_py/ur_dashboard_msgs/srv/_is_in_remote_control_s.c.o[0m
[12.533s] [ 94%] [32mBuilding C object CMakeFiles/ur_dashboard_msgs__rosidl_generator_py.dir/rosidl_generator_py/ur_dashboard_msgs/srv/_get_poly_scope_version_s.c.o[0m
[12.533s] [ 94%] [32mBuilding C object CMakeFiles/ur_dashboard_msgs__rosidl_generator_py.dir/rosidl_generator_py/ur_dashboard_msgs/srv/_get_serial_number_s.c.o[0m
[12.533s] [ 94%] [32mBuilding C object CMakeFiles/ur_dashboard_msgs__rosidl_generator_py.dir/rosidl_generator_py/ur_dashboard_msgs/srv/_get_operational_mode_s.c.o[0m
[12.534s] [ 95%] [32mBuilding C object CMakeFiles/ur_dashboard_msgs__rosidl_generator_py.dir/rosidl_generator_py/ur_dashboard_msgs/srv/_set_operational_mode_s.c.o[0m
[12.540s] [ 95%] [32mBuilding C object CMakeFiles/ur_dashboard_msgs__rosidl_generator_py.dir/rosidl_generator_py/ur_dashboard_msgs/srv/_get_robot_model_s.c.o[0m
[12.541s] [ 95%] [32mBuilding C object CMakeFiles/ur_dashboard_msgs__rosidl_generator_py.dir/rosidl_generator_py/ur_dashboard_msgs/srv/_set_user_role_s.c.o[0m
[12.541s] [ 96%] [32mBuilding C object CMakeFiles/ur_dashboard_msgs__rosidl_generator_py.dir/rosidl_generator_py/ur_dashboard_msgs/srv/_get_safety_status_s.c.o[0m
[12.547s] [ 96%] [32mBuilding C object CMakeFiles/ur_dashboard_msgs__rosidl_generator_py.dir/rosidl_generator_py/ur_dashboard_msgs/srv/_generate_flight_report_s.c.o[0m
[12.629s] [ 97%] [32mBuilding C object CMakeFiles/ur_dashboard_msgs__rosidl_generator_py.dir/rosidl_generator_py/ur_dashboard_msgs/action/_set_mode_s.c.o[0m
[12.629s] [ 97%] [32mBuilding C object CMakeFiles/ur_dashboard_msgs__rosidl_generator_py.dir/rosidl_generator_py/ur_dashboard_msgs/srv/_generate_support_file_s.c.o[0m
[12.721s] [ 97%] [32m[1mLinking C shared library rosidl_generator_py/ur_dashboard_msgs/libur_dashboard_msgs__rosidl_generator_py.so[0m
[12.773s] [ 97%] Built target ur_dashboard_msgs__rosidl_generator_py
[12.792s] [ 98%] [32mBuilding C object CMakeFiles/ur_dashboard_msgs__rosidl_typesupport_fastrtps_c__pyext.dir/rosidl_generator_py/ur_dashboard_msgs/_ur_dashboard_msgs_s.ep.rosidl_typesupport_fastrtps_c.c.o[0m
[12.795s] [ 99%] [32mBuilding C object CMakeFiles/ur_dashboard_msgs__rosidl_typesupport_c__pyext.dir/rosidl_generator_py/ur_dashboard_msgs/_ur_dashboard_msgs_s.ep.rosidl_typesupport_c.c.o[0m
[12.797s] [100%] [32mBuilding C object CMakeFiles/ur_dashboard_msgs__rosidl_typesupport_introspection_c__pyext.dir/rosidl_generator_py/ur_dashboard_msgs/_ur_dashboard_msgs_s.ep.rosidl_typesupport_introspection_c.c.o[0m
[12.989s] [100%] [32m[1mLinking C shared library rosidl_generator_py/ur_dashboard_msgs/ur_dashboard_msgs_s__rosidl_typesupport_fastrtps_c.cpython-310-x86_64-linux-gnu.so[0m
[12.994s] [100%] [32m[1mLinking C shared library rosidl_generator_py/ur_dashboard_msgs/ur_dashboard_msgs_s__rosidl_typesupport_introspection_c.cpython-310-x86_64-linux-gnu.so[0m
[13.000s] [100%] [32m[1mLinking C shared library rosidl_generator_py/ur_dashboard_msgs/ur_dashboard_msgs_s__rosidl_typesupport_c.cpython-310-x86_64-linux-gnu.so[0m
[13.023s] [100%] Built target ur_dashboard_msgs__rosidl_typesupport_fastrtps_c__pyext
[13.023s] [100%] Built target ur_dashboard_msgs__rosidl_typesupport_introspection_c__pyext
[13.034s] [100%] Built target ur_dashboard_msgs__rosidl_typesupport_c__pyext
[13.048s] Invoked command in '/home/sonvu/ur_ws/build/ur_dashboard_msgs' returned '0': CMAKE_PREFIX_PATH=/home/sonvu/rtablc_base/install/rtablc_experiment:/opt/ros/humble /usr/bin/cmake --build /home/sonvu/ur_ws/build/ur_dashboard_msgs -- -j16 -l16
[13.051s] Invoking command in '/home/sonvu/ur_ws/build/ur_dashboard_msgs': CMAKE_PREFIX_PATH=/home/sonvu/rtablc_base/install/rtablc_experiment:/opt/ros/humble /usr/bin/cmake --install /home/sonvu/ur_ws/build/ur_dashboard_msgs
[13.062s] -- Install configuration: ""
[13.063s] -- Execute custom install script
[13.063s] -- Symlinking: /home/sonvu/ur_ws/install/ur_dashboard_msgs/share/ament_index/resource_index/rosidl_interfaces/ur_dashboard_msgs
[13.075s] -- Symlinking: /home/sonvu/ur_ws/install/ur_dashboard_msgs/include/ur_dashboard_msgs/ur_dashboard_msgs/action/detail/set_mode__functions.h
[13.093s] -- Symlinking: /home/sonvu/ur_ws/install/ur_dashboard_msgs/include/ur_dashboard_msgs/ur_dashboard_msgs/action/detail/set_mode__struct.h
[13.114s] -- Symlinking: /home/sonvu/ur_ws/install/ur_dashboard_msgs/include/ur_dashboard_msgs/ur_dashboard_msgs/action/detail/set_mode__type_support.h
[13.136s] -- Symlinking: /home/sonvu/ur_ws/install/ur_dashboard_msgs/include/ur_dashboard_msgs/ur_dashboard_msgs/action/set_mode.h
[13.148s] -- Symlinking: /home/sonvu/ur_ws/install/ur_dashboard_msgs/include/ur_dashboard_msgs/ur_dashboard_msgs/msg/detail/operational_mode__functions.h
[13.170s] -- Symlinking: /home/sonvu/ur_ws/install/ur_dashboard_msgs/include/ur_dashboard_msgs/ur_dashboard_msgs/msg/detail/operational_mode__struct.h
[13.189s] -- Symlinking: /home/sonvu/ur_ws/install/ur_dashboard_msgs/include/ur_dashboard_msgs/ur_dashboard_msgs/msg/detail/operational_mode__type_support.h
[13.199s] -- Symlinking: /home/sonvu/ur_ws/install/ur_dashboard_msgs/include/ur_dashboard_msgs/ur_dashboard_msgs/msg/detail/program_information__functions.h
[13.216s] -- Symlinking: /home/sonvu/ur_ws/install/ur_dashboard_msgs/include/ur_dashboard_msgs/ur_dashboard_msgs/msg/detail/program_information__struct.h
[13.234s] -- Symlinking: /home/sonvu/ur_ws/install/ur_dashboard_msgs/include/ur_dashboard_msgs/ur_dashboard_msgs/msg/detail/program_information__type_support.h
[13.245s] -- Symlinking: /home/sonvu/ur_ws/install/ur_dashboard_msgs/include/ur_dashboard_msgs/ur_dashboard_msgs/msg/detail/program_state__functions.h
[13.255s] -- Symlinking: /home/sonvu/ur_ws/install/ur_dashboard_msgs/include/ur_dashboard_msgs/ur_dashboard_msgs/msg/detail/program_state__struct.h
[13.270s] -- Symlinking: /home/sonvu/ur_ws/install/ur_dashboard_msgs/include/ur_dashboard_msgs/ur_dashboard_msgs/msg/detail/program_state__type_support.h
[13.281s] -- Symlinking: /home/sonvu/ur_ws/install/ur_dashboard_msgs/include/ur_dashboard_msgs/ur_dashboard_msgs/msg/detail/robot_mode__functions.h
[13.292s] -- Symlinking: /home/sonvu/ur_ws/install/ur_dashboard_msgs/include/ur_dashboard_msgs/ur_dashboard_msgs/msg/detail/robot_mode__struct.h
[13.311s] -- Symlinking: /home/sonvu/ur_ws/install/ur_dashboard_msgs/include/ur_dashboard_msgs/ur_dashboard_msgs/msg/detail/robot_mode__type_support.h
[13.326s] -- Symlinking: /home/sonvu/ur_ws/install/ur_dashboard_msgs/include/ur_dashboard_msgs/ur_dashboard_msgs/msg/detail/safety_mode__functions.h
[13.339s] -- Symlinking: /home/sonvu/ur_ws/install/ur_dashboard_msgs/include/ur_dashboard_msgs/ur_dashboard_msgs/msg/detail/safety_mode__struct.h
[13.355s] -- Symlinking: /home/sonvu/ur_ws/install/ur_dashboard_msgs/include/ur_dashboard_msgs/ur_dashboard_msgs/msg/detail/safety_mode__type_support.h
[13.371s] -- Symlinking: /home/sonvu/ur_ws/install/ur_dashboard_msgs/include/ur_dashboard_msgs/ur_dashboard_msgs/msg/detail/safety_status__functions.h
[13.393s] -- Symlinking: /home/sonvu/ur_ws/install/ur_dashboard_msgs/include/ur_dashboard_msgs/ur_dashboard_msgs/msg/detail/safety_status__struct.h
[13.406s] -- Symlinking: /home/sonvu/ur_ws/install/ur_dashboard_msgs/include/ur_dashboard_msgs/ur_dashboard_msgs/msg/detail/safety_status__type_support.h
[13.417s] -- Symlinking: /home/sonvu/ur_ws/install/ur_dashboard_msgs/include/ur_dashboard_msgs/ur_dashboard_msgs/msg/detail/user_role__functions.h
[13.430s] -- Symlinking: /home/sonvu/ur_ws/install/ur_dashboard_msgs/include/ur_dashboard_msgs/ur_dashboard_msgs/msg/detail/user_role__struct.h
[13.440s] -- Symlinking: /home/sonvu/ur_ws/install/ur_dashboard_msgs/include/ur_dashboard_msgs/ur_dashboard_msgs/msg/detail/user_role__type_support.h
[13.445s] -- Symlinking: /home/sonvu/ur_ws/install/ur_dashboard_msgs/include/ur_dashboard_msgs/ur_dashboard_msgs/msg/detail/version_information__functions.h
[13.451s] -- Symlinking: /home/sonvu/ur_ws/install/ur_dashboard_msgs/include/ur_dashboard_msgs/ur_dashboard_msgs/msg/detail/version_information__struct.h
[13.459s] -- Symlinking: /home/sonvu/ur_ws/install/ur_dashboard_msgs/include/ur_dashboard_msgs/ur_dashboard_msgs/msg/detail/version_information__type_support.h
[13.465s] -- Symlinking: /home/sonvu/ur_ws/install/ur_dashboard_msgs/include/ur_dashboard_msgs/ur_dashboard_msgs/msg/operational_mode.h
[13.475s] -- Symlinking: /home/sonvu/ur_ws/install/ur_dashboard_msgs/include/ur_dashboard_msgs/ur_dashboard_msgs/msg/program_information.h
[13.481s] -- Symlinking: /home/sonvu/ur_ws/install/ur_dashboard_msgs/include/ur_dashboard_msgs/ur_dashboard_msgs/msg/program_state.h
[13.490s] -- Symlinking: /home/sonvu/ur_ws/install/ur_dashboard_msgs/include/ur_dashboard_msgs/ur_dashboard_msgs/msg/robot_mode.h
[13.496s] -- Symlinking: /home/sonvu/ur_ws/install/ur_dashboard_msgs/include/ur_dashboard_msgs/ur_dashboard_msgs/msg/rosidl_generator_c__visibility_control.h
[13.505s] -- Symlinking: /home/sonvu/ur_ws/install/ur_dashboard_msgs/include/ur_dashboard_msgs/ur_dashboard_msgs/msg/safety_mode.h
[13.511s] -- Symlinking: /home/sonvu/ur_ws/install/ur_dashboard_msgs/include/ur_dashboard_msgs/ur_dashboard_msgs/msg/safety_status.h
[13.517s] -- Symlinking: /home/sonvu/ur_ws/install/ur_dashboard_msgs/include/ur_dashboard_msgs/ur_dashboard_msgs/msg/user_role.h
[13.524s] -- Symlinking: /home/sonvu/ur_ws/install/ur_dashboard_msgs/include/ur_dashboard_msgs/ur_dashboard_msgs/msg/version_information.h
[13.531s] -- Symlinking: /home/sonvu/ur_ws/install/ur_dashboard_msgs/include/ur_dashboard_msgs/ur_dashboard_msgs/srv/add_to_log.h
[13.539s] -- Symlinking: /home/sonvu/ur_ws/install/ur_dashboard_msgs/include/ur_dashboard_msgs/ur_dashboard_msgs/srv/detail/add_to_log__functions.h
[13.544s] -- Symlinking: /home/sonvu/ur_ws/install/ur_dashboard_msgs/include/ur_dashboard_msgs/ur_dashboard_msgs/srv/detail/add_to_log__struct.h
[13.550s] -- Symlinking: /home/sonvu/ur_ws/install/ur_dashboard_msgs/include/ur_dashboard_msgs/ur_dashboard_msgs/srv/detail/add_to_log__type_support.h
[13.558s] -- Symlinking: /home/sonvu/ur_ws/install/ur_dashboard_msgs/include/ur_dashboard_msgs/ur_dashboard_msgs/srv/detail/download_program__functions.h
[13.567s] -- Symlinking: /home/sonvu/ur_ws/install/ur_dashboard_msgs/include/ur_dashboard_msgs/ur_dashboard_msgs/srv/detail/download_program__struct.h
[13.583s] -- Symlinking: /home/sonvu/ur_ws/install/ur_dashboard_msgs/include/ur_dashboard_msgs/ur_dashboard_msgs/srv/detail/download_program__type_support.h
[13.601s] -- Symlinking: /home/sonvu/ur_ws/install/ur_dashboard_msgs/include/ur_dashboard_msgs/ur_dashboard_msgs/srv/detail/download_support_file__functions.h
[13.613s] -- Symlinking: /home/sonvu/ur_ws/install/ur_dashboard_msgs/include/ur_dashboard_msgs/ur_dashboard_msgs/srv/detail/download_support_file__struct.h
[13.626s] -- Symlinking: /home/sonvu/ur_ws/install/ur_dashboard_msgs/include/ur_dashboard_msgs/ur_dashboard_msgs/srv/detail/download_support_file__type_support.h
[13.642s] -- Symlinking: /home/sonvu/ur_ws/install/ur_dashboard_msgs/include/ur_dashboard_msgs/ur_dashboard_msgs/srv/detail/generate_flight_report__functions.h
[13.667s] -- Symlinking: /home/sonvu/ur_ws/install/ur_dashboard_msgs/include/ur_dashboard_msgs/ur_dashboard_msgs/srv/detail/generate_flight_report__struct.h
[13.683s] -- Symlinking: /home/sonvu/ur_ws/install/ur_dashboard_msgs/include/ur_dashboard_msgs/ur_dashboard_msgs/srv/detail/generate_flight_report__type_support.h
[13.693s] -- Symlinking: /home/sonvu/ur_ws/install/ur_dashboard_msgs/include/ur_dashboard_msgs/ur_dashboard_msgs/srv/detail/generate_support_file__functions.h
[13.707s] -- Symlinking: /home/sonvu/ur_ws/install/ur_dashboard_msgs/include/ur_dashboard_msgs/ur_dashboard_msgs/srv/detail/generate_support_file__struct.h
[13.726s] -- Symlinking: /home/sonvu/ur_ws/install/ur_dashboard_msgs/include/ur_dashboard_msgs/ur_dashboard_msgs/srv/detail/generate_support_file__type_support.h
[13.746s] -- Symlinking: /home/sonvu/ur_ws/install/ur_dashboard_msgs/include/ur_dashboard_msgs/ur_dashboard_msgs/srv/detail/get_loaded_program__functions.h
[13.759s] -- Symlinking: /home/sonvu/ur_ws/install/ur_dashboard_msgs/include/ur_dashboard_msgs/ur_dashboard_msgs/srv/detail/get_loaded_program__struct.h
[13.771s] -- Symlinking: /home/sonvu/ur_ws/install/ur_dashboard_msgs/include/ur_dashboard_msgs/ur_dashboard_msgs/srv/detail/get_loaded_program__type_support.h
[13.787s] -- Symlinking: /home/sonvu/ur_ws/install/ur_dashboard_msgs/include/ur_dashboard_msgs/ur_dashboard_msgs/srv/detail/get_operational_mode__functions.h
[13.804s] -- Symlinking: /home/sonvu/ur_ws/install/ur_dashboard_msgs/include/ur_dashboard_msgs/ur_dashboard_msgs/srv/detail/get_operational_mode__struct.h
[13.824s] -- Symlinking: /home/sonvu/ur_ws/install/ur_dashboard_msgs/include/ur_dashboard_msgs/ur_dashboard_msgs/srv/detail/get_operational_mode__type_support.h
[13.840s] -- Symlinking: /home/sonvu/ur_ws/install/ur_dashboard_msgs/include/ur_dashboard_msgs/ur_dashboard_msgs/srv/detail/get_poly_scope_version__functions.h
[13.854s] -- Symlinking: /home/sonvu/ur_ws/install/ur_dashboard_msgs/include/ur_dashboard_msgs/ur_dashboard_msgs/srv/detail/get_poly_scope_version__struct.h
[13.875s] -- Symlinking: /home/sonvu/ur_ws/install/ur_dashboard_msgs/include/ur_dashboard_msgs/ur_dashboard_msgs/srv/detail/get_poly_scope_version__type_support.h
[13.895s] -- Symlinking: /home/sonvu/ur_ws/install/ur_dashboard_msgs/include/ur_dashboard_msgs/ur_dashboard_msgs/srv/detail/get_program_state__functions.h
[13.913s] -- Symlinking: /home/sonvu/ur_ws/install/ur_dashboard_msgs/include/ur_dashboard_msgs/ur_dashboard_msgs/srv/detail/get_program_state__struct.h
[13.921s] -- Symlinking: /home/sonvu/ur_ws/install/ur_dashboard_msgs/include/ur_dashboard_msgs/ur_dashboard_msgs/srv/detail/get_program_state__type_support.h
[13.932s] -- Symlinking: /home/sonvu/ur_ws/install/ur_dashboard_msgs/include/ur_dashboard_msgs/ur_dashboard_msgs/srv/detail/get_programs__functions.h
[13.942s] -- Symlinking: /home/sonvu/ur_ws/install/ur_dashboard_msgs/include/ur_dashboard_msgs/ur_dashboard_msgs/srv/detail/get_programs__struct.h
[13.949s] -- Symlinking: /home/sonvu/ur_ws/install/ur_dashboard_msgs/include/ur_dashboard_msgs/ur_dashboard_msgs/srv/detail/get_programs__type_support.h
[13.958s] -- Symlinking: /home/sonvu/ur_ws/install/ur_dashboard_msgs/include/ur_dashboard_msgs/ur_dashboard_msgs/srv/detail/get_robot_mode__functions.h
[13.964s] -- Symlinking: /home/sonvu/ur_ws/install/ur_dashboard_msgs/include/ur_dashboard_msgs/ur_dashboard_msgs/srv/detail/get_robot_mode__struct.h
[13.971s] -- Symlinking: /home/sonvu/ur_ws/install/ur_dashboard_msgs/include/ur_dashboard_msgs/ur_dashboard_msgs/srv/detail/get_robot_mode__type_support.h
[13.983s] -- Symlinking: /home/sonvu/ur_ws/install/ur_dashboard_msgs/include/ur_dashboard_msgs/ur_dashboard_msgs/srv/detail/get_robot_model__functions.h
[13.998s] -- Symlinking: /home/sonvu/ur_ws/install/ur_dashboard_msgs/include/ur_dashboard_msgs/ur_dashboard_msgs/srv/detail/get_robot_model__struct.h
[14.012s] -- Symlinking: /home/sonvu/ur_ws/install/ur_dashboard_msgs/include/ur_dashboard_msgs/ur_dashboard_msgs/srv/detail/get_robot_model__type_support.h
[14.026s] -- Symlinking: /home/sonvu/ur_ws/install/ur_dashboard_msgs/include/ur_dashboard_msgs/ur_dashboard_msgs/srv/detail/get_safety_mode__functions.h
[14.041s] -- Symlinking: /home/sonvu/ur_ws/install/ur_dashboard_msgs/include/ur_dashboard_msgs/ur_dashboard_msgs/srv/detail/get_safety_mode__struct.h
[14.066s] -- Symlinking: /home/sonvu/ur_ws/install/ur_dashboard_msgs/include/ur_dashboard_msgs/ur_dashboard_msgs/srv/detail/get_safety_mode__type_support.h
[14.087s] -- Symlinking: /home/sonvu/ur_ws/install/ur_dashboard_msgs/include/ur_dashboard_msgs/ur_dashboard_msgs/srv/detail/get_safety_status__functions.h
[14.108s] -- Symlinking: /home/sonvu/ur_ws/install/ur_dashboard_msgs/include/ur_dashboard_msgs/ur_dashboard_msgs/srv/detail/get_safety_status__struct.h
[14.119s] -- Symlinking: /home/sonvu/ur_ws/install/ur_dashboard_msgs/include/ur_dashboard_msgs/ur_dashboard_msgs/srv/detail/get_safety_status__type_support.h
[14.133s] -- Symlinking: /home/sonvu/ur_ws/install/ur_dashboard_msgs/include/ur_dashboard_msgs/ur_dashboard_msgs/srv/detail/get_serial_number__functions.h
[14.150s] -- Symlinking: /home/sonvu/ur_ws/install/ur_dashboard_msgs/include/ur_dashboard_msgs/ur_dashboard_msgs/srv/detail/get_serial_number__struct.h
[14.172s] -- Symlinking: /home/sonvu/ur_ws/install/ur_dashboard_msgs/include/ur_dashboard_msgs/ur_dashboard_msgs/srv/detail/get_serial_number__type_support.h
[14.192s] -- Symlinking: /home/sonvu/ur_ws/install/ur_dashboard_msgs/include/ur_dashboard_msgs/ur_dashboard_msgs/srv/detail/get_user_role__functions.h
[14.208s] -- Symlinking: /home/sonvu/ur_ws/install/ur_dashboard_msgs/include/ur_dashboard_msgs/ur_dashboard_msgs/srv/detail/get_user_role__struct.h
[14.223s] -- Symlinking: /home/sonvu/ur_ws/install/ur_dashboard_msgs/include/ur_dashboard_msgs/ur_dashboard_msgs/srv/detail/get_user_role__type_support.h
[14.231s] -- Symlinking: /home/sonvu/ur_ws/install/ur_dashboard_msgs/include/ur_dashboard_msgs/ur_dashboard_msgs/srv/detail/is_in_remote_control__functions.h
[14.243s] -- Symlinking: /home/sonvu/ur_ws/install/ur_dashboard_msgs/include/ur_dashboard_msgs/ur_dashboard_msgs/srv/detail/is_in_remote_control__struct.h
[14.260s] -- Symlinking: /home/sonvu/ur_ws/install/ur_dashboard_msgs/include/ur_dashboard_msgs/ur_dashboard_msgs/srv/detail/is_in_remote_control__type_support.h
[14.276s] -- Symlinking: /home/sonvu/ur_ws/install/ur_dashboard_msgs/include/ur_dashboard_msgs/ur_dashboard_msgs/srv/detail/is_program_running__functions.h
[14.288s] -- Symlinking: /home/sonvu/ur_ws/install/ur_dashboard_msgs/include/ur_dashboard_msgs/ur_dashboard_msgs/srv/detail/is_program_running__struct.h
[14.299s] -- Symlinking: /home/sonvu/ur_ws/install/ur_dashboard_msgs/include/ur_dashboard_msgs/ur_dashboard_msgs/srv/detail/is_program_running__type_support.h
[14.314s] -- Symlinking: /home/sonvu/ur_ws/install/ur_dashboard_msgs/include/ur_dashboard_msgs/ur_dashboard_msgs/srv/detail/is_program_saved__functions.h
[14.329s] -- Symlinking: /home/sonvu/ur_ws/install/ur_dashboard_msgs/include/ur_dashboard_msgs/ur_dashboard_msgs/srv/detail/is_program_saved__struct.h
[14.347s] -- Symlinking: /home/sonvu/ur_ws/install/ur_dashboard_msgs/include/ur_dashboard_msgs/ur_dashboard_msgs/srv/detail/is_program_saved__type_support.h
[14.367s] -- Symlinking: /home/sonvu/ur_ws/install/ur_dashboard_msgs/include/ur_dashboard_msgs/ur_dashboard_msgs/srv/detail/load__functions.h
[14.381s] -- Symlinking: /home/sonvu/ur_ws/install/ur_dashboard_msgs/include/ur_dashboard_msgs/ur_dashboard_msgs/srv/detail/load__struct.h
[14.394s] -- Symlinking: /home/sonvu/ur_ws/install/ur_dashboard_msgs/include/ur_dashboard_msgs/ur_dashboard_msgs/srv/detail/load__type_support.h
[14.410s] -- Symlinking: /home/sonvu/ur_ws/install/ur_dashboard_msgs/include/ur_dashboard_msgs/ur_dashboard_msgs/srv/detail/popup__functions.h
[14.424s] -- Symlinking: /home/sonvu/ur_ws/install/ur_dashboard_msgs/include/ur_dashboard_msgs/ur_dashboard_msgs/srv/detail/popup__struct.h
[14.433s] -- Symlinking: /home/sonvu/ur_ws/install/ur_dashboard_msgs/include/ur_dashboard_msgs/ur_dashboard_msgs/srv/detail/popup__type_support.h
[14.443s] -- Symlinking: /home/sonvu/ur_ws/install/ur_dashboard_msgs/include/ur_dashboard_msgs/ur_dashboard_msgs/srv/detail/raw_request__functions.h
[14.454s] -- Symlinking: /home/sonvu/ur_ws/install/ur_dashboard_msgs/include/ur_dashboard_msgs/ur_dashboard_msgs/srv/detail/raw_request__struct.h
[14.465s] -- Symlinking: /home/sonvu/ur_ws/install/ur_dashboard_msgs/include/ur_dashboard_msgs/ur_dashboard_msgs/srv/detail/raw_request__type_support.h
[14.478s] -- Symlinking: /home/sonvu/ur_ws/install/ur_dashboard_msgs/include/ur_dashboard_msgs/ur_dashboard_msgs/srv/detail/set_operational_mode__functions.h
[14.494s] -- Symlinking: /home/sonvu/ur_ws/install/ur_dashboard_msgs/include/ur_dashboard_msgs/ur_dashboard_msgs/srv/detail/set_operational_mode__struct.h
[14.510s] -- Symlinking: /home/sonvu/ur_ws/install/ur_dashboard_msgs/include/ur_dashboard_msgs/ur_dashboard_msgs/srv/detail/set_operational_mode__type_support.h
[14.525s] -- Symlinking: /home/sonvu/ur_ws/install/ur_dashboard_msgs/include/ur_dashboard_msgs/ur_dashboard_msgs/srv/detail/set_user_role__functions.h
[14.540s] -- Symlinking: /home/sonvu/ur_ws/install/ur_dashboard_msgs/include/ur_dashboard_msgs/ur_dashboard_msgs/srv/detail/set_user_role__struct.h
[14.556s] -- Symlinking: /home/sonvu/ur_ws/install/ur_dashboard_msgs/include/ur_dashboard_msgs/ur_dashboard_msgs/srv/detail/set_user_role__type_support.h
[14.576s] -- Symlinking: /home/sonvu/ur_ws/install/ur_dashboard_msgs/include/ur_dashboard_msgs/ur_dashboard_msgs/srv/detail/upload_program__functions.h
[14.586s] -- Symlinking: /home/sonvu/ur_ws/install/ur_dashboard_msgs/include/ur_dashboard_msgs/ur_dashboard_msgs/srv/detail/upload_program__struct.h
[14.594s] -- Symlinking: /home/sonvu/ur_ws/install/ur_dashboard_msgs/include/ur_dashboard_msgs/ur_dashboard_msgs/srv/detail/upload_program__type_support.h
[14.610s] -- Symlinking: /home/sonvu/ur_ws/install/ur_dashboard_msgs/include/ur_dashboard_msgs/ur_dashboard_msgs/srv/download_program.h
[14.623s] -- Symlinking: /home/sonvu/ur_ws/install/ur_dashboard_msgs/include/ur_dashboard_msgs/ur_dashboard_msgs/srv/download_support_file.h
[14.638s] -- Symlinking: /home/sonvu/ur_ws/install/ur_dashboard_msgs/include/ur_dashboard_msgs/ur_dashboard_msgs/srv/generate_flight_report.h
[14.656s] -- Symlinking: /home/sonvu/ur_ws/install/ur_dashboard_msgs/include/ur_dashboard_msgs/ur_dashboard_msgs/srv/generate_support_file.h
[14.666s] -- Symlinking: /home/sonvu/ur_ws/install/ur_dashboard_msgs/include/ur_dashboard_msgs/ur_dashboard_msgs/srv/get_loaded_program.h
[14.672s] -- Symlinking: /home/sonvu/ur_ws/install/ur_dashboard_msgs/include/ur_dashboard_msgs/ur_dashboard_msgs/srv/get_operational_mode.h
[14.679s] -- Symlinking: /home/sonvu/ur_ws/install/ur_dashboard_msgs/include/ur_dashboard_msgs/ur_dashboard_msgs/srv/get_poly_scope_version.h
[14.687s] -- Symlinking: /home/sonvu/ur_ws/install/ur_dashboard_msgs/include/ur_dashboard_msgs/ur_dashboard_msgs/srv/get_program_state.h
[14.696s] -- Symlinking: /home/sonvu/ur_ws/install/ur_dashboard_msgs/include/ur_dashboard_msgs/ur_dashboard_msgs/srv/get_programs.h
[14.709s] -- Symlinking: /home/sonvu/ur_ws/install/ur_dashboard_msgs/include/ur_dashboard_msgs/ur_dashboard_msgs/srv/get_robot_mode.h
[14.722s] -- Symlinking: /home/sonvu/ur_ws/install/ur_dashboard_msgs/include/ur_dashboard_msgs/ur_dashboard_msgs/srv/get_robot_model.h
[14.734s] -- Symlinking: /home/sonvu/ur_ws/install/ur_dashboard_msgs/include/ur_dashboard_msgs/ur_dashboard_msgs/srv/get_safety_mode.h
[14.745s] -- Symlinking: /home/sonvu/ur_ws/install/ur_dashboard_msgs/include/ur_dashboard_msgs/ur_dashboard_msgs/srv/get_safety_status.h
[14.752s] -- Symlinking: /home/sonvu/ur_ws/install/ur_dashboard_msgs/include/ur_dashboard_msgs/ur_dashboard_msgs/srv/get_serial_number.h
[14.760s] -- Symlinking: /home/sonvu/ur_ws/install/ur_dashboard_msgs/include/ur_dashboard_msgs/ur_dashboard_msgs/srv/get_user_role.h
[14.766s] -- Symlinking: /home/sonvu/ur_ws/install/ur_dashboard_msgs/include/ur_dashboard_msgs/ur_dashboard_msgs/srv/is_in_remote_control.h
[14.774s] -- Symlinking: /home/sonvu/ur_ws/install/ur_dashboard_msgs/include/ur_dashboard_msgs/ur_dashboard_msgs/srv/is_program_running.h
[14.780s] -- Symlinking: /home/sonvu/ur_ws/install/ur_dashboard_msgs/include/ur_dashboard_msgs/ur_dashboard_msgs/srv/is_program_saved.h
[14.789s] -- Symlinking: /home/sonvu/ur_ws/install/ur_dashboard_msgs/include/ur_dashboard_msgs/ur_dashboard_msgs/srv/load.h
[14.795s] -- Symlinking: /home/sonvu/ur_ws/install/ur_dashboard_msgs/include/ur_dashboard_msgs/ur_dashboard_msgs/srv/popup.h
[14.801s] -- Symlinking: /home/sonvu/ur_ws/install/ur_dashboard_msgs/include/ur_dashboard_msgs/ur_dashboard_msgs/srv/raw_request.h
[14.806s] -- Symlinking: /home/sonvu/ur_ws/install/ur_dashboard_msgs/include/ur_dashboard_msgs/ur_dashboard_msgs/srv/set_operational_mode.h
[14.813s] -- Symlinking: /home/sonvu/ur_ws/install/ur_dashboard_msgs/include/ur_dashboard_msgs/ur_dashboard_msgs/srv/set_user_role.h
[14.819s] -- Symlinking: /home/sonvu/ur_ws/install/ur_dashboard_msgs/include/ur_dashboard_msgs/ur_dashboard_msgs/srv/upload_program.h
[14.825s] -- Symlinking: /home/sonvu/ur_ws/install/ur_dashboard_msgs/share/ur_dashboard_msgs/environment/library_path.sh
[14.830s] -- Symlinking: /home/sonvu/ur_ws/install/ur_dashboard_msgs/share/ur_dashboard_msgs/environment/library_path.dsv
[14.837s] -- Symlinking: /home/sonvu/ur_ws/install/ur_dashboard_msgs/include/ur_dashboard_msgs/ur_dashboard_msgs/action/detail/set_mode__rosidl_typesupport_fastrtps_c.h
[14.844s] -- Symlinking: /home/sonvu/ur_ws/install/ur_dashboard_msgs/include/ur_dashboard_msgs/ur_dashboard_msgs/msg/detail/operational_mode__rosidl_typesupport_fastrtps_c.h
[14.849s] -- Symlinking: /home/sonvu/ur_ws/install/ur_dashboard_msgs/include/ur_dashboard_msgs/ur_dashboard_msgs/msg/detail/program_information__rosidl_typesupport_fastrtps_c.h
[14.856s] -- Symlinking: /home/sonvu/ur_ws/install/ur_dashboard_msgs/include/ur_dashboard_msgs/ur_dashboard_msgs/msg/detail/program_state__rosidl_typesupport_fastrtps_c.h
[14.862s] -- Symlinking: /home/sonvu/ur_ws/install/ur_dashboard_msgs/include/ur_dashboard_msgs/ur_dashboard_msgs/msg/detail/robot_mode__rosidl_typesupport_fastrtps_c.h
[14.870s] -- Symlinking: /home/sonvu/ur_ws/install/ur_dashboard_msgs/include/ur_dashboard_msgs/ur_dashboard_msgs/msg/detail/safety_mode__rosidl_typesupport_fastrtps_c.h
[14.878s] -- Symlinking: /home/sonvu/ur_ws/install/ur_dashboard_msgs/include/ur_dashboard_msgs/ur_dashboard_msgs/msg/detail/safety_status__rosidl_typesupport_fastrtps_c.h
[14.884s] -- Symlinking: /home/sonvu/ur_ws/install/ur_dashboard_msgs/include/ur_dashboard_msgs/ur_dashboard_msgs/msg/detail/user_role__rosidl_typesupport_fastrtps_c.h
[14.891s] -- Symlinking: /home/sonvu/ur_ws/install/ur_dashboard_msgs/include/ur_dashboard_msgs/ur_dashboard_msgs/msg/detail/version_information__rosidl_typesupport_fastrtps_c.h
[14.897s] -- Symlinking: /home/sonvu/ur_ws/install/ur_dashboard_msgs/include/ur_dashboard_msgs/ur_dashboard_msgs/msg/rosidl_typesupport_fastrtps_c__visibility_control.h
[14.903s] -- Symlinking: /home/sonvu/ur_ws/install/ur_dashboard_msgs/include/ur_dashboard_msgs/ur_dashboard_msgs/srv/detail/add_to_log__rosidl_typesupport_fastrtps_c.h
[14.909s] -- Symlinking: /home/sonvu/ur_ws/install/ur_dashboard_msgs/include/ur_dashboard_msgs/ur_dashboard_msgs/srv/detail/download_program__rosidl_typesupport_fastrtps_c.h
[14.915s] -- Symlinking: /home/sonvu/ur_ws/install/ur_dashboard_msgs/include/ur_dashboard_msgs/ur_dashboard_msgs/srv/detail/download_support_file__rosidl_typesupport_fastrtps_c.h
[14.922s] -- Symlinking: /home/sonvu/ur_ws/install/ur_dashboard_msgs/include/ur_dashboard_msgs/ur_dashboard_msgs/srv/detail/generate_flight_report__rosidl_typesupport_fastrtps_c.h
[14.929s] -- Symlinking: /home/sonvu/ur_ws/install/ur_dashboard_msgs/include/ur_dashboard_msgs/ur_dashboard_msgs/srv/detail/generate_support_file__rosidl_typesupport_fastrtps_c.h
[14.935s] -- Symlinking: /home/sonvu/ur_ws/install/ur_dashboard_msgs/include/ur_dashboard_msgs/ur_dashboard_msgs/srv/detail/get_loaded_program__rosidl_typesupport_fastrtps_c.h
[14.940s] -- Symlinking: /home/sonvu/ur_ws/install/ur_dashboard_msgs/include/ur_dashboard_msgs/ur_dashboard_msgs/srv/detail/get_operational_mode__rosidl_typesupport_fastrtps_c.h
[14.946s] -- Symlinking: /home/sonvu/ur_ws/install/ur_dashboard_msgs/include/ur_dashboard_msgs/ur_dashboard_msgs/srv/detail/get_poly_scope_version__rosidl_typesupport_fastrtps_c.h
[14.952s] -- Symlinking: /home/sonvu/ur_ws/install/ur_dashboard_msgs/include/ur_dashboard_msgs/ur_dashboard_msgs/srv/detail/get_program_state__rosidl_typesupport_fastrtps_c.h
[14.959s] -- Symlinking: /home/sonvu/ur_ws/install/ur_dashboard_msgs/include/ur_dashboard_msgs/ur_dashboard_msgs/srv/detail/get_programs__rosidl_typesupport_fastrtps_c.h
[14.965s] -- Symlinking: /home/sonvu/ur_ws/install/ur_dashboard_msgs/include/ur_dashboard_msgs/ur_dashboard_msgs/srv/detail/get_robot_mode__rosidl_typesupport_fastrtps_c.h
[14.971s] -- Symlinking: /home/sonvu/ur_ws/install/ur_dashboard_msgs/include/ur_dashboard_msgs/ur_dashboard_msgs/srv/detail/get_robot_model__rosidl_typesupport_fastrtps_c.h
[14.977s] -- Symlinking: /home/sonvu/ur_ws/install/ur_dashboard_msgs/include/ur_dashboard_msgs/ur_dashboard_msgs/srv/detail/get_safety_mode__rosidl_typesupport_fastrtps_c.h
[14.984s] -- Symlinking: /home/sonvu/ur_ws/install/ur_dashboard_msgs/include/ur_dashboard_msgs/ur_dashboard_msgs/srv/detail/get_safety_status__rosidl_typesupport_fastrtps_c.h
[14.989s] -- Symlinking: /home/sonvu/ur_ws/install/ur_dashboard_msgs/include/ur_dashboard_msgs/ur_dashboard_msgs/srv/detail/get_serial_number__rosidl_typesupport_fastrtps_c.h
[14.996s] -- Symlinking: /home/sonvu/ur_ws/install/ur_dashboard_msgs/include/ur_dashboard_msgs/ur_dashboard_msgs/srv/detail/get_user_role__rosidl_typesupport_fastrtps_c.h
[15.002s] -- Symlinking: /home/sonvu/ur_ws/install/ur_dashboard_msgs/include/ur_dashboard_msgs/ur_dashboard_msgs/srv/detail/is_in_remote_control__rosidl_typesupport_fastrtps_c.h
[15.009s] -- Symlinking: /home/sonvu/ur_ws/install/ur_dashboard_msgs/include/ur_dashboard_msgs/ur_dashboard_msgs/srv/detail/is_program_running__rosidl_typesupport_fastrtps_c.h
[15.017s] -- Symlinking: /home/sonvu/ur_ws/install/ur_dashboard_msgs/include/ur_dashboard_msgs/ur_dashboard_msgs/srv/detail/is_program_saved__rosidl_typesupport_fastrtps_c.h
[15.025s] -- Symlinking: /home/sonvu/ur_ws/install/ur_dashboard_msgs/include/ur_dashboard_msgs/ur_dashboard_msgs/srv/detail/load__rosidl_typesupport_fastrtps_c.h
[15.031s] -- Symlinking: /home/sonvu/ur_ws/install/ur_dashboard_msgs/include/ur_dashboard_msgs/ur_dashboard_msgs/srv/detail/popup__rosidl_typesupport_fastrtps_c.h
[15.036s] -- Symlinking: /home/sonvu/ur_ws/install/ur_dashboard_msgs/include/ur_dashboard_msgs/ur_dashboard_msgs/srv/detail/raw_request__rosidl_typesupport_fastrtps_c.h
[15.044s] -- Symlinking: /home/sonvu/ur_ws/install/ur_dashboard_msgs/include/ur_dashboard_msgs/ur_dashboard_msgs/srv/detail/set_operational_mode__rosidl_typesupport_fastrtps_c.h
[15.051s] -- Symlinking: /home/sonvu/ur_ws/install/ur_dashboard_msgs/include/ur_dashboard_msgs/ur_dashboard_msgs/srv/detail/set_user_role__rosidl_typesupport_fastrtps_c.h
[15.058s] -- Symlinking: /home/sonvu/ur_ws/install/ur_dashboard_msgs/include/ur_dashboard_msgs/ur_dashboard_msgs/srv/detail/upload_program__rosidl_typesupport_fastrtps_c.h
[15.066s] -- Symlinking: /home/sonvu/ur_ws/install/ur_dashboard_msgs/include/ur_dashboard_msgs/ur_dashboard_msgs/action/detail/set_mode__rosidl_typesupport_introspection_c.h
[15.074s] -- Symlinking: /home/sonvu/ur_ws/install/ur_dashboard_msgs/include/ur_dashboard_msgs/ur_dashboard_msgs/msg/detail/operational_mode__rosidl_typesupport_introspection_c.h
[15.083s] -- Symlinking: /home/sonvu/ur_ws/install/ur_dashboard_msgs/include/ur_dashboard_msgs/ur_dashboard_msgs/msg/detail/program_information__rosidl_typesupport_introspection_c.h
[15.090s] -- Symlinking: /home/sonvu/ur_ws/install/ur_dashboard_msgs/include/ur_dashboard_msgs/ur_dashboard_msgs/msg/detail/program_state__rosidl_typesupport_introspection_c.h
[15.096s] -- Symlinking: /home/sonvu/ur_ws/install/ur_dashboard_msgs/include/ur_dashboard_msgs/ur_dashboard_msgs/msg/detail/robot_mode__rosidl_typesupport_introspection_c.h
[15.101s] -- Symlinking: /home/sonvu/ur_ws/install/ur_dashboard_msgs/include/ur_dashboard_msgs/ur_dashboard_msgs/msg/detail/safety_mode__rosidl_typesupport_introspection_c.h
[15.107s] -- Symlinking: /home/sonvu/ur_ws/install/ur_dashboard_msgs/include/ur_dashboard_msgs/ur_dashboard_msgs/msg/detail/safety_status__rosidl_typesupport_introspection_c.h
[15.114s] -- Symlinking: /home/sonvu/ur_ws/install/ur_dashboard_msgs/include/ur_dashboard_msgs/ur_dashboard_msgs/msg/detail/user_role__rosidl_typesupport_introspection_c.h
[15.119s] -- Symlinking: /home/sonvu/ur_ws/install/ur_dashboard_msgs/include/ur_dashboard_msgs/ur_dashboard_msgs/msg/detail/version_information__rosidl_typesupport_introspection_c.h
[15.125s] -- Symlinking: /home/sonvu/ur_ws/install/ur_dashboard_msgs/include/ur_dashboard_msgs/ur_dashboard_msgs/msg/rosidl_typesupport_introspection_c__visibility_control.h
[15.131s] -- Symlinking: /home/sonvu/ur_ws/install/ur_dashboard_msgs/include/ur_dashboard_msgs/ur_dashboard_msgs/srv/detail/add_to_log__rosidl_typesupport_introspection_c.h
[15.136s] -- Symlinking: /home/sonvu/ur_ws/install/ur_dashboard_msgs/include/ur_dashboard_msgs/ur_dashboard_msgs/srv/detail/download_program__rosidl_typesupport_introspection_c.h
[15.142s] -- Symlinking: /home/sonvu/ur_ws/install/ur_dashboard_msgs/include/ur_dashboard_msgs/ur_dashboard_msgs/srv/detail/download_support_file__rosidl_typesupport_introspection_c.h
[15.150s] -- Symlinking: /home/sonvu/ur_ws/install/ur_dashboard_msgs/include/ur_dashboard_msgs/ur_dashboard_msgs/srv/detail/generate_flight_report__rosidl_typesupport_introspection_c.h
[15.158s] -- Symlinking: /home/sonvu/ur_ws/install/ur_dashboard_msgs/include/ur_dashboard_msgs/ur_dashboard_msgs/srv/detail/generate_support_file__rosidl_typesupport_introspection_c.h
[15.165s] -- Symlinking: /home/sonvu/ur_ws/install/ur_dashboard_msgs/include/ur_dashboard_msgs/ur_dashboard_msgs/srv/detail/get_loaded_program__rosidl_typesupport_introspection_c.h
[15.171s] -- Symlinking: /home/sonvu/ur_ws/install/ur_dashboard_msgs/include/ur_dashboard_msgs/ur_dashboard_msgs/srv/detail/get_operational_mode__rosidl_typesupport_introspection_c.h
[15.178s] -- Symlinking: /home/sonvu/ur_ws/install/ur_dashboard_msgs/include/ur_dashboard_msgs/ur_dashboard_msgs/srv/detail/get_poly_scope_version__rosidl_typesupport_introspection_c.h
[15.184s] -- Symlinking: /home/sonvu/ur_ws/install/ur_dashboard_msgs/include/ur_dashboard_msgs/ur_dashboard_msgs/srv/detail/get_program_state__rosidl_typesupport_introspection_c.h
[15.191s] -- Symlinking: /home/sonvu/ur_ws/install/ur_dashboard_msgs/include/ur_dashboard_msgs/ur_dashboard_msgs/srv/detail/get_programs__rosidl_typesupport_introspection_c.h
[15.200s] -- Symlinking: /home/sonvu/ur_ws/install/ur_dashboard_msgs/include/ur_dashboard_msgs/ur_dashboard_msgs/srv/detail/get_robot_mode__rosidl_typesupport_introspection_c.h
[15.206s] -- Symlinking: /home/sonvu/ur_ws/install/ur_dashboard_msgs/include/ur_dashboard_msgs/ur_dashboard_msgs/srv/detail/get_robot_model__rosidl_typesupport_introspection_c.h
[15.215s] -- Symlinking: /home/sonvu/ur_ws/install/ur_dashboard_msgs/include/ur_dashboard_msgs/ur_dashboard_msgs/srv/detail/get_safety_mode__rosidl_typesupport_introspection_c.h
[15.221s] -- Symlinking: /home/sonvu/ur_ws/install/ur_dashboard_msgs/include/ur_dashboard_msgs/ur_dashboard_msgs/srv/detail/get_safety_status__rosidl_typesupport_introspection_c.h
[15.228s] -- Symlinking: /home/sonvu/ur_ws/install/ur_dashboard_msgs/include/ur_dashboard_msgs/ur_dashboard_msgs/srv/detail/get_serial_number__rosidl_typesupport_introspection_c.h
[15.234s] -- Symlinking: /home/sonvu/ur_ws/install/ur_dashboard_msgs/include/ur_dashboard_msgs/ur_dashboard_msgs/srv/detail/get_user_role__rosidl_typesupport_introspection_c.h
[15.239s] -- Symlinking: /home/sonvu/ur_ws/install/ur_dashboard_msgs/include/ur_dashboard_msgs/ur_dashboard_msgs/srv/detail/is_in_remote_control__rosidl_typesupport_introspection_c.h
[15.248s] -- Symlinking: /home/sonvu/ur_ws/install/ur_dashboard_msgs/include/ur_dashboard_msgs/ur_dashboard_msgs/srv/detail/is_program_running__rosidl_typesupport_introspection_c.h
[15.256s] -- Symlinking: /home/sonvu/ur_ws/install/ur_dashboard_msgs/include/ur_dashboard_msgs/ur_dashboard_msgs/srv/detail/is_program_saved__rosidl_typesupport_introspection_c.h
[15.264s] -- Symlinking: /home/sonvu/ur_ws/install/ur_dashboard_msgs/include/ur_dashboard_msgs/ur_dashboard_msgs/srv/detail/load__rosidl_typesupport_introspection_c.h
[15.269s] -- Symlinking: /home/sonvu/ur_ws/install/ur_dashboard_msgs/include/ur_dashboard_msgs/ur_dashboard_msgs/srv/detail/popup__rosidl_typesupport_introspection_c.h
[15.274s] -- Symlinking: /home/sonvu/ur_ws/install/ur_dashboard_msgs/include/ur_dashboard_msgs/ur_dashboard_msgs/srv/detail/raw_request__rosidl_typesupport_introspection_c.h
[15.281s] -- Symlinking: /home/sonvu/ur_ws/install/ur_dashboard_msgs/include/ur_dashboard_msgs/ur_dashboard_msgs/srv/detail/set_operational_mode__rosidl_typesupport_introspection_c.h
[15.288s] -- Symlinking: /home/sonvu/ur_ws/install/ur_dashboard_msgs/include/ur_dashboard_msgs/ur_dashboard_msgs/srv/detail/set_user_role__rosidl_typesupport_introspection_c.h
[15.296s] -- Symlinking: /home/sonvu/ur_ws/install/ur_dashboard_msgs/include/ur_dashboard_msgs/ur_dashboard_msgs/srv/detail/upload_program__rosidl_typesupport_introspection_c.h
[15.307s] -- Symlinking: /home/sonvu/ur_ws/install/ur_dashboard_msgs/include/ur_dashboard_msgs/ur_dashboard_msgs/action/detail/set_mode__builder.hpp
[15.326s] -- Symlinking: /home/sonvu/ur_ws/install/ur_dashboard_msgs/include/ur_dashboard_msgs/ur_dashboard_msgs/action/detail/set_mode__struct.hpp
[15.338s] -- Symlinking: /home/sonvu/ur_ws/install/ur_dashboard_msgs/include/ur_dashboard_msgs/ur_dashboard_msgs/action/detail/set_mode__traits.hpp
[15.349s] -- Symlinking: /home/sonvu/ur_ws/install/ur_dashboard_msgs/include/ur_dashboard_msgs/ur_dashboard_msgs/action/detail/set_mode__type_support.hpp
[15.357s] -- Symlinking: /home/sonvu/ur_ws/install/ur_dashboard_msgs/include/ur_dashboard_msgs/ur_dashboard_msgs/action/set_mode.hpp
[15.371s] -- Symlinking: /home/sonvu/ur_ws/install/ur_dashboard_msgs/include/ur_dashboard_msgs/ur_dashboard_msgs/msg/detail/operational_mode__builder.hpp
[15.386s] -- Symlinking: /home/sonvu/ur_ws/install/ur_dashboard_msgs/include/ur_dashboard_msgs/ur_dashboard_msgs/msg/detail/operational_mode__struct.hpp
[15.401s] -- Symlinking: /home/sonvu/ur_ws/install/ur_dashboard_msgs/include/ur_dashboard_msgs/ur_dashboard_msgs/msg/detail/operational_mode__traits.hpp
[15.416s] -- Symlinking: /home/sonvu/ur_ws/install/ur_dashboard_msgs/include/ur_dashboard_msgs/ur_dashboard_msgs/msg/detail/operational_mode__type_support.hpp
[15.431s] -- Symlinking: /home/sonvu/ur_ws/install/ur_dashboard_msgs/include/ur_dashboard_msgs/ur_dashboard_msgs/msg/detail/program_information__builder.hpp
[15.445s] -- Symlinking: /home/sonvu/ur_ws/install/ur_dashboard_msgs/include/ur_dashboard_msgs/ur_dashboard_msgs/msg/detail/program_information__struct.hpp
[15.454s] -- Symlinking: /home/sonvu/ur_ws/install/ur_dashboard_msgs/include/ur_dashboard_msgs/ur_dashboard_msgs/msg/detail/program_information__traits.hpp
[15.472s] -- Symlinking: /home/sonvu/ur_ws/install/ur_dashboard_msgs/include/ur_dashboard_msgs/ur_dashboard_msgs/msg/detail/program_information__type_support.hpp
[15.481s] -- Symlinking: /home/sonvu/ur_ws/install/ur_dashboard_msgs/include/ur_dashboard_msgs/ur_dashboard_msgs/msg/detail/program_state__builder.hpp
[15.490s] -- Symlinking: /home/sonvu/ur_ws/install/ur_dashboard_msgs/include/ur_dashboard_msgs/ur_dashboard_msgs/msg/detail/program_state__struct.hpp
[15.508s] -- Symlinking: /home/sonvu/ur_ws/install/ur_dashboard_msgs/include/ur_dashboard_msgs/ur_dashboard_msgs/msg/detail/program_state__traits.hpp
[15.521s] -- Symlinking: /home/sonvu/ur_ws/install/ur_dashboard_msgs/include/ur_dashboard_msgs/ur_dashboard_msgs/msg/detail/program_state__type_support.hpp
[15.535s] -- Symlinking: /home/sonvu/ur_ws/install/ur_dashboard_msgs/include/ur_dashboard_msgs/ur_dashboard_msgs/msg/detail/robot_mode__builder.hpp
[15.549s] -- Symlinking: /home/sonvu/ur_ws/install/ur_dashboard_msgs/include/ur_dashboard_msgs/ur_dashboard_msgs/msg/detail/robot_mode__struct.hpp
[15.565s] -- Symlinking: /home/sonvu/ur_ws/install/ur_dashboard_msgs/include/ur_dashboard_msgs/ur_dashboard_msgs/msg/detail/robot_mode__traits.hpp
[15.578s] -- Symlinking: /home/sonvu/ur_ws/install/ur_dashboard_msgs/include/ur_dashboard_msgs/ur_dashboard_msgs/msg/detail/robot_mode__type_support.hpp
[15.587s] -- Symlinking: /home/sonvu/ur_ws/install/ur_dashboard_msgs/include/ur_dashboard_msgs/ur_dashboard_msgs/msg/detail/safety_mode__builder.hpp
[15.601s] -- Symlinking: /home/sonvu/ur_ws/install/ur_dashboard_msgs/include/ur_dashboard_msgs/ur_dashboard_msgs/msg/detail/safety_mode__struct.hpp
[15.609s] -- Symlinking: /home/sonvu/ur_ws/install/ur_dashboard_msgs/include/ur_dashboard_msgs/ur_dashboard_msgs/msg/detail/safety_mode__traits.hpp
[15.619s] -- Symlinking: /home/sonvu/ur_ws/install/ur_dashboard_msgs/include/ur_dashboard_msgs/ur_dashboard_msgs/msg/detail/safety_mode__type_support.hpp
[15.628s] -- Symlinking: /home/sonvu/ur_ws/install/ur_dashboard_msgs/include/ur_dashboard_msgs/ur_dashboard_msgs/msg/detail/safety_status__builder.hpp
[15.636s] -- Symlinking: /home/sonvu/ur_ws/install/ur_dashboard_msgs/include/ur_dashboard_msgs/ur_dashboard_msgs/msg/detail/safety_status__struct.hpp
[15.643s] -- Symlinking: /home/sonvu/ur_ws/install/ur_dashboard_msgs/include/ur_dashboard_msgs/ur_dashboard_msgs/msg/detail/safety_status__traits.hpp
[15.651s] -- Symlinking: /home/sonvu/ur_ws/install/ur_dashboard_msgs/include/ur_dashboard_msgs/ur_dashboard_msgs/msg/detail/safety_status__type_support.hpp
[15.659s] -- Symlinking: /home/sonvu/ur_ws/install/ur_dashboard_msgs/include/ur_dashboard_msgs/ur_dashboard_msgs/msg/detail/user_role__builder.hpp
[15.667s] -- Symlinking: /home/sonvu/ur_ws/install/ur_dashboard_msgs/include/ur_dashboard_msgs/ur_dashboard_msgs/msg/detail/user_role__struct.hpp
[15.673s] -- Symlinking: /home/sonvu/ur_ws/install/ur_dashboard_msgs/include/ur_dashboard_msgs/ur_dashboard_msgs/msg/detail/user_role__traits.hpp
[15.680s] -- Symlinking: /home/sonvu/ur_ws/install/ur_dashboard_msgs/include/ur_dashboard_msgs/ur_dashboard_msgs/msg/detail/user_role__type_support.hpp
[15.685s] -- Symlinking: /home/sonvu/ur_ws/install/ur_dashboard_msgs/include/ur_dashboard_msgs/ur_dashboard_msgs/msg/detail/version_information__builder.hpp
[15.691s] -- Symlinking: /home/sonvu/ur_ws/install/ur_dashboard_msgs/include/ur_dashboard_msgs/ur_dashboard_msgs/msg/detail/version_information__struct.hpp
[15.696s] -- Symlinking: /home/sonvu/ur_ws/install/ur_dashboard_msgs/include/ur_dashboard_msgs/ur_dashboard_msgs/msg/detail/version_information__traits.hpp
[15.701s] -- Symlinking: /home/sonvu/ur_ws/install/ur_dashboard_msgs/include/ur_dashboard_msgs/ur_dashboard_msgs/msg/detail/version_information__type_support.hpp
[15.706s] -- Symlinking: /home/sonvu/ur_ws/install/ur_dashboard_msgs/include/ur_dashboard_msgs/ur_dashboard_msgs/msg/operational_mode.hpp
[15.711s] -- Symlinking: /home/sonvu/ur_ws/install/ur_dashboard_msgs/include/ur_dashboard_msgs/ur_dashboard_msgs/msg/program_information.hpp
[15.718s] -- Symlinking: /home/sonvu/ur_ws/install/ur_dashboard_msgs/include/ur_dashboard_msgs/ur_dashboard_msgs/msg/program_state.hpp
[15.723s] -- Symlinking: /home/sonvu/ur_ws/install/ur_dashboard_msgs/include/ur_dashboard_msgs/ur_dashboard_msgs/msg/robot_mode.hpp
[15.732s] -- Symlinking: /home/sonvu/ur_ws/install/ur_dashboard_msgs/include/ur_dashboard_msgs/ur_dashboard_msgs/msg/rosidl_generator_cpp__visibility_control.hpp
[15.736s] -- Symlinking: /home/sonvu/ur_ws/install/ur_dashboard_msgs/include/ur_dashboard_msgs/ur_dashboard_msgs/msg/safety_mode.hpp
[15.741s] -- Symlinking: /home/sonvu/ur_ws/install/ur_dashboard_msgs/include/ur_dashboard_msgs/ur_dashboard_msgs/msg/safety_status.hpp
[15.748s] -- Symlinking: /home/sonvu/ur_ws/install/ur_dashboard_msgs/include/ur_dashboard_msgs/ur_dashboard_msgs/msg/user_role.hpp
[15.755s] -- Symlinking: /home/sonvu/ur_ws/install/ur_dashboard_msgs/include/ur_dashboard_msgs/ur_dashboard_msgs/msg/version_information.hpp
[15.760s] -- Symlinking: /home/sonvu/ur_ws/install/ur_dashboard_msgs/include/ur_dashboard_msgs/ur_dashboard_msgs/srv/add_to_log.hpp
[15.766s] -- Symlinking: /home/sonvu/ur_ws/install/ur_dashboard_msgs/include/ur_dashboard_msgs/ur_dashboard_msgs/srv/detail/add_to_log__builder.hpp
[15.772s] -- Symlinking: /home/sonvu/ur_ws/install/ur_dashboard_msgs/include/ur_dashboard_msgs/ur_dashboard_msgs/srv/detail/add_to_log__struct.hpp
[15.781s] -- Symlinking: /home/sonvu/ur_ws/install/ur_dashboard_msgs/include/ur_dashboard_msgs/ur_dashboard_msgs/srv/detail/add_to_log__traits.hpp
[15.786s] -- Symlinking: /home/sonvu/ur_ws/install/ur_dashboard_msgs/include/ur_dashboard_msgs/ur_dashboard_msgs/srv/detail/add_to_log__type_support.hpp
[15.793s] -- Symlinking: /home/sonvu/ur_ws/install/ur_dashboard_msgs/include/ur_dashboard_msgs/ur_dashboard_msgs/srv/detail/download_program__builder.hpp
[15.799s] -- Symlinking: /home/sonvu/ur_ws/install/ur_dashboard_msgs/include/ur_dashboard_msgs/ur_dashboard_msgs/srv/detail/download_program__struct.hpp
[15.805s] -- Symlinking: /home/sonvu/ur_ws/install/ur_dashboard_msgs/include/ur_dashboard_msgs/ur_dashboard_msgs/srv/detail/download_program__traits.hpp
[15.811s] -- Symlinking: /home/sonvu/ur_ws/install/ur_dashboard_msgs/include/ur_dashboard_msgs/ur_dashboard_msgs/srv/detail/download_program__type_support.hpp
[15.820s] -- Symlinking: /home/sonvu/ur_ws/install/ur_dashboard_msgs/include/ur_dashboard_msgs/ur_dashboard_msgs/srv/detail/download_support_file__builder.hpp
[15.832s] -- Symlinking: /home/sonvu/ur_ws/install/ur_dashboard_msgs/include/ur_dashboard_msgs/ur_dashboard_msgs/srv/detail/download_support_file__struct.hpp
[15.840s] -- Symlinking: /home/sonvu/ur_ws/install/ur_dashboard_msgs/include/ur_dashboard_msgs/ur_dashboard_msgs/srv/detail/download_support_file__traits.hpp
[15.845s] -- Symlinking: /home/sonvu/ur_ws/install/ur_dashboard_msgs/include/ur_dashboard_msgs/ur_dashboard_msgs/srv/detail/download_support_file__type_support.hpp
[15.851s] -- Symlinking: /home/sonvu/ur_ws/install/ur_dashboard_msgs/include/ur_dashboard_msgs/ur_dashboard_msgs/srv/detail/generate_flight_report__builder.hpp
[15.858s] -- Symlinking: /home/sonvu/ur_ws/install/ur_dashboard_msgs/include/ur_dashboard_msgs/ur_dashboard_msgs/srv/detail/generate_flight_report__struct.hpp
[15.865s] -- Symlinking: /home/sonvu/ur_ws/install/ur_dashboard_msgs/include/ur_dashboard_msgs/ur_dashboard_msgs/srv/detail/generate_flight_report__traits.hpp
[15.870s] -- Symlinking: /home/sonvu/ur_ws/install/ur_dashboard_msgs/include/ur_dashboard_msgs/ur_dashboard_msgs/srv/detail/generate_flight_report__type_support.hpp
[15.878s] -- Symlinking: /home/sonvu/ur_ws/install/ur_dashboard_msgs/include/ur_dashboard_msgs/ur_dashboard_msgs/srv/detail/generate_support_file__builder.hpp
[15.885s] -- Symlinking: /home/sonvu/ur_ws/install/ur_dashboard_msgs/include/ur_dashboard_msgs/ur_dashboard_msgs/srv/detail/generate_support_file__struct.hpp
[15.894s] -- Symlinking: /home/sonvu/ur_ws/install/ur_dashboard_msgs/include/ur_dashboard_msgs/ur_dashboard_msgs/srv/detail/generate_support_file__traits.hpp
[15.905s] -- Symlinking: /home/sonvu/ur_ws/install/ur_dashboard_msgs/include/ur_dashboard_msgs/ur_dashboard_msgs/srv/detail/generate_support_file__type_support.hpp
[15.919s] -- Symlinking: /home/sonvu/ur_ws/install/ur_dashboard_msgs/include/ur_dashboard_msgs/ur_dashboard_msgs/srv/detail/get_loaded_program__builder.hpp
[15.931s] -- Symlinking: /home/sonvu/ur_ws/install/ur_dashboard_msgs/include/ur_dashboard_msgs/ur_dashboard_msgs/srv/detail/get_loaded_program__struct.hpp
[15.938s] -- Symlinking: /home/sonvu/ur_ws/install/ur_dashboard_msgs/include/ur_dashboard_msgs/ur_dashboard_msgs/srv/detail/get_loaded_program__traits.hpp
[15.949s] -- Symlinking: /home/sonvu/ur_ws/install/ur_dashboard_msgs/include/ur_dashboard_msgs/ur_dashboard_msgs/srv/detail/get_loaded_program__type_support.hpp
[15.962s] -- Symlinking: /home/sonvu/ur_ws/install/ur_dashboard_msgs/include/ur_dashboard_msgs/ur_dashboard_msgs/srv/detail/get_operational_mode__builder.hpp
[15.968s] -- Symlinking: /home/sonvu/ur_ws/install/ur_dashboard_msgs/include/ur_dashboard_msgs/ur_dashboard_msgs/srv/detail/get_operational_mode__struct.hpp
[15.974s] -- Symlinking: /home/sonvu/ur_ws/install/ur_dashboard_msgs/include/ur_dashboard_msgs/ur_dashboard_msgs/srv/detail/get_operational_mode__traits.hpp
[15.979s] -- Symlinking: /home/sonvu/ur_ws/install/ur_dashboard_msgs/include/ur_dashboard_msgs/ur_dashboard_msgs/srv/detail/get_operational_mode__type_support.hpp
[15.987s] -- Symlinking: /home/sonvu/ur_ws/install/ur_dashboard_msgs/include/ur_dashboard_msgs/ur_dashboard_msgs/srv/detail/get_poly_scope_version__builder.hpp
[15.996s] -- Symlinking: /home/sonvu/ur_ws/install/ur_dashboard_msgs/include/ur_dashboard_msgs/ur_dashboard_msgs/srv/detail/get_poly_scope_version__struct.hpp
[16.005s] -- Symlinking: /home/sonvu/ur_ws/install/ur_dashboard_msgs/include/ur_dashboard_msgs/ur_dashboard_msgs/srv/detail/get_poly_scope_version__traits.hpp
[16.011s] -- Symlinking: /home/sonvu/ur_ws/install/ur_dashboard_msgs/include/ur_dashboard_msgs/ur_dashboard_msgs/srv/detail/get_poly_scope_version__type_support.hpp
[16.015s] -- Symlinking: /home/sonvu/ur_ws/install/ur_dashboard_msgs/include/ur_dashboard_msgs/ur_dashboard_msgs/srv/detail/get_program_state__builder.hpp
[16.051s] -- Symlinking: /home/sonvu/ur_ws/install/ur_dashboard_msgs/include/ur_dashboard_msgs/ur_dashboard_msgs/srv/detail/get_program_state__struct.hpp
[16.073s] -- Symlinking: /home/sonvu/ur_ws/install/ur_dashboard_msgs/include/ur_dashboard_msgs/ur_dashboard_msgs/srv/detail/get_program_state__traits.hpp
[16.087s] -- Symlinking: /home/sonvu/ur_ws/install/ur_dashboard_msgs/include/ur_dashboard_msgs/ur_dashboard_msgs/srv/detail/get_program_state__type_support.hpp
[16.099s] -- Symlinking: /home/sonvu/ur_ws/install/ur_dashboard_msgs/include/ur_dashboard_msgs/ur_dashboard_msgs/srv/detail/get_programs__builder.hpp
[16.106s] -- Symlinking: /home/sonvu/ur_ws/install/ur_dashboard_msgs/include/ur_dashboard_msgs/ur_dashboard_msgs/srv/detail/get_programs__struct.hpp
[16.113s] -- Symlinking: /home/sonvu/ur_ws/install/ur_dashboard_msgs/include/ur_dashboard_msgs/ur_dashboard_msgs/srv/detail/get_programs__traits.hpp
[16.118s] -- Symlinking: /home/sonvu/ur_ws/install/ur_dashboard_msgs/include/ur_dashboard_msgs/ur_dashboard_msgs/srv/detail/get_programs__type_support.hpp
[16.122s] -- Symlinking: /home/sonvu/ur_ws/install/ur_dashboard_msgs/include/ur_dashboard_msgs/ur_dashboard_msgs/srv/detail/get_robot_mode__builder.hpp
[16.129s] -- Symlinking: /home/sonvu/ur_ws/install/ur_dashboard_msgs/include/ur_dashboard_msgs/ur_dashboard_msgs/srv/detail/get_robot_mode__struct.hpp
[16.137s] -- Symlinking: /home/sonvu/ur_ws/install/ur_dashboard_msgs/include/ur_dashboard_msgs/ur_dashboard_msgs/srv/detail/get_robot_mode__traits.hpp
[16.142s] -- Symlinking: /home/sonvu/ur_ws/install/ur_dashboard_msgs/include/ur_dashboard_msgs/ur_dashboard_msgs/srv/detail/get_robot_mode__type_support.hpp
[16.147s] -- Symlinking: /home/sonvu/ur_ws/install/ur_dashboard_msgs/include/ur_dashboard_msgs/ur_dashboard_msgs/srv/detail/get_robot_model__builder.hpp
[16.156s] -- Symlinking: /home/sonvu/ur_ws/install/ur_dashboard_msgs/include/ur_dashboard_msgs/ur_dashboard_msgs/srv/detail/get_robot_model__struct.hpp
[16.162s] -- Symlinking: /home/sonvu/ur_ws/install/ur_dashboard_msgs/include/ur_dashboard_msgs/ur_dashboard_msgs/srv/detail/get_robot_model__traits.hpp
[16.171s] -- Symlinking: /home/sonvu/ur_ws/install/ur_dashboard_msgs/include/ur_dashboard_msgs/ur_dashboard_msgs/srv/detail/get_robot_model__type_support.hpp
[16.179s] -- Symlinking: /home/sonvu/ur_ws/install/ur_dashboard_msgs/include/ur_dashboard_msgs/ur_dashboard_msgs/srv/detail/get_safety_mode__builder.hpp
[16.187s] -- Symlinking: /home/sonvu/ur_ws/install/ur_dashboard_msgs/include/ur_dashboard_msgs/ur_dashboard_msgs/srv/detail/get_safety_mode__struct.hpp
[16.201s] -- Symlinking: /home/sonvu/ur_ws/install/ur_dashboard_msgs/include/ur_dashboard_msgs/ur_dashboard_msgs/srv/detail/get_safety_mode__traits.hpp
[16.215s] -- Symlinking: /home/sonvu/ur_ws/install/ur_dashboard_msgs/include/ur_dashboard_msgs/ur_dashboard_msgs/srv/detail/get_safety_mode__type_support.hpp
[16.234s] -- Symlinking: /home/sonvu/ur_ws/install/ur_dashboard_msgs/include/ur_dashboard_msgs/ur_dashboard_msgs/srv/detail/get_safety_status__builder.hpp
[16.240s] -- Symlinking: /home/sonvu/ur_ws/install/ur_dashboard_msgs/include/ur_dashboard_msgs/ur_dashboard_msgs/srv/detail/get_safety_status__struct.hpp
[16.247s] -- Symlinking: /home/sonvu/ur_ws/install/ur_dashboard_msgs/include/ur_dashboard_msgs/ur_dashboard_msgs/srv/detail/get_safety_status__traits.hpp
[16.256s] -- Symlinking: /home/sonvu/ur_ws/install/ur_dashboard_msgs/include/ur_dashboard_msgs/ur_dashboard_msgs/srv/detail/get_safety_status__type_support.hpp
[16.266s] -- Symlinking: /home/sonvu/ur_ws/install/ur_dashboard_msgs/include/ur_dashboard_msgs/ur_dashboard_msgs/srv/detail/get_serial_number__builder.hpp
[16.273s] -- Symlinking: /home/sonvu/ur_ws/install/ur_dashboard_msgs/include/ur_dashboard_msgs/ur_dashboard_msgs/srv/detail/get_serial_number__struct.hpp
[16.280s] -- Symlinking: /home/sonvu/ur_ws/install/ur_dashboard_msgs/include/ur_dashboard_msgs/ur_dashboard_msgs/srv/detail/get_serial_number__traits.hpp
[16.286s] -- Symlinking: /home/sonvu/ur_ws/install/ur_dashboard_msgs/include/ur_dashboard_msgs/ur_dashboard_msgs/srv/detail/get_serial_number__type_support.hpp
[16.295s] -- Symlinking: /home/sonvu/ur_ws/install/ur_dashboard_msgs/include/ur_dashboard_msgs/ur_dashboard_msgs/srv/detail/get_user_role__builder.hpp
[16.303s] -- Symlinking: /home/sonvu/ur_ws/install/ur_dashboard_msgs/include/ur_dashboard_msgs/ur_dashboard_msgs/srv/detail/get_user_role__struct.hpp
[16.308s] -- Symlinking: /home/sonvu/ur_ws/install/ur_dashboard_msgs/include/ur_dashboard_msgs/ur_dashboard_msgs/srv/detail/get_user_role__traits.hpp
[16.317s] -- Symlinking: /home/sonvu/ur_ws/install/ur_dashboard_msgs/include/ur_dashboard_msgs/ur_dashboard_msgs/srv/detail/get_user_role__type_support.hpp
[16.323s] -- Symlinking: /home/sonvu/ur_ws/install/ur_dashboard_msgs/include/ur_dashboard_msgs/ur_dashboard_msgs/srv/detail/is_in_remote_control__builder.hpp
[16.328s] -- Symlinking: /home/sonvu/ur_ws/install/ur_dashboard_msgs/include/ur_dashboard_msgs/ur_dashboard_msgs/srv/detail/is_in_remote_control__struct.hpp
[16.337s] -- Symlinking: /home/sonvu/ur_ws/install/ur_dashboard_msgs/include/ur_dashboard_msgs/ur_dashboard_msgs/srv/detail/is_in_remote_control__traits.hpp
[16.343s] -- Symlinking: /home/sonvu/ur_ws/install/ur_dashboard_msgs/include/ur_dashboard_msgs/ur_dashboard_msgs/srv/detail/is_in_remote_control__type_support.hpp
[16.350s] -- Symlinking: /home/sonvu/ur_ws/install/ur_dashboard_msgs/include/ur_dashboard_msgs/ur_dashboard_msgs/srv/detail/is_program_running__builder.hpp
[16.355s] -- Symlinking: /home/sonvu/ur_ws/install/ur_dashboard_msgs/include/ur_dashboard_msgs/ur_dashboard_msgs/srv/detail/is_program_running__struct.hpp
[16.361s] -- Symlinking: /home/sonvu/ur_ws/install/ur_dashboard_msgs/include/ur_dashboard_msgs/ur_dashboard_msgs/srv/detail/is_program_running__traits.hpp
[16.368s] -- Symlinking: /home/sonvu/ur_ws/install/ur_dashboard_msgs/include/ur_dashboard_msgs/ur_dashboard_msgs/srv/detail/is_program_running__type_support.hpp
[16.373s] -- Symlinking: /home/sonvu/ur_ws/install/ur_dashboard_msgs/include/ur_dashboard_msgs/ur_dashboard_msgs/srv/detail/is_program_saved__builder.hpp
[16.380s] -- Symlinking: /home/sonvu/ur_ws/install/ur_dashboard_msgs/include/ur_dashboard_msgs/ur_dashboard_msgs/srv/detail/is_program_saved__struct.hpp
[16.389s] -- Symlinking: /home/sonvu/ur_ws/install/ur_dashboard_msgs/include/ur_dashboard_msgs/ur_dashboard_msgs/srv/detail/is_program_saved__traits.hpp
[16.399s] -- Symlinking: /home/sonvu/ur_ws/install/ur_dashboard_msgs/include/ur_dashboard_msgs/ur_dashboard_msgs/srv/detail/is_program_saved__type_support.hpp
[16.408s] -- Symlinking: /home/sonvu/ur_ws/install/ur_dashboard_msgs/include/ur_dashboard_msgs/ur_dashboard_msgs/srv/detail/load__builder.hpp
[16.421s] -- Symlinking: /home/sonvu/ur_ws/install/ur_dashboard_msgs/include/ur_dashboard_msgs/ur_dashboard_msgs/srv/detail/load__struct.hpp
[16.430s] -- Symlinking: /home/sonvu/ur_ws/install/ur_dashboard_msgs/include/ur_dashboard_msgs/ur_dashboard_msgs/srv/detail/load__traits.hpp
[16.441s] -- Symlinking: /home/sonvu/ur_ws/install/ur_dashboard_msgs/include/ur_dashboard_msgs/ur_dashboard_msgs/srv/detail/load__type_support.hpp
[16.452s] -- Symlinking: /home/sonvu/ur_ws/install/ur_dashboard_msgs/include/ur_dashboard_msgs/ur_dashboard_msgs/srv/detail/popup__builder.hpp
[16.461s] -- Symlinking: /home/sonvu/ur_ws/install/ur_dashboard_msgs/include/ur_dashboard_msgs/ur_dashboard_msgs/srv/detail/popup__struct.hpp
[16.468s] -- Symlinking: /home/sonvu/ur_ws/install/ur_dashboard_msgs/include/ur_dashboard_msgs/ur_dashboard_msgs/srv/detail/popup__traits.hpp
[16.475s] -- Symlinking: /home/sonvu/ur_ws/install/ur_dashboard_msgs/include/ur_dashboard_msgs/ur_dashboard_msgs/srv/detail/popup__type_support.hpp
[16.483s] -- Symlinking: /home/sonvu/ur_ws/install/ur_dashboard_msgs/include/ur_dashboard_msgs/ur_dashboard_msgs/srv/detail/raw_request__builder.hpp
[16.489s] -- Symlinking: /home/sonvu/ur_ws/install/ur_dashboard_msgs/include/ur_dashboard_msgs/ur_dashboard_msgs/srv/detail/raw_request__struct.hpp
[16.498s] -- Symlinking: /home/sonvu/ur_ws/install/ur_dashboard_msgs/include/ur_dashboard_msgs/ur_dashboard_msgs/srv/detail/raw_request__traits.hpp
[16.503s] -- Symlinking: /home/sonvu/ur_ws/install/ur_dashboard_msgs/include/ur_dashboard_msgs/ur_dashboard_msgs/srv/detail/raw_request__type_support.hpp
[16.508s] -- Symlinking: /home/sonvu/ur_ws/install/ur_dashboard_msgs/include/ur_dashboard_msgs/ur_dashboard_msgs/srv/detail/set_operational_mode__builder.hpp
[16.516s] -- Symlinking: /home/sonvu/ur_ws/install/ur_dashboard_msgs/include/ur_dashboard_msgs/ur_dashboard_msgs/srv/detail/set_operational_mode__struct.hpp
[16.522s] -- Symlinking: /home/sonvu/ur_ws/install/ur_dashboard_msgs/include/ur_dashboard_msgs/ur_dashboard_msgs/srv/detail/set_operational_mode__traits.hpp
[16.530s] -- Symlinking: /home/sonvu/ur_ws/install/ur_dashboard_msgs/include/ur_dashboard_msgs/ur_dashboard_msgs/srv/detail/set_operational_mode__type_support.hpp
[16.534s] -- Symlinking: /home/sonvu/ur_ws/install/ur_dashboard_msgs/include/ur_dashboard_msgs/ur_dashboard_msgs/srv/detail/set_user_role__builder.hpp
[16.540s] -- Symlinking: /home/sonvu/ur_ws/install/ur_dashboard_msgs/include/ur_dashboard_msgs/ur_dashboard_msgs/srv/detail/set_user_role__struct.hpp
[16.547s] -- Symlinking: /home/sonvu/ur_ws/install/ur_dashboard_msgs/include/ur_dashboard_msgs/ur_dashboard_msgs/srv/detail/set_user_role__traits.hpp
[16.554s] -- Symlinking: /home/sonvu/ur_ws/install/ur_dashboard_msgs/include/ur_dashboard_msgs/ur_dashboard_msgs/srv/detail/set_user_role__type_support.hpp
[16.559s] -- Symlinking: /home/sonvu/ur_ws/install/ur_dashboard_msgs/include/ur_dashboard_msgs/ur_dashboard_msgs/srv/detail/upload_program__builder.hpp
[16.566s] -- Symlinking: /home/sonvu/ur_ws/install/ur_dashboard_msgs/include/ur_dashboard_msgs/ur_dashboard_msgs/srv/detail/upload_program__struct.hpp
[16.571s] -- Symlinking: /home/sonvu/ur_ws/install/ur_dashboard_msgs/include/ur_dashboard_msgs/ur_dashboard_msgs/srv/detail/upload_program__traits.hpp
[16.579s] -- Symlinking: /home/sonvu/ur_ws/install/ur_dashboard_msgs/include/ur_dashboard_msgs/ur_dashboard_msgs/srv/detail/upload_program__type_support.hpp
[16.584s] -- Symlinking: /home/sonvu/ur_ws/install/ur_dashboard_msgs/include/ur_dashboard_msgs/ur_dashboard_msgs/srv/download_program.hpp
[16.593s] -- Symlinking: /home/sonvu/ur_ws/install/ur_dashboard_msgs/include/ur_dashboard_msgs/ur_dashboard_msgs/srv/download_support_file.hpp
[16.599s] -- Symlinking: /home/sonvu/ur_ws/install/ur_dashboard_msgs/include/ur_dashboard_msgs/ur_dashboard_msgs/srv/generate_flight_report.hpp
[16.604s] -- Symlinking: /home/sonvu/ur_ws/install/ur_dashboard_msgs/include/ur_dashboard_msgs/ur_dashboard_msgs/srv/generate_support_file.hpp
[16.610s] -- Symlinking: /home/sonvu/ur_ws/install/ur_dashboard_msgs/include/ur_dashboard_msgs/ur_dashboard_msgs/srv/get_loaded_program.hpp
[16.618s] -- Symlinking: /home/sonvu/ur_ws/install/ur_dashboard_msgs/include/ur_dashboard_msgs/ur_dashboard_msgs/srv/get_operational_mode.hpp
[16.623s] -- Symlinking: /home/sonvu/ur_ws/install/ur_dashboard_msgs/include/ur_dashboard_msgs/ur_dashboard_msgs/srv/get_poly_scope_version.hpp
[16.630s] -- Symlinking: /home/sonvu/ur_ws/install/ur_dashboard_msgs/include/ur_dashboard_msgs/ur_dashboard_msgs/srv/get_program_state.hpp
[16.636s] -- Symlinking: /home/sonvu/ur_ws/install/ur_dashboard_msgs/include/ur_dashboard_msgs/ur_dashboard_msgs/srv/get_programs.hpp
[16.645s] -- Symlinking: /home/sonvu/ur_ws/install/ur_dashboard_msgs/include/ur_dashboard_msgs/ur_dashboard_msgs/srv/get_robot_mode.hpp
[16.651s] -- Symlinking: /home/sonvu/ur_ws/install/ur_dashboard_msgs/include/ur_dashboard_msgs/ur_dashboard_msgs/srv/get_robot_model.hpp
[16.660s] -- Symlinking: /home/sonvu/ur_ws/install/ur_dashboard_msgs/include/ur_dashboard_msgs/ur_dashboard_msgs/srv/get_safety_mode.hpp
[16.665s] -- Symlinking: /home/sonvu/ur_ws/install/ur_dashboard_msgs/include/ur_dashboard_msgs/ur_dashboard_msgs/srv/get_safety_status.hpp
[16.670s] -- Symlinking: /home/sonvu/ur_ws/install/ur_dashboard_msgs/include/ur_dashboard_msgs/ur_dashboard_msgs/srv/get_serial_number.hpp
[16.677s] -- Symlinking: /home/sonvu/ur_ws/install/ur_dashboard_msgs/include/ur_dashboard_msgs/ur_dashboard_msgs/srv/get_user_role.hpp
[16.685s] -- Symlinking: /home/sonvu/ur_ws/install/ur_dashboard_msgs/include/ur_dashboard_msgs/ur_dashboard_msgs/srv/is_in_remote_control.hpp
[16.694s] -- Symlinking: /home/sonvu/ur_ws/install/ur_dashboard_msgs/include/ur_dashboard_msgs/ur_dashboard_msgs/srv/is_program_running.hpp
[16.700s] -- Symlinking: /home/sonvu/ur_ws/install/ur_dashboard_msgs/include/ur_dashboard_msgs/ur_dashboard_msgs/srv/is_program_saved.hpp
[16.709s] -- Symlinking: /home/sonvu/ur_ws/install/ur_dashboard_msgs/include/ur_dashboard_msgs/ur_dashboard_msgs/srv/load.hpp
[16.716s] -- Symlinking: /home/sonvu/ur_ws/install/ur_dashboard_msgs/include/ur_dashboard_msgs/ur_dashboard_msgs/srv/popup.hpp
[16.724s] -- Symlinking: /home/sonvu/ur_ws/install/ur_dashboard_msgs/include/ur_dashboard_msgs/ur_dashboard_msgs/srv/raw_request.hpp
[16.733s] -- Symlinking: /home/sonvu/ur_ws/install/ur_dashboard_msgs/include/ur_dashboard_msgs/ur_dashboard_msgs/srv/set_operational_mode.hpp
[16.745s] -- Symlinking: /home/sonvu/ur_ws/install/ur_dashboard_msgs/include/ur_dashboard_msgs/ur_dashboard_msgs/srv/set_user_role.hpp
[16.755s] -- Symlinking: /home/sonvu/ur_ws/install/ur_dashboard_msgs/include/ur_dashboard_msgs/ur_dashboard_msgs/srv/upload_program.hpp
[16.764s] -- Symlinking: /home/sonvu/ur_ws/install/ur_dashboard_msgs/include/ur_dashboard_msgs/ur_dashboard_msgs/action/detail/set_mode__rosidl_typesupport_fastrtps_cpp.hpp
[16.774s] -- Symlinking: /home/sonvu/ur_ws/install/ur_dashboard_msgs/include/ur_dashboard_msgs/ur_dashboard_msgs/msg/detail/operational_mode__rosidl_typesupport_fastrtps_cpp.hpp
[16.780s] -- Symlinking: /home/sonvu/ur_ws/install/ur_dashboard_msgs/include/ur_dashboard_msgs/ur_dashboard_msgs/msg/detail/program_information__rosidl_typesupport_fastrtps_cpp.hpp
[16.787s] -- Symlinking: /home/sonvu/ur_ws/install/ur_dashboard_msgs/include/ur_dashboard_msgs/ur_dashboard_msgs/msg/detail/program_state__rosidl_typesupport_fastrtps_cpp.hpp
[16.795s] -- Symlinking: /home/sonvu/ur_ws/install/ur_dashboard_msgs/include/ur_dashboard_msgs/ur_dashboard_msgs/msg/detail/robot_mode__rosidl_typesupport_fastrtps_cpp.hpp
[16.802s] -- Symlinking: /home/sonvu/ur_ws/install/ur_dashboard_msgs/include/ur_dashboard_msgs/ur_dashboard_msgs/msg/detail/safety_mode__rosidl_typesupport_fastrtps_cpp.hpp
[16.810s] -- Symlinking: /home/sonvu/ur_ws/install/ur_dashboard_msgs/include/ur_dashboard_msgs/ur_dashboard_msgs/msg/detail/safety_status__rosidl_typesupport_fastrtps_cpp.hpp
[16.816s] -- Symlinking: /home/sonvu/ur_ws/install/ur_dashboard_msgs/include/ur_dashboard_msgs/ur_dashboard_msgs/msg/detail/user_role__rosidl_typesupport_fastrtps_cpp.hpp
[16.825s] -- Symlinking: /home/sonvu/ur_ws/install/ur_dashboard_msgs/include/ur_dashboard_msgs/ur_dashboard_msgs/msg/detail/version_information__rosidl_typesupport_fastrtps_cpp.hpp
[16.830s] -- Symlinking: /home/sonvu/ur_ws/install/ur_dashboard_msgs/include/ur_dashboard_msgs/ur_dashboard_msgs/msg/rosidl_typesupport_fastrtps_cpp__visibility_control.h
[16.836s] -- Symlinking: /home/sonvu/ur_ws/install/ur_dashboard_msgs/include/ur_dashboard_msgs/ur_dashboard_msgs/srv/detail/add_to_log__rosidl_typesupport_fastrtps_cpp.hpp
[16.843s] -- Symlinking: /home/sonvu/ur_ws/install/ur_dashboard_msgs/include/ur_dashboard_msgs/ur_dashboard_msgs/srv/detail/download_program__rosidl_typesupport_fastrtps_cpp.hpp
[16.850s] -- Symlinking: /home/sonvu/ur_ws/install/ur_dashboard_msgs/include/ur_dashboard_msgs/ur_dashboard_msgs/srv/detail/download_support_file__rosidl_typesupport_fastrtps_cpp.hpp
[16.858s] -- Symlinking: /home/sonvu/ur_ws/install/ur_dashboard_msgs/include/ur_dashboard_msgs/ur_dashboard_msgs/srv/detail/generate_flight_report__rosidl_typesupport_fastrtps_cpp.hpp
[16.863s] -- Symlinking: /home/sonvu/ur_ws/install/ur_dashboard_msgs/include/ur_dashboard_msgs/ur_dashboard_msgs/srv/detail/generate_support_file__rosidl_typesupport_fastrtps_cpp.hpp
[16.868s] -- Symlinking: /home/sonvu/ur_ws/install/ur_dashboard_msgs/include/ur_dashboard_msgs/ur_dashboard_msgs/srv/detail/get_loaded_program__rosidl_typesupport_fastrtps_cpp.hpp
[16.874s] -- Symlinking: /home/sonvu/ur_ws/install/ur_dashboard_msgs/include/ur_dashboard_msgs/ur_dashboard_msgs/srv/detail/get_operational_mode__rosidl_typesupport_fastrtps_cpp.hpp
[16.881s] -- Symlinking: /home/sonvu/ur_ws/install/ur_dashboard_msgs/include/ur_dashboard_msgs/ur_dashboard_msgs/srv/detail/get_poly_scope_version__rosidl_typesupport_fastrtps_cpp.hpp
[16.888s] -- Symlinking: /home/sonvu/ur_ws/install/ur_dashboard_msgs/include/ur_dashboard_msgs/ur_dashboard_msgs/srv/detail/get_program_state__rosidl_typesupport_fastrtps_cpp.hpp
[16.895s] -- Symlinking: /home/sonvu/ur_ws/install/ur_dashboard_msgs/include/ur_dashboard_msgs/ur_dashboard_msgs/srv/detail/get_programs__rosidl_typesupport_fastrtps_cpp.hpp
[16.900s] -- Symlinking: /home/sonvu/ur_ws/install/ur_dashboard_msgs/include/ur_dashboard_msgs/ur_dashboard_msgs/srv/detail/get_robot_mode__rosidl_typesupport_fastrtps_cpp.hpp
[16.906s] -- Symlinking: /home/sonvu/ur_ws/install/ur_dashboard_msgs/include/ur_dashboard_msgs/ur_dashboard_msgs/srv/detail/get_robot_model__rosidl_typesupport_fastrtps_cpp.hpp
[16.915s] -- Symlinking: /home/sonvu/ur_ws/install/ur_dashboard_msgs/include/ur_dashboard_msgs/ur_dashboard_msgs/srv/detail/get_safety_mode__rosidl_typesupport_fastrtps_cpp.hpp
[16.920s] -- Symlinking: /home/sonvu/ur_ws/install/ur_dashboard_msgs/include/ur_dashboard_msgs/ur_dashboard_msgs/srv/detail/get_safety_status__rosidl_typesupport_fastrtps_cpp.hpp
[16.926s] -- Symlinking: /home/sonvu/ur_ws/install/ur_dashboard_msgs/include/ur_dashboard_msgs/ur_dashboard_msgs/srv/detail/get_serial_number__rosidl_typesupport_fastrtps_cpp.hpp
[16.934s] -- Symlinking: /home/sonvu/ur_ws/install/ur_dashboard_msgs/include/ur_dashboard_msgs/ur_dashboard_msgs/srv/detail/get_user_role__rosidl_typesupport_fastrtps_cpp.hpp
[16.943s] -- Symlinking: /home/sonvu/ur_ws/install/ur_dashboard_msgs/include/ur_dashboard_msgs/ur_dashboard_msgs/srv/detail/is_in_remote_control__rosidl_typesupport_fastrtps_cpp.hpp
[16.951s] -- Symlinking: /home/sonvu/ur_ws/install/ur_dashboard_msgs/include/ur_dashboard_msgs/ur_dashboard_msgs/srv/detail/is_program_running__rosidl_typesupport_fastrtps_cpp.hpp
[16.960s] -- Symlinking: /home/sonvu/ur_ws/install/ur_dashboard_msgs/include/ur_dashboard_msgs/ur_dashboard_msgs/srv/detail/is_program_saved__rosidl_typesupport_fastrtps_cpp.hpp
[16.969s] -- Symlinking: /home/sonvu/ur_ws/install/ur_dashboard_msgs/include/ur_dashboard_msgs/ur_dashboard_msgs/srv/detail/load__rosidl_typesupport_fastrtps_cpp.hpp
[16.974s] -- Symlinking: /home/sonvu/ur_ws/install/ur_dashboard_msgs/include/ur_dashboard_msgs/ur_dashboard_msgs/srv/detail/popup__rosidl_typesupport_fastrtps_cpp.hpp
[16.981s] -- Symlinking: /home/sonvu/ur_ws/install/ur_dashboard_msgs/include/ur_dashboard_msgs/ur_dashboard_msgs/srv/detail/raw_request__rosidl_typesupport_fastrtps_cpp.hpp
[16.989s] -- Symlinking: /home/sonvu/ur_ws/install/ur_dashboard_msgs/include/ur_dashboard_msgs/ur_dashboard_msgs/srv/detail/set_operational_mode__rosidl_typesupport_fastrtps_cpp.hpp
[16.995s] -- Symlinking: /home/sonvu/ur_ws/install/ur_dashboard_msgs/include/ur_dashboard_msgs/ur_dashboard_msgs/srv/detail/set_user_role__rosidl_typesupport_fastrtps_cpp.hpp
[17.006s] -- Symlinking: /home/sonvu/ur_ws/install/ur_dashboard_msgs/include/ur_dashboard_msgs/ur_dashboard_msgs/srv/detail/upload_program__rosidl_typesupport_fastrtps_cpp.hpp
[17.016s] -- Symlinking: /home/sonvu/ur_ws/install/ur_dashboard_msgs/include/ur_dashboard_msgs/ur_dashboard_msgs/action/detail/set_mode__rosidl_typesupport_introspection_cpp.hpp
[17.022s] -- Symlinking: /home/sonvu/ur_ws/install/ur_dashboard_msgs/include/ur_dashboard_msgs/ur_dashboard_msgs/msg/detail/operational_mode__rosidl_typesupport_introspection_cpp.hpp
[17.027s] -- Symlinking: /home/sonvu/ur_ws/install/ur_dashboard_msgs/include/ur_dashboard_msgs/ur_dashboard_msgs/msg/detail/program_information__rosidl_typesupport_introspection_cpp.hpp
[17.033s] -- Symlinking: /home/sonvu/ur_ws/install/ur_dashboard_msgs/include/ur_dashboard_msgs/ur_dashboard_msgs/msg/detail/program_state__rosidl_typesupport_introspection_cpp.hpp
[17.040s] -- Symlinking: /home/sonvu/ur_ws/install/ur_dashboard_msgs/include/ur_dashboard_msgs/ur_dashboard_msgs/msg/detail/robot_mode__rosidl_typesupport_introspection_cpp.hpp
[17.046s] -- Symlinking: /home/sonvu/ur_ws/install/ur_dashboard_msgs/include/ur_dashboard_msgs/ur_dashboard_msgs/msg/detail/safety_mode__rosidl_typesupport_introspection_cpp.hpp
[17.053s] -- Symlinking: /home/sonvu/ur_ws/install/ur_dashboard_msgs/include/ur_dashboard_msgs/ur_dashboard_msgs/msg/detail/safety_status__rosidl_typesupport_introspection_cpp.hpp
[17.058s] -- Symlinking: /home/sonvu/ur_ws/install/ur_dashboard_msgs/include/ur_dashboard_msgs/ur_dashboard_msgs/msg/detail/user_role__rosidl_typesupport_introspection_cpp.hpp
[17.066s] -- Symlinking: /home/sonvu/ur_ws/install/ur_dashboard_msgs/include/ur_dashboard_msgs/ur_dashboard_msgs/msg/detail/version_information__rosidl_typesupport_introspection_cpp.hpp
[17.071s] -- Symlinking: /home/sonvu/ur_ws/install/ur_dashboard_msgs/include/ur_dashboard_msgs/ur_dashboard_msgs/srv/detail/add_to_log__rosidl_typesupport_introspection_cpp.hpp
[17.077s] -- Symlinking: /home/sonvu/ur_ws/install/ur_dashboard_msgs/include/ur_dashboard_msgs/ur_dashboard_msgs/srv/detail/download_program__rosidl_typesupport_introspection_cpp.hpp
[17.085s] -- Symlinking: /home/sonvu/ur_ws/install/ur_dashboard_msgs/include/ur_dashboard_msgs/ur_dashboard_msgs/srv/detail/download_support_file__rosidl_typesupport_introspection_cpp.hpp
[17.094s] -- Symlinking: /home/sonvu/ur_ws/install/ur_dashboard_msgs/include/ur_dashboard_msgs/ur_dashboard_msgs/srv/detail/generate_flight_report__rosidl_typesupport_introspection_cpp.hpp
[17.102s] -- Symlinking: /home/sonvu/ur_ws/install/ur_dashboard_msgs/include/ur_dashboard_msgs/ur_dashboard_msgs/srv/detail/generate_support_file__rosidl_typesupport_introspection_cpp.hpp
[17.109s] -- Symlinking: /home/sonvu/ur_ws/install/ur_dashboard_msgs/include/ur_dashboard_msgs/ur_dashboard_msgs/srv/detail/get_loaded_program__rosidl_typesupport_introspection_cpp.hpp
[17.119s] -- Symlinking: /home/sonvu/ur_ws/install/ur_dashboard_msgs/include/ur_dashboard_msgs/ur_dashboard_msgs/srv/detail/get_operational_mode__rosidl_typesupport_introspection_cpp.hpp
[17.127s] -- Symlinking: /home/sonvu/ur_ws/install/ur_dashboard_msgs/include/ur_dashboard_msgs/ur_dashboard_msgs/srv/detail/get_poly_scope_version__rosidl_typesupport_introspection_cpp.hpp
[17.134s] -- Symlinking: /home/sonvu/ur_ws/install/ur_dashboard_msgs/include/ur_dashboard_msgs/ur_dashboard_msgs/srv/detail/get_program_state__rosidl_typesupport_introspection_cpp.hpp
[17.140s] -- Symlinking: /home/sonvu/ur_ws/install/ur_dashboard_msgs/include/ur_dashboard_msgs/ur_dashboard_msgs/srv/detail/get_programs__rosidl_typesupport_introspection_cpp.hpp
[17.146s] -- Symlinking: /home/sonvu/ur_ws/install/ur_dashboard_msgs/include/ur_dashboard_msgs/ur_dashboard_msgs/srv/detail/get_robot_mode__rosidl_typesupport_introspection_cpp.hpp
[17.151s] -- Symlinking: /home/sonvu/ur_ws/install/ur_dashboard_msgs/include/ur_dashboard_msgs/ur_dashboard_msgs/srv/detail/get_robot_model__rosidl_typesupport_introspection_cpp.hpp
[17.159s] -- Symlinking: /home/sonvu/ur_ws/install/ur_dashboard_msgs/include/ur_dashboard_msgs/ur_dashboard_msgs/srv/detail/get_safety_mode__rosidl_typesupport_introspection_cpp.hpp
[17.165s] -- Symlinking: /home/sonvu/ur_ws/install/ur_dashboard_msgs/include/ur_dashboard_msgs/ur_dashboard_msgs/srv/detail/get_safety_status__rosidl_typesupport_introspection_cpp.hpp
[17.169s] -- Symlinking: /home/sonvu/ur_ws/install/ur_dashboard_msgs/include/ur_dashboard_msgs/ur_dashboard_msgs/srv/detail/get_serial_number__rosidl_typesupport_introspection_cpp.hpp
[17.175s] -- Symlinking: /home/sonvu/ur_ws/install/ur_dashboard_msgs/include/ur_dashboard_msgs/ur_dashboard_msgs/srv/detail/get_user_role__rosidl_typesupport_introspection_cpp.hpp
[17.184s] -- Symlinking: /home/sonvu/ur_ws/install/ur_dashboard_msgs/include/ur_dashboard_msgs/ur_dashboard_msgs/srv/detail/is_in_remote_control__rosidl_typesupport_introspection_cpp.hpp
[17.192s] -- Symlinking: /home/sonvu/ur_ws/install/ur_dashboard_msgs/include/ur_dashboard_msgs/ur_dashboard_msgs/srv/detail/is_program_running__rosidl_typesupport_introspection_cpp.hpp
[17.201s] -- Symlinking: /home/sonvu/ur_ws/install/ur_dashboard_msgs/include/ur_dashboard_msgs/ur_dashboard_msgs/srv/detail/is_program_saved__rosidl_typesupport_introspection_cpp.hpp
[17.208s] -- Symlinking: /home/sonvu/ur_ws/install/ur_dashboard_msgs/include/ur_dashboard_msgs/ur_dashboard_msgs/srv/detail/load__rosidl_typesupport_introspection_cpp.hpp
[17.216s] -- Symlinking: /home/sonvu/ur_ws/install/ur_dashboard_msgs/include/ur_dashboard_msgs/ur_dashboard_msgs/srv/detail/popup__rosidl_typesupport_introspection_cpp.hpp
[17.224s] -- Symlinking: /home/sonvu/ur_ws/install/ur_dashboard_msgs/include/ur_dashboard_msgs/ur_dashboard_msgs/srv/detail/raw_request__rosidl_typesupport_introspection_cpp.hpp
[17.231s] -- Symlinking: /home/sonvu/ur_ws/install/ur_dashboard_msgs/include/ur_dashboard_msgs/ur_dashboard_msgs/srv/detail/set_operational_mode__rosidl_typesupport_introspection_cpp.hpp
[17.235s] -- Symlinking: /home/sonvu/ur_ws/install/ur_dashboard_msgs/include/ur_dashboard_msgs/ur_dashboard_msgs/srv/detail/set_user_role__rosidl_typesupport_introspection_cpp.hpp
[17.241s] -- Symlinking: /home/sonvu/ur_ws/install/ur_dashboard_msgs/include/ur_dashboard_msgs/ur_dashboard_msgs/srv/detail/upload_program__rosidl_typesupport_introspection_cpp.hpp
[17.248s] -- Symlinking: /home/sonvu/ur_ws/install/ur_dashboard_msgs/share/ur_dashboard_msgs/environment/pythonpath.sh
[17.253s] -- Symlinking: /home/sonvu/ur_ws/install/ur_dashboard_msgs/share/ur_dashboard_msgs/environment/pythonpath.dsv
[17.261s] -- Symlinking: /home/sonvu/ur_ws/install/ur_dashboard_msgs/local/lib/python3.10/dist-packages/ur_dashboard_msgs-2.15.0-py3.10.egg-info/PKG-INFO
[17.266s] -- Symlinking: /home/sonvu/ur_ws/install/ur_dashboard_msgs/local/lib/python3.10/dist-packages/ur_dashboard_msgs-2.15.0-py3.10.egg-info/SOURCES.txt
[17.273s] -- Symlinking: /home/sonvu/ur_ws/install/ur_dashboard_msgs/local/lib/python3.10/dist-packages/ur_dashboard_msgs-2.15.0-py3.10.egg-info/dependency_links.txt
[17.280s] -- Symlinking: /home/sonvu/ur_ws/install/ur_dashboard_msgs/local/lib/python3.10/dist-packages/ur_dashboard_msgs-2.15.0-py3.10.egg-info/top_level.txt
[17.286s] -- Symlinking: /home/sonvu/ur_ws/install/ur_dashboard_msgs/local/lib/python3.10/dist-packages/ur_dashboard_msgs/__init__.py
[17.292s] -- Symlinking: /home/sonvu/ur_ws/install/ur_dashboard_msgs/local/lib/python3.10/dist-packages/ur_dashboard_msgs/_ur_dashboard_msgs_s.ep.rosidl_typesupport_c.c
[17.298s] -- Symlinking: /home/sonvu/ur_ws/install/ur_dashboard_msgs/local/lib/python3.10/dist-packages/ur_dashboard_msgs/_ur_dashboard_msgs_s.ep.rosidl_typesupport_fastrtps_c.c
[17.305s] -- Symlinking: /home/sonvu/ur_ws/install/ur_dashboard_msgs/local/lib/python3.10/dist-packages/ur_dashboard_msgs/_ur_dashboard_msgs_s.ep.rosidl_typesupport_introspection_c.c
[17.311s] -- Symlinking: /home/sonvu/ur_ws/install/ur_dashboard_msgs/local/lib/python3.10/dist-packages/ur_dashboard_msgs/action/__init__.py
[17.316s] -- Symlinking: /home/sonvu/ur_ws/install/ur_dashboard_msgs/local/lib/python3.10/dist-packages/ur_dashboard_msgs/action/_set_mode.py
[17.323s] -- Symlinking: /home/sonvu/ur_ws/install/ur_dashboard_msgs/local/lib/python3.10/dist-packages/ur_dashboard_msgs/action/_set_mode_s.c
[17.328s] -- Symlinking: /home/sonvu/ur_ws/install/ur_dashboard_msgs/local/lib/python3.10/dist-packages/ur_dashboard_msgs/libur_dashboard_msgs__rosidl_generator_py.so
[17.334s] -- Symlinking: /home/sonvu/ur_ws/install/ur_dashboard_msgs/local/lib/python3.10/dist-packages/ur_dashboard_msgs/msg/__init__.py
[17.339s] -- Symlinking: /home/sonvu/ur_ws/install/ur_dashboard_msgs/local/lib/python3.10/dist-packages/ur_dashboard_msgs/msg/_operational_mode.py
[17.345s] -- Symlinking: /home/sonvu/ur_ws/install/ur_dashboard_msgs/local/lib/python3.10/dist-packages/ur_dashboard_msgs/msg/_operational_mode_s.c
[17.350s] -- Symlinking: /home/sonvu/ur_ws/install/ur_dashboard_msgs/local/lib/python3.10/dist-packages/ur_dashboard_msgs/msg/_program_information.py
[17.356s] -- Symlinking: /home/sonvu/ur_ws/install/ur_dashboard_msgs/local/lib/python3.10/dist-packages/ur_dashboard_msgs/msg/_program_information_s.c
[17.360s] -- Symlinking: /home/sonvu/ur_ws/install/ur_dashboard_msgs/local/lib/python3.10/dist-packages/ur_dashboard_msgs/msg/_program_state.py
[17.366s] -- Symlinking: /home/sonvu/ur_ws/install/ur_dashboard_msgs/local/lib/python3.10/dist-packages/ur_dashboard_msgs/msg/_program_state_s.c
[17.371s] -- Symlinking: /home/sonvu/ur_ws/install/ur_dashboard_msgs/local/lib/python3.10/dist-packages/ur_dashboard_msgs/msg/_robot_mode.py
[17.376s] -- Symlinking: /home/sonvu/ur_ws/install/ur_dashboard_msgs/local/lib/python3.10/dist-packages/ur_dashboard_msgs/msg/_robot_mode_s.c
[17.383s] -- Symlinking: /home/sonvu/ur_ws/install/ur_dashboard_msgs/local/lib/python3.10/dist-packages/ur_dashboard_msgs/msg/_safety_mode.py
[17.389s] -- Symlinking: /home/sonvu/ur_ws/install/ur_dashboard_msgs/local/lib/python3.10/dist-packages/ur_dashboard_msgs/msg/_safety_mode_s.c
[17.398s] -- Symlinking: /home/sonvu/ur_ws/install/ur_dashboard_msgs/local/lib/python3.10/dist-packages/ur_dashboard_msgs/msg/_safety_status.py
[17.408s] -- Symlinking: /home/sonvu/ur_ws/install/ur_dashboard_msgs/local/lib/python3.10/dist-packages/ur_dashboard_msgs/msg/_safety_status_s.c
[17.425s] -- Symlinking: /home/sonvu/ur_ws/install/ur_dashboard_msgs/local/lib/python3.10/dist-packages/ur_dashboard_msgs/msg/_user_role.py
[17.439s] -- Symlinking: /home/sonvu/ur_ws/install/ur_dashboard_msgs/local/lib/python3.10/dist-packages/ur_dashboard_msgs/msg/_user_role_s.c
[17.446s] -- Symlinking: /home/sonvu/ur_ws/install/ur_dashboard_msgs/local/lib/python3.10/dist-packages/ur_dashboard_msgs/msg/_version_information.py
[17.455s] -- Symlinking: /home/sonvu/ur_ws/install/ur_dashboard_msgs/local/lib/python3.10/dist-packages/ur_dashboard_msgs/msg/_version_information_s.c
[17.469s] -- Symlinking: /home/sonvu/ur_ws/install/ur_dashboard_msgs/local/lib/python3.10/dist-packages/ur_dashboard_msgs/srv/__init__.py
[17.480s] -- Symlinking: /home/sonvu/ur_ws/install/ur_dashboard_msgs/local/lib/python3.10/dist-packages/ur_dashboard_msgs/srv/_add_to_log.py
[17.493s] -- Symlinking: /home/sonvu/ur_ws/install/ur_dashboard_msgs/local/lib/python3.10/dist-packages/ur_dashboard_msgs/srv/_add_to_log_s.c
[17.508s] -- Symlinking: /home/sonvu/ur_ws/install/ur_dashboard_msgs/local/lib/python3.10/dist-packages/ur_dashboard_msgs/srv/_download_program.py
[17.524s] -- Symlinking: /home/sonvu/ur_ws/install/ur_dashboard_msgs/local/lib/python3.10/dist-packages/ur_dashboard_msgs/srv/_download_program_s.c
[17.537s] -- Symlinking: /home/sonvu/ur_ws/install/ur_dashboard_msgs/local/lib/python3.10/dist-packages/ur_dashboard_msgs/srv/_download_support_file.py
[17.551s] -- Symlinking: /home/sonvu/ur_ws/install/ur_dashboard_msgs/local/lib/python3.10/dist-packages/ur_dashboard_msgs/srv/_download_support_file_s.c
[17.574s] -- Symlinking: /home/sonvu/ur_ws/install/ur_dashboard_msgs/local/lib/python3.10/dist-packages/ur_dashboard_msgs/srv/_generate_flight_report.py
[17.588s] -- Symlinking: /home/sonvu/ur_ws/install/ur_dashboard_msgs/local/lib/python3.10/dist-packages/ur_dashboard_msgs/srv/_generate_flight_report_s.c
[17.601s] -- Symlinking: /home/sonvu/ur_ws/install/ur_dashboard_msgs/local/lib/python3.10/dist-packages/ur_dashboard_msgs/srv/_generate_support_file.py
[17.613s] -- Symlinking: /home/sonvu/ur_ws/install/ur_dashboard_msgs/local/lib/python3.10/dist-packages/ur_dashboard_msgs/srv/_generate_support_file_s.c
[17.634s] -- Symlinking: /home/sonvu/ur_ws/install/ur_dashboard_msgs/local/lib/python3.10/dist-packages/ur_dashboard_msgs/srv/_get_loaded_program.py
[17.654s] -- Symlinking: /home/sonvu/ur_ws/install/ur_dashboard_msgs/local/lib/python3.10/dist-packages/ur_dashboard_msgs/srv/_get_loaded_program_s.c
[17.667s] -- Symlinking: /home/sonvu/ur_ws/install/ur_dashboard_msgs/local/lib/python3.10/dist-packages/ur_dashboard_msgs/srv/_get_operational_mode.py
[17.678s] -- Symlinking: /home/sonvu/ur_ws/install/ur_dashboard_msgs/local/lib/python3.10/dist-packages/ur_dashboard_msgs/srv/_get_operational_mode_s.c
[17.689s] -- Symlinking: /home/sonvu/ur_ws/install/ur_dashboard_msgs/local/lib/python3.10/dist-packages/ur_dashboard_msgs/srv/_get_poly_scope_version.py
[17.698s] -- Symlinking: /home/sonvu/ur_ws/install/ur_dashboard_msgs/local/lib/python3.10/dist-packages/ur_dashboard_msgs/srv/_get_poly_scope_version_s.c
[17.711s] -- Symlinking: /home/sonvu/ur_ws/install/ur_dashboard_msgs/local/lib/python3.10/dist-packages/ur_dashboard_msgs/srv/_get_program_state.py
[17.728s] -- Symlinking: /home/sonvu/ur_ws/install/ur_dashboard_msgs/local/lib/python3.10/dist-packages/ur_dashboard_msgs/srv/_get_program_state_s.c
[17.746s] -- Symlinking: /home/sonvu/ur_ws/install/ur_dashboard_msgs/local/lib/python3.10/dist-packages/ur_dashboard_msgs/srv/_get_programs.py
[17.759s] -- Symlinking: /home/sonvu/ur_ws/install/ur_dashboard_msgs/local/lib/python3.10/dist-packages/ur_dashboard_msgs/srv/_get_programs_s.c
[17.773s] -- Symlinking: /home/sonvu/ur_ws/install/ur_dashboard_msgs/local/lib/python3.10/dist-packages/ur_dashboard_msgs/srv/_get_robot_mode.py
[17.799s] -- Symlinking: /home/sonvu/ur_ws/install/ur_dashboard_msgs/local/lib/python3.10/dist-packages/ur_dashboard_msgs/srv/_get_robot_mode_s.c
[17.814s] -- Symlinking: /home/sonvu/ur_ws/install/ur_dashboard_msgs/local/lib/python3.10/dist-packages/ur_dashboard_msgs/srv/_get_robot_model.py
[17.826s] -- Symlinking: /home/sonvu/ur_ws/install/ur_dashboard_msgs/local/lib/python3.10/dist-packages/ur_dashboard_msgs/srv/_get_robot_model_s.c
[17.838s] -- Symlinking: /home/sonvu/ur_ws/install/ur_dashboard_msgs/local/lib/python3.10/dist-packages/ur_dashboard_msgs/srv/_get_safety_mode.py
[17.851s] -- Symlinking: /home/sonvu/ur_ws/install/ur_dashboard_msgs/local/lib/python3.10/dist-packages/ur_dashboard_msgs/srv/_get_safety_mode_s.c
[17.862s] -- Symlinking: /home/sonvu/ur_ws/install/ur_dashboard_msgs/local/lib/python3.10/dist-packages/ur_dashboard_msgs/srv/_get_safety_status.py
[17.874s] -- Symlinking: /home/sonvu/ur_ws/install/ur_dashboard_msgs/local/lib/python3.10/dist-packages/ur_dashboard_msgs/srv/_get_safety_status_s.c
[17.885s] -- Symlinking: /home/sonvu/ur_ws/install/ur_dashboard_msgs/local/lib/python3.10/dist-packages/ur_dashboard_msgs/srv/_get_serial_number.py
[17.895s] -- Symlinking: /home/sonvu/ur_ws/install/ur_dashboard_msgs/local/lib/python3.10/dist-packages/ur_dashboard_msgs/srv/_get_serial_number_s.c
[17.900s] -- Symlinking: /home/sonvu/ur_ws/install/ur_dashboard_msgs/local/lib/python3.10/dist-packages/ur_dashboard_msgs/srv/_get_user_role.py
[17.908s] -- Symlinking: /home/sonvu/ur_ws/install/ur_dashboard_msgs/local/lib/python3.10/dist-packages/ur_dashboard_msgs/srv/_get_user_role_s.c
[17.916s] -- Symlinking: /home/sonvu/ur_ws/install/ur_dashboard_msgs/local/lib/python3.10/dist-packages/ur_dashboard_msgs/srv/_is_in_remote_control.py
[17.924s] -- Symlinking: /home/sonvu/ur_ws/install/ur_dashboard_msgs/local/lib/python3.10/dist-packages/ur_dashboard_msgs/srv/_is_in_remote_control_s.c
[17.929s] -- Symlinking: /home/sonvu/ur_ws/install/ur_dashboard_msgs/local/lib/python3.10/dist-packages/ur_dashboard_msgs/srv/_is_program_running.py
[17.936s] -- Symlinking: /home/sonvu/ur_ws/install/ur_dashboard_msgs/local/lib/python3.10/dist-packages/ur_dashboard_msgs/srv/_is_program_running_s.c
[17.946s] -- Symlinking: /home/sonvu/ur_ws/install/ur_dashboard_msgs/local/lib/python3.10/dist-packages/ur_dashboard_msgs/srv/_is_program_saved.py
[17.954s] -- Symlinking: /home/sonvu/ur_ws/install/ur_dashboard_msgs/local/lib/python3.10/dist-packages/ur_dashboard_msgs/srv/_is_program_saved_s.c
[17.963s] -- Symlinking: /home/sonvu/ur_ws/install/ur_dashboard_msgs/local/lib/python3.10/dist-packages/ur_dashboard_msgs/srv/_load.py
[17.973s] -- Symlinking: /home/sonvu/ur_ws/install/ur_dashboard_msgs/local/lib/python3.10/dist-packages/ur_dashboard_msgs/srv/_load_s.c
[17.988s] -- Symlinking: /home/sonvu/ur_ws/install/ur_dashboard_msgs/local/lib/python3.10/dist-packages/ur_dashboard_msgs/srv/_popup.py
[18.008s] -- Symlinking: /home/sonvu/ur_ws/install/ur_dashboard_msgs/local/lib/python3.10/dist-packages/ur_dashboard_msgs/srv/_popup_s.c
[18.023s] -- Symlinking: /home/sonvu/ur_ws/install/ur_dashboard_msgs/local/lib/python3.10/dist-packages/ur_dashboard_msgs/srv/_raw_request.py
[18.036s] -- Symlinking: /home/sonvu/ur_ws/install/ur_dashboard_msgs/local/lib/python3.10/dist-packages/ur_dashboard_msgs/srv/_raw_request_s.c
[18.047s] -- Symlinking: /home/sonvu/ur_ws/install/ur_dashboard_msgs/local/lib/python3.10/dist-packages/ur_dashboard_msgs/srv/_set_operational_mode.py
[18.060s] -- Symlinking: /home/sonvu/ur_ws/install/ur_dashboard_msgs/local/lib/python3.10/dist-packages/ur_dashboard_msgs/srv/_set_operational_mode_s.c
[18.071s] -- Symlinking: /home/sonvu/ur_ws/install/ur_dashboard_msgs/local/lib/python3.10/dist-packages/ur_dashboard_msgs/srv/_set_user_role.py
[18.084s] -- Symlinking: /home/sonvu/ur_ws/install/ur_dashboard_msgs/local/lib/python3.10/dist-packages/ur_dashboard_msgs/srv/_set_user_role_s.c
[18.091s] -- Symlinking: /home/sonvu/ur_ws/install/ur_dashboard_msgs/local/lib/python3.10/dist-packages/ur_dashboard_msgs/srv/_upload_program.py
[18.105s] -- Symlinking: /home/sonvu/ur_ws/install/ur_dashboard_msgs/local/lib/python3.10/dist-packages/ur_dashboard_msgs/srv/_upload_program_s.c
[18.123s] -- Symlinking: /home/sonvu/ur_ws/install/ur_dashboard_msgs/local/lib/python3.10/dist-packages/ur_dashboard_msgs/ur_dashboard_msgs_s__rosidl_typesupport_c.cpython-310-x86_64-linux-gnu.so
[18.135s] -- Symlinking: /home/sonvu/ur_ws/install/ur_dashboard_msgs/local/lib/python3.10/dist-packages/ur_dashboard_msgs/ur_dashboard_msgs_s__rosidl_typesupport_fastrtps_c.cpython-310-x86_64-linux-gnu.so
[18.152s] -- Symlinking: /home/sonvu/ur_ws/install/ur_dashboard_msgs/local/lib/python3.10/dist-packages/ur_dashboard_msgs/ur_dashboard_msgs_s__rosidl_typesupport_introspection_c.cpython-310-x86_64-linux-gnu.so
[18.174s] -- Up-to-date symlink: /home/sonvu/ur_ws/install/ur_dashboard_msgs/local/lib/python3.10/dist-packages/ur_dashboard_msgs/ur_dashboard_msgs_s__rosidl_typesupport_fastrtps_c.cpython-310-x86_64-linux-gnu.so
[18.175s] -- Up-to-date symlink: /home/sonvu/ur_ws/install/ur_dashboard_msgs/local/lib/python3.10/dist-packages/ur_dashboard_msgs/ur_dashboard_msgs_s__rosidl_typesupport_introspection_c.cpython-310-x86_64-linux-gnu.so
[18.175s] -- Up-to-date symlink: /home/sonvu/ur_ws/install/ur_dashboard_msgs/local/lib/python3.10/dist-packages/ur_dashboard_msgs/ur_dashboard_msgs_s__rosidl_typesupport_c.cpython-310-x86_64-linux-gnu.so
[18.175s] -- Symlinking: /home/sonvu/ur_ws/install/ur_dashboard_msgs/share/ament_index/resource_index/rust_packages/ur_dashboard_msgs
[18.189s] -- Symlinking: /home/sonvu/ur_ws/install/ur_dashboard_msgs/share/ur_dashboard_msgs/rust/Cargo.toml
[18.196s] -- Symlinking: /home/sonvu/ur_ws/install/ur_dashboard_msgs/share/ur_dashboard_msgs/rust/build.rs
[18.200s] -- Symlinking: /home/sonvu/ur_ws/install/ur_dashboard_msgs/share/ur_dashboard_msgs/rust/src/action.rs
[18.208s] -- Symlinking: /home/sonvu/ur_ws/install/ur_dashboard_msgs/share/ur_dashboard_msgs/rust/src/action/rmw.rs
[18.213s] -- Symlinking: /home/sonvu/ur_ws/install/ur_dashboard_msgs/share/ur_dashboard_msgs/rust/src/lib.rs
[18.220s] -- Symlinking: /home/sonvu/ur_ws/install/ur_dashboard_msgs/share/ur_dashboard_msgs/rust/src/msg.rs
[18.225s] -- Symlinking: /home/sonvu/ur_ws/install/ur_dashboard_msgs/share/ur_dashboard_msgs/rust/src/msg/rmw.rs
[18.229s] -- Symlinking: /home/sonvu/ur_ws/install/ur_dashboard_msgs/share/ur_dashboard_msgs/rust/src/srv.rs
[18.235s] -- Symlinking: /home/sonvu/ur_ws/install/ur_dashboard_msgs/share/ur_dashboard_msgs/rust/src/srv/rmw.rs
[18.240s] -- Symlinking: /home/sonvu/ur_ws/install/ur_dashboard_msgs/share/ur_dashboard_msgs/msg/ProgramInformation.idl
[18.246s] -- Symlinking: /home/sonvu/ur_ws/install/ur_dashboard_msgs/share/ur_dashboard_msgs/msg/ProgramState.idl
[18.250s] -- Symlinking: /home/sonvu/ur_ws/install/ur_dashboard_msgs/share/ur_dashboard_msgs/msg/RobotMode.idl
[18.257s] -- Symlinking: /home/sonvu/ur_ws/install/ur_dashboard_msgs/share/ur_dashboard_msgs/msg/SafetyMode.idl
[18.263s] -- Symlinking: /home/sonvu/ur_ws/install/ur_dashboard_msgs/share/ur_dashboard_msgs/msg/OperationalMode.idl
[18.274s] -- Symlinking: /home/sonvu/ur_ws/install/ur_dashboard_msgs/share/ur_dashboard_msgs/msg/UserRole.idl
[18.284s] -- Symlinking: /home/sonvu/ur_ws/install/ur_dashboard_msgs/share/ur_dashboard_msgs/msg/VersionInformation.idl
[18.299s] -- Symlinking: /home/sonvu/ur_ws/install/ur_dashboard_msgs/share/ur_dashboard_msgs/msg/SafetyStatus.idl
[18.315s] -- Symlinking: /home/sonvu/ur_ws/install/ur_dashboard_msgs/share/ur_dashboard_msgs/srv/AddToLog.idl
[18.329s] -- Symlinking: /home/sonvu/ur_ws/install/ur_dashboard_msgs/share/ur_dashboard_msgs/srv/DownloadProgram.idl
[18.336s] -- Symlinking: /home/sonvu/ur_ws/install/ur_dashboard_msgs/share/ur_dashboard_msgs/srv/DownloadSupportFile.idl
[18.342s] -- Symlinking: /home/sonvu/ur_ws/install/ur_dashboard_msgs/share/ur_dashboard_msgs/srv/GetLoadedProgram.idl
[18.348s] -- Symlinking: /home/sonvu/ur_ws/install/ur_dashboard_msgs/share/ur_dashboard_msgs/srv/GetPrograms.idl
[18.355s] -- Symlinking: /home/sonvu/ur_ws/install/ur_dashboard_msgs/share/ur_dashboard_msgs/srv/GetProgramState.idl
[18.359s] -- Symlinking: /home/sonvu/ur_ws/install/ur_dashboard_msgs/share/ur_dashboard_msgs/srv/GetRobotMode.idl
[18.365s] -- Symlinking: /home/sonvu/ur_ws/install/ur_dashboard_msgs/share/ur_dashboard_msgs/srv/GetSafetyMode.idl
[18.370s] -- Symlinking: /home/sonvu/ur_ws/install/ur_dashboard_msgs/share/ur_dashboard_msgs/srv/IsProgramRunning.idl
[18.376s] -- Symlinking: /home/sonvu/ur_ws/install/ur_dashboard_msgs/share/ur_dashboard_msgs/srv/IsProgramSaved.idl
[18.381s] -- Symlinking: /home/sonvu/ur_ws/install/ur_dashboard_msgs/share/ur_dashboard_msgs/srv/Load.idl
[18.387s] -- Symlinking: /home/sonvu/ur_ws/install/ur_dashboard_msgs/share/ur_dashboard_msgs/srv/Popup.idl
[18.392s] -- Symlinking: /home/sonvu/ur_ws/install/ur_dashboard_msgs/share/ur_dashboard_msgs/srv/RawRequest.idl
[18.399s] -- Symlinking: /home/sonvu/ur_ws/install/ur_dashboard_msgs/share/ur_dashboard_msgs/srv/IsInRemoteControl.idl
[18.405s] -- Symlinking: /home/sonvu/ur_ws/install/ur_dashboard_msgs/share/ur_dashboard_msgs/srv/UploadProgram.idl
[18.414s] -- Symlinking: /home/sonvu/ur_ws/install/ur_dashboard_msgs/share/ur_dashboard_msgs/srv/GetPolyScopeVersion.idl
[18.419s] -- Symlinking: /home/sonvu/ur_ws/install/ur_dashboard_msgs/share/ur_dashboard_msgs/srv/GetSerialNumber.idl
[18.427s] -- Symlinking: /home/sonvu/ur_ws/install/ur_dashboard_msgs/share/ur_dashboard_msgs/srv/GetUserRole.idl
[18.433s] -- Symlinking: /home/sonvu/ur_ws/install/ur_dashboard_msgs/share/ur_dashboard_msgs/srv/SetUserRole.idl
[18.441s] -- Symlinking: /home/sonvu/ur_ws/install/ur_dashboard_msgs/share/ur_dashboard_msgs/srv/SetOperationalMode.idl
[18.448s] -- Symlinking: /home/sonvu/ur_ws/install/ur_dashboard_msgs/share/ur_dashboard_msgs/srv/GetOperationalMode.idl
[18.453s] -- Symlinking: /home/sonvu/ur_ws/install/ur_dashboard_msgs/share/ur_dashboard_msgs/srv/GetRobotModel.idl
[18.458s] -- Symlinking: /home/sonvu/ur_ws/install/ur_dashboard_msgs/share/ur_dashboard_msgs/srv/GetSafetyStatus.idl
[18.469s] -- Symlinking: /home/sonvu/ur_ws/install/ur_dashboard_msgs/share/ur_dashboard_msgs/srv/GenerateFlightReport.idl
[18.476s] -- Symlinking: /home/sonvu/ur_ws/install/ur_dashboard_msgs/share/ur_dashboard_msgs/srv/GenerateSupportFile.idl
[18.482s] -- Symlinking: /home/sonvu/ur_ws/install/ur_dashboard_msgs/share/ur_dashboard_msgs/action/SetMode.idl
[18.491s] -- Symlinking: /home/sonvu/ur_ws/install/ur_dashboard_msgs/share/ur_dashboard_msgs/msg/ProgramInformation.msg
[18.497s] -- Symlinking: /home/sonvu/ur_ws/install/ur_dashboard_msgs/share/ur_dashboard_msgs/msg/ProgramState.msg
[18.502s] -- Symlinking: /home/sonvu/ur_ws/install/ur_dashboard_msgs/share/ur_dashboard_msgs/msg/RobotMode.msg
[18.507s] -- Symlinking: /home/sonvu/ur_ws/install/ur_dashboard_msgs/share/ur_dashboard_msgs/msg/SafetyMode.msg
[18.515s] -- Symlinking: /home/sonvu/ur_ws/install/ur_dashboard_msgs/share/ur_dashboard_msgs/msg/OperationalMode.msg
[18.522s] -- Symlinking: /home/sonvu/ur_ws/install/ur_dashboard_msgs/share/ur_dashboard_msgs/msg/UserRole.msg
[18.531s] -- Symlinking: /home/sonvu/ur_ws/install/ur_dashboard_msgs/share/ur_dashboard_msgs/msg/VersionInformation.msg
[18.537s] -- Symlinking: /home/sonvu/ur_ws/install/ur_dashboard_msgs/share/ur_dashboard_msgs/msg/SafetyStatus.msg
[18.546s] -- Symlinking: /home/sonvu/ur_ws/install/ur_dashboard_msgs/share/ur_dashboard_msgs/srv/AddToLog.srv
[18.556s] -- Symlinking: /home/sonvu/ur_ws/install/ur_dashboard_msgs/share/ur_dashboard_msgs/srv/AddToLog_Request.msg
[18.565s] -- Symlinking: /home/sonvu/ur_ws/install/ur_dashboard_msgs/share/ur_dashboard_msgs/srv/AddToLog_Response.msg
[18.577s] -- Symlinking: /home/sonvu/ur_ws/install/ur_dashboard_msgs/share/ur_dashboard_msgs/srv/DownloadProgram.srv
[18.587s] -- Symlinking: /home/sonvu/ur_ws/install/ur_dashboard_msgs/share/ur_dashboard_msgs/srv/DownloadProgram_Request.msg
[18.597s] -- Symlinking: /home/sonvu/ur_ws/install/ur_dashboard_msgs/share/ur_dashboard_msgs/srv/DownloadProgram_Response.msg
[18.614s] -- Symlinking: /home/sonvu/ur_ws/install/ur_dashboard_msgs/share/ur_dashboard_msgs/srv/DownloadSupportFile.srv
[18.632s] -- Symlinking: /home/sonvu/ur_ws/install/ur_dashboard_msgs/share/ur_dashboard_msgs/srv/DownloadSupportFile_Request.msg
[18.650s] -- Symlinking: /home/sonvu/ur_ws/install/ur_dashboard_msgs/share/ur_dashboard_msgs/srv/DownloadSupportFile_Response.msg
[18.675s] -- Symlinking: /home/sonvu/ur_ws/install/ur_dashboard_msgs/share/ur_dashboard_msgs/srv/GetLoadedProgram.srv
[18.694s] -- Symlinking: /home/sonvu/ur_ws/install/ur_dashboard_msgs/share/ur_dashboard_msgs/srv/GetLoadedProgram_Request.msg
[18.703s] -- Symlinking: /home/sonvu/ur_ws/install/ur_dashboard_msgs/share/ur_dashboard_msgs/srv/GetLoadedProgram_Response.msg
[18.715s] -- Symlinking: /home/sonvu/ur_ws/install/ur_dashboard_msgs/share/ur_dashboard_msgs/srv/GetPrograms.srv
[18.726s] -- Symlinking: /home/sonvu/ur_ws/install/ur_dashboard_msgs/share/ur_dashboard_msgs/srv/GetPrograms_Request.msg
[18.735s] -- Symlinking: /home/sonvu/ur_ws/install/ur_dashboard_msgs/share/ur_dashboard_msgs/srv/GetPrograms_Response.msg
[18.751s] -- Symlinking: /home/sonvu/ur_ws/install/ur_dashboard_msgs/share/ur_dashboard_msgs/srv/GetProgramState.srv
[18.760s] -- Symlinking: /home/sonvu/ur_ws/install/ur_dashboard_msgs/share/ur_dashboard_msgs/srv/GetProgramState_Request.msg
[18.770s] -- Symlinking: /home/sonvu/ur_ws/install/ur_dashboard_msgs/share/ur_dashboard_msgs/srv/GetProgramState_Response.msg
[18.781s] -- Symlinking: /home/sonvu/ur_ws/install/ur_dashboard_msgs/share/ur_dashboard_msgs/srv/GetRobotMode.srv
[18.797s] -- Symlinking: /home/sonvu/ur_ws/install/ur_dashboard_msgs/share/ur_dashboard_msgs/srv/GetRobotMode_Request.msg
[18.817s] -- Symlinking: /home/sonvu/ur_ws/install/ur_dashboard_msgs/share/ur_dashboard_msgs/srv/GetRobotMode_Response.msg
[18.834s] -- Symlinking: /home/sonvu/ur_ws/install/ur_dashboard_msgs/share/ur_dashboard_msgs/srv/GetSafetyMode.srv
[18.845s] -- Symlinking: /home/sonvu/ur_ws/install/ur_dashboard_msgs/share/ur_dashboard_msgs/srv/GetSafetyMode_Request.msg
[18.863s] -- Symlinking: /home/sonvu/ur_ws/install/ur_dashboard_msgs/share/ur_dashboard_msgs/srv/GetSafetyMode_Response.msg
[18.882s] -- Symlinking: /home/sonvu/ur_ws/install/ur_dashboard_msgs/share/ur_dashboard_msgs/srv/IsProgramRunning.srv
[18.894s] -- Symlinking: /home/sonvu/ur_ws/install/ur_dashboard_msgs/share/ur_dashboard_msgs/srv/IsProgramRunning_Request.msg
[18.914s] -- Symlinking: /home/sonvu/ur_ws/install/ur_dashboard_msgs/share/ur_dashboard_msgs/srv/IsProgramRunning_Response.msg
[18.928s] -- Symlinking: /home/sonvu/ur_ws/install/ur_dashboard_msgs/share/ur_dashboard_msgs/srv/IsProgramSaved.srv
[18.943s] -- Symlinking: /home/sonvu/ur_ws/install/ur_dashboard_msgs/share/ur_dashboard_msgs/srv/IsProgramSaved_Request.msg
[18.958s] -- Symlinking: /home/sonvu/ur_ws/install/ur_dashboard_msgs/share/ur_dashboard_msgs/srv/IsProgramSaved_Response.msg
[18.971s] -- Symlinking: /home/sonvu/ur_ws/install/ur_dashboard_msgs/share/ur_dashboard_msgs/srv/Load.srv
[18.983s] -- Symlinking: /home/sonvu/ur_ws/install/ur_dashboard_msgs/share/ur_dashboard_msgs/srv/Load_Request.msg
[18.997s] -- Symlinking: /home/sonvu/ur_ws/install/ur_dashboard_msgs/share/ur_dashboard_msgs/srv/Load_Response.msg
[19.008s] -- Symlinking: /home/sonvu/ur_ws/install/ur_dashboard_msgs/share/ur_dashboard_msgs/srv/Popup.srv
[19.024s] -- Symlinking: /home/sonvu/ur_ws/install/ur_dashboard_msgs/share/ur_dashboard_msgs/srv/Popup_Request.msg
[19.031s] -- Symlinking: /home/sonvu/ur_ws/install/ur_dashboard_msgs/share/ur_dashboard_msgs/srv/Popup_Response.msg
[19.040s] -- Symlinking: /home/sonvu/ur_ws/install/ur_dashboard_msgs/share/ur_dashboard_msgs/srv/RawRequest.srv
[19.046s] -- Symlinking: /home/sonvu/ur_ws/install/ur_dashboard_msgs/share/ur_dashboard_msgs/srv/RawRequest_Request.msg
[19.052s] -- Symlinking: /home/sonvu/ur_ws/install/ur_dashboard_msgs/share/ur_dashboard_msgs/srv/RawRequest_Response.msg
[19.063s] -- Symlinking: /home/sonvu/ur_ws/install/ur_dashboard_msgs/share/ur_dashboard_msgs/srv/IsInRemoteControl.srv
[19.071s] -- Symlinking: /home/sonvu/ur_ws/install/ur_dashboard_msgs/share/ur_dashboard_msgs/srv/IsInRemoteControl_Request.msg
[19.082s] -- Symlinking: /home/sonvu/ur_ws/install/ur_dashboard_msgs/share/ur_dashboard_msgs/srv/IsInRemoteControl_Response.msg
[19.095s] -- Symlinking: /home/sonvu/ur_ws/install/ur_dashboard_msgs/share/ur_dashboard_msgs/srv/UploadProgram.srv
[19.106s] -- Symlinking: /home/sonvu/ur_ws/install/ur_dashboard_msgs/share/ur_dashboard_msgs/srv/UploadProgram_Request.msg
[19.116s] -- Symlinking: /home/sonvu/ur_ws/install/ur_dashboard_msgs/share/ur_dashboard_msgs/srv/UploadProgram_Response.msg
[19.132s] -- Symlinking: /home/sonvu/ur_ws/install/ur_dashboard_msgs/share/ur_dashboard_msgs/srv/GetPolyScopeVersion.srv
[19.141s] -- Symlinking: /home/sonvu/ur_ws/install/ur_dashboard_msgs/share/ur_dashboard_msgs/srv/GetPolyScopeVersion_Request.msg
[19.146s] -- Symlinking: /home/sonvu/ur_ws/install/ur_dashboard_msgs/share/ur_dashboard_msgs/srv/GetPolyScopeVersion_Response.msg
[19.156s] -- Symlinking: /home/sonvu/ur_ws/install/ur_dashboard_msgs/share/ur_dashboard_msgs/srv/GetSerialNumber.srv
[19.163s] -- Symlinking: /home/sonvu/ur_ws/install/ur_dashboard_msgs/share/ur_dashboard_msgs/srv/GetSerialNumber_Request.msg
[19.172s] -- Symlinking: /home/sonvu/ur_ws/install/ur_dashboard_msgs/share/ur_dashboard_msgs/srv/GetSerialNumber_Response.msg
[19.178s] -- Symlinking: /home/sonvu/ur_ws/install/ur_dashboard_msgs/share/ur_dashboard_msgs/srv/GetUserRole.srv
[19.183s] -- Symlinking: /home/sonvu/ur_ws/install/ur_dashboard_msgs/share/ur_dashboard_msgs/srv/GetUserRole_Request.msg
[19.191s] -- Symlinking: /home/sonvu/ur_ws/install/ur_dashboard_msgs/share/ur_dashboard_msgs/srv/GetUserRole_Response.msg
[19.199s] -- Symlinking: /home/sonvu/ur_ws/install/ur_dashboard_msgs/share/ur_dashboard_msgs/srv/SetUserRole.srv
[19.206s] -- Symlinking: /home/sonvu/ur_ws/install/ur_dashboard_msgs/share/ur_dashboard_msgs/srv/SetUserRole_Request.msg
[19.211s] -- Symlinking: /home/sonvu/ur_ws/install/ur_dashboard_msgs/share/ur_dashboard_msgs/srv/SetUserRole_Response.msg
[19.218s] -- Symlinking: /home/sonvu/ur_ws/install/ur_dashboard_msgs/share/ur_dashboard_msgs/srv/SetOperationalMode.srv
[19.225s] -- Symlinking: /home/sonvu/ur_ws/install/ur_dashboard_msgs/share/ur_dashboard_msgs/srv/SetOperationalMode_Request.msg
[19.233s] -- Symlinking: /home/sonvu/ur_ws/install/ur_dashboard_msgs/share/ur_dashboard_msgs/srv/SetOperationalMode_Response.msg
[19.242s] -- Symlinking: /home/sonvu/ur_ws/install/ur_dashboard_msgs/share/ur_dashboard_msgs/srv/GetOperationalMode.srv
[19.256s] -- Symlinking: /home/sonvu/ur_ws/install/ur_dashboard_msgs/share/ur_dashboard_msgs/srv/GetOperationalMode_Request.msg
[19.273s] -- Symlinking: /home/sonvu/ur_ws/install/ur_dashboard_msgs/share/ur_dashboard_msgs/srv/GetOperationalMode_Response.msg
[19.287s] -- Symlinking: /home/sonvu/ur_ws/install/ur_dashboard_msgs/share/ur_dashboard_msgs/srv/GetRobotModel.srv
[19.300s] -- Symlinking: /home/sonvu/ur_ws/install/ur_dashboard_msgs/share/ur_dashboard_msgs/srv/GetRobotModel_Request.msg
[19.311s] -- Symlinking: /home/sonvu/ur_ws/install/ur_dashboard_msgs/share/ur_dashboard_msgs/srv/GetRobotModel_Response.msg
[19.322s] -- Symlinking: /home/sonvu/ur_ws/install/ur_dashboard_msgs/share/ur_dashboard_msgs/srv/GetSafetyStatus.srv
[19.334s] -- Symlinking: /home/sonvu/ur_ws/install/ur_dashboard_msgs/share/ur_dashboard_msgs/srv/GetSafetyStatus_Request.msg
[19.343s] -- Symlinking: /home/sonvu/ur_ws/install/ur_dashboard_msgs/share/ur_dashboard_msgs/srv/GetSafetyStatus_Response.msg
[19.356s] -- Symlinking: /home/sonvu/ur_ws/install/ur_dashboard_msgs/share/ur_dashboard_msgs/srv/GenerateFlightReport.srv
[19.365s] -- Symlinking: /home/sonvu/ur_ws/install/ur_dashboard_msgs/share/ur_dashboard_msgs/srv/GenerateFlightReport_Request.msg
[19.371s] -- Symlinking: /home/sonvu/ur_ws/install/ur_dashboard_msgs/share/ur_dashboard_msgs/srv/GenerateFlightReport_Response.msg
[19.382s] -- Symlinking: /home/sonvu/ur_ws/install/ur_dashboard_msgs/share/ur_dashboard_msgs/srv/GenerateSupportFile.srv
[19.390s] -- Symlinking: /home/sonvu/ur_ws/install/ur_dashboard_msgs/share/ur_dashboard_msgs/srv/GenerateSupportFile_Request.msg
[19.400s] -- Symlinking: /home/sonvu/ur_ws/install/ur_dashboard_msgs/share/ur_dashboard_msgs/srv/GenerateSupportFile_Response.msg
[19.407s] -- Symlinking: /home/sonvu/ur_ws/install/ur_dashboard_msgs/share/ur_dashboard_msgs/action/SetMode.action
[19.416s] -- Symlinking: /home/sonvu/ur_ws/install/ur_dashboard_msgs/share/ament_index/resource_index/package_run_dependencies/ur_dashboard_msgs
[19.422s] -- Symlinking: /home/sonvu/ur_ws/install/ur_dashboard_msgs/share/ament_index/resource_index/parent_prefix_path/ur_dashboard_msgs
[19.432s] -- Symlinking: /home/sonvu/ur_ws/install/ur_dashboard_msgs/share/ur_dashboard_msgs/environment/ament_prefix_path.sh
[19.438s] -- Symlinking: /home/sonvu/ur_ws/install/ur_dashboard_msgs/share/ur_dashboard_msgs/environment/ament_prefix_path.dsv
[19.446s] -- Symlinking: /home/sonvu/ur_ws/install/ur_dashboard_msgs/share/ur_dashboard_msgs/environment/path.sh
[19.452s] -- Symlinking: /home/sonvu/ur_ws/install/ur_dashboard_msgs/share/ur_dashboard_msgs/environment/path.dsv
[19.457s] -- Symlinking: /home/sonvu/ur_ws/install/ur_dashboard_msgs/share/ur_dashboard_msgs/local_setup.bash
[19.462s] -- Symlinking: /home/sonvu/ur_ws/install/ur_dashboard_msgs/share/ur_dashboard_msgs/local_setup.sh
[19.468s] -- Symlinking: /home/sonvu/ur_ws/install/ur_dashboard_msgs/share/ur_dashboard_msgs/local_setup.zsh
[19.473s] -- Symlinking: /home/sonvu/ur_ws/install/ur_dashboard_msgs/share/ur_dashboard_msgs/local_setup.dsv
[19.479s] -- Symlinking: /home/sonvu/ur_ws/install/ur_dashboard_msgs/share/ur_dashboard_msgs/package.dsv
[19.485s] -- Symlinking: /home/sonvu/ur_ws/install/ur_dashboard_msgs/share/ament_index/resource_index/packages/ur_dashboard_msgs
[19.490s] -- Symlinking: /home/sonvu/ur_ws/install/ur_dashboard_msgs/share/ur_dashboard_msgs/cmake/rosidl_cmake-extras.cmake
[19.496s] -- Symlinking: /home/sonvu/ur_ws/install/ur_dashboard_msgs/share/ur_dashboard_msgs/cmake/ament_cmake_export_dependencies-extras.cmake
[19.500s] -- Symlinking: /home/sonvu/ur_ws/install/ur_dashboard_msgs/share/ur_dashboard_msgs/cmake/ament_cmake_export_include_directories-extras.cmake
[19.509s] -- Symlinking: /home/sonvu/ur_ws/install/ur_dashboard_msgs/share/ur_dashboard_msgs/cmake/ament_cmake_export_libraries-extras.cmake
[19.516s] -- Symlinking: /home/sonvu/ur_ws/install/ur_dashboard_msgs/share/ur_dashboard_msgs/cmake/ament_cmake_export_targets-extras.cmake
[19.522s] -- Symlinking: /home/sonvu/ur_ws/install/ur_dashboard_msgs/share/ur_dashboard_msgs/cmake/rosidl_cmake_export_typesupport_targets-extras.cmake
[19.528s] -- Symlinking: /home/sonvu/ur_ws/install/ur_dashboard_msgs/share/ur_dashboard_msgs/cmake/rosidl_cmake_export_typesupport_libraries-extras.cmake
[19.534s] -- Symlinking: /home/sonvu/ur_ws/install/ur_dashboard_msgs/share/ur_dashboard_msgs/cmake/ur_dashboard_msgsConfig.cmake
[19.543s] -- Symlinking: /home/sonvu/ur_ws/install/ur_dashboard_msgs/share/ur_dashboard_msgs/cmake/ur_dashboard_msgsConfig-version.cmake
[19.557s] -- Symlinking: /home/sonvu/ur_ws/install/ur_dashboard_msgs/share/ur_dashboard_msgs/package.xml
[19.570s] -- Installing: /home/sonvu/ur_ws/install/ur_dashboard_msgs/lib/libur_dashboard_msgs__rosidl_generator_c.so
[19.571s] -- Set runtime path of "/home/sonvu/ur_ws/install/ur_dashboard_msgs/lib/libur_dashboard_msgs__rosidl_generator_c.so" to ""
[19.571s] -- Installing: /home/sonvu/ur_ws/install/ur_dashboard_msgs/lib/libur_dashboard_msgs__rosidl_typesupport_fastrtps_c.so
[19.571s] -- Set runtime path of "/home/sonvu/ur_ws/install/ur_dashboard_msgs/lib/libur_dashboard_msgs__rosidl_typesupport_fastrtps_c.so" to ""
[19.571s] -- Installing: /home/sonvu/ur_ws/install/ur_dashboard_msgs/lib/libur_dashboard_msgs__rosidl_typesupport_introspection_c.so
[19.572s] -- Set runtime path of "/home/sonvu/ur_ws/install/ur_dashboard_msgs/lib/libur_dashboard_msgs__rosidl_typesupport_introspection_c.so" to ""
[19.572s] -- Installing: /home/sonvu/ur_ws/install/ur_dashboard_msgs/lib/libur_dashboard_msgs__rosidl_typesupport_c.so
[19.572s] -- Set runtime path of "/home/sonvu/ur_ws/install/ur_dashboard_msgs/lib/libur_dashboard_msgs__rosidl_typesupport_c.so" to ""
[19.572s] -- Installing: /home/sonvu/ur_ws/install/ur_dashboard_msgs/lib/libur_dashboard_msgs__rosidl_typesupport_fastrtps_cpp.so
[19.573s] -- Set runtime path of "/home/sonvu/ur_ws/install/ur_dashboard_msgs/lib/libur_dashboard_msgs__rosidl_typesupport_fastrtps_cpp.so" to ""
[19.573s] -- Installing: /home/sonvu/ur_ws/install/ur_dashboard_msgs/lib/libur_dashboard_msgs__rosidl_typesupport_introspection_cpp.so
[19.573s] -- Set runtime path of "/home/sonvu/ur_ws/install/ur_dashboard_msgs/lib/libur_dashboard_msgs__rosidl_typesupport_introspection_cpp.so" to ""
[19.574s] -- Installing: /home/sonvu/ur_ws/install/ur_dashboard_msgs/lib/libur_dashboard_msgs__rosidl_typesupport_cpp.so
[19.574s] -- Set runtime path of "/home/sonvu/ur_ws/install/ur_dashboard_msgs/lib/libur_dashboard_msgs__rosidl_typesupport_cpp.so" to ""
[19.633s] Listing '/home/sonvu/ur_ws/install/ur_dashboard_msgs/local/lib/python3.10/dist-packages/ur_dashboard_msgs'...
[19.633s] Compiling '/home/sonvu/ur_ws/install/ur_dashboard_msgs/local/lib/python3.10/dist-packages/ur_dashboard_msgs/__init__.py'...
[19.633s] Listing '/home/sonvu/ur_ws/install/ur_dashboard_msgs/local/lib/python3.10/dist-packages/ur_dashboard_msgs/action'...
[19.633s] Compiling '/home/sonvu/ur_ws/install/ur_dashboard_msgs/local/lib/python3.10/dist-packages/ur_dashboard_msgs/action/__init__.py'...
[19.633s] Compiling '/home/sonvu/ur_ws/install/ur_dashboard_msgs/local/lib/python3.10/dist-packages/ur_dashboard_msgs/action/_set_mode.py'...
[19.633s] Listing '/home/sonvu/ur_ws/install/ur_dashboard_msgs/local/lib/python3.10/dist-packages/ur_dashboard_msgs/msg'...
[19.633s] Compiling '/home/sonvu/ur_ws/install/ur_dashboard_msgs/local/lib/python3.10/dist-packages/ur_dashboard_msgs/msg/__init__.py'...
[19.633s] Compiling '/home/sonvu/ur_ws/install/ur_dashboard_msgs/local/lib/python3.10/dist-packages/ur_dashboard_msgs/msg/_operational_mode.py'...
[19.633s] Compiling '/home/sonvu/ur_ws/install/ur_dashboard_msgs/local/lib/python3.10/dist-packages/ur_dashboard_msgs/msg/_program_information.py'...
[19.633s] Compiling '/home/sonvu/ur_ws/install/ur_dashboard_msgs/local/lib/python3.10/dist-packages/ur_dashboard_msgs/msg/_program_state.py'...
[19.633s] Compiling '/home/sonvu/ur_ws/install/ur_dashboard_msgs/local/lib/python3.10/dist-packages/ur_dashboard_msgs/msg/_robot_mode.py'...
[19.633s] Compiling '/home/sonvu/ur_ws/install/ur_dashboard_msgs/local/lib/python3.10/dist-packages/ur_dashboard_msgs/msg/_safety_mode.py'...
[19.633s] Compiling '/home/sonvu/ur_ws/install/ur_dashboard_msgs/local/lib/python3.10/dist-packages/ur_dashboard_msgs/msg/_safety_status.py'...
[19.633s] Compiling '/home/sonvu/ur_ws/install/ur_dashboard_msgs/local/lib/python3.10/dist-packages/ur_dashboard_msgs/msg/_user_role.py'...
[19.633s] Compiling '/home/sonvu/ur_ws/install/ur_dashboard_msgs/local/lib/python3.10/dist-packages/ur_dashboard_msgs/msg/_version_information.py'...
[19.633s] Listing '/home/sonvu/ur_ws/install/ur_dashboard_msgs/local/lib/python3.10/dist-packages/ur_dashboard_msgs/srv'...
[19.633s] Compiling '/home/sonvu/ur_ws/install/ur_dashboard_msgs/local/lib/python3.10/dist-packages/ur_dashboard_msgs/srv/__init__.py'...
[19.633s] Compiling '/home/sonvu/ur_ws/install/ur_dashboard_msgs/local/lib/python3.10/dist-packages/ur_dashboard_msgs/srv/_add_to_log.py'...
[19.633s] Compiling '/home/sonvu/ur_ws/install/ur_dashboard_msgs/local/lib/python3.10/dist-packages/ur_dashboard_msgs/srv/_download_program.py'...
[19.633s] Compiling '/home/sonvu/ur_ws/install/ur_dashboard_msgs/local/lib/python3.10/dist-packages/ur_dashboard_msgs/srv/_download_support_file.py'...
[19.633s] Compiling '/home/sonvu/ur_ws/install/ur_dashboard_msgs/local/lib/python3.10/dist-packages/ur_dashboard_msgs/srv/_generate_flight_report.py'...
[19.633s] Compiling '/home/sonvu/ur_ws/install/ur_dashboard_msgs/local/lib/python3.10/dist-packages/ur_dashboard_msgs/srv/_generate_support_file.py'...
[19.633s] Compiling '/home/sonvu/ur_ws/install/ur_dashboard_msgs/local/lib/python3.10/dist-packages/ur_dashboard_msgs/srv/_get_loaded_program.py'...
[19.633s] Compiling '/home/sonvu/ur_ws/install/ur_dashboard_msgs/local/lib/python3.10/dist-packages/ur_dashboard_msgs/srv/_get_operational_mode.py'...
[19.633s] Compiling '/home/sonvu/ur_ws/install/ur_dashboard_msgs/local/lib/python3.10/dist-packages/ur_dashboard_msgs/srv/_get_poly_scope_version.py'...
[19.633s] Compiling '/home/sonvu/ur_ws/install/ur_dashboard_msgs/local/lib/python3.10/dist-packages/ur_dashboard_msgs/srv/_get_program_state.py'...
[19.633s] Compiling '/home/sonvu/ur_ws/install/ur_dashboard_msgs/local/lib/python3.10/dist-packages/ur_dashboard_msgs/srv/_get_programs.py'...
[19.633s] Compiling '/home/sonvu/ur_ws/install/ur_dashboard_msgs/local/lib/python3.10/dist-packages/ur_dashboard_msgs/srv/_get_robot_mode.py'...
[19.633s] Compiling '/home/sonvu/ur_ws/install/ur_dashboard_msgs/local/lib/python3.10/dist-packages/ur_dashboard_msgs/srv/_get_robot_model.py'...
[19.633s] Compiling '/home/sonvu/ur_ws/install/ur_dashboard_msgs/local/lib/python3.10/dist-packages/ur_dashboard_msgs/srv/_get_safety_mode.py'...
[19.633s] Compiling '/home/sonvu/ur_ws/install/ur_dashboard_msgs/local/lib/python3.10/dist-packages/ur_dashboard_msgs/srv/_get_safety_status.py'...
[19.633s] Compiling '/home/sonvu/ur_ws/install/ur_dashboard_msgs/local/lib/python3.10/dist-packages/ur_dashboard_msgs/srv/_get_serial_number.py'...
[19.633s] Compiling '/home/sonvu/ur_ws/install/ur_dashboard_msgs/local/lib/python3.10/dist-packages/ur_dashboard_msgs/srv/_get_user_role.py'...
[19.634s] Compiling '/home/sonvu/ur_ws/install/ur_dashboard_msgs/local/lib/python3.10/dist-packages/ur_dashboard_msgs/srv/_is_in_remote_control.py'...
[19.634s] Compiling '/home/sonvu/ur_ws/install/ur_dashboard_msgs/local/lib/python3.10/dist-packages/ur_dashboard_msgs/srv/_is_program_running.py'...
[19.634s] Compiling '/home/sonvu/ur_ws/install/ur_dashboard_msgs/local/lib/python3.10/dist-packages/ur_dashboard_msgs/srv/_is_program_saved.py'...
[19.634s] Compiling '/home/sonvu/ur_ws/install/ur_dashboard_msgs/local/lib/python3.10/dist-packages/ur_dashboard_msgs/srv/_load.py'...
[19.634s] Compiling '/home/sonvu/ur_ws/install/ur_dashboard_msgs/local/lib/python3.10/dist-packages/ur_dashboard_msgs/srv/_popup.py'...
[19.634s] Compiling '/home/sonvu/ur_ws/install/ur_dashboard_msgs/local/lib/python3.10/dist-packages/ur_dashboard_msgs/srv/_raw_request.py'...
[19.634s] Compiling '/home/sonvu/ur_ws/install/ur_dashboard_msgs/local/lib/python3.10/dist-packages/ur_dashboard_msgs/srv/_set_operational_mode.py'...
[19.634s] Compiling '/home/sonvu/ur_ws/install/ur_dashboard_msgs/local/lib/python3.10/dist-packages/ur_dashboard_msgs/srv/_set_user_role.py'...
[19.634s] Compiling '/home/sonvu/ur_ws/install/ur_dashboard_msgs/local/lib/python3.10/dist-packages/ur_dashboard_msgs/srv/_upload_program.py'...
[19.636s] -- Installing: /home/sonvu/ur_ws/install/ur_dashboard_msgs/lib/libur_dashboard_msgs__rosidl_generator_py.so
[19.636s] -- Set runtime path of "/home/sonvu/ur_ws/install/ur_dashboard_msgs/lib/libur_dashboard_msgs__rosidl_generator_py.so" to ""
[19.636s] -- Installing: /home/sonvu/ur_ws/install/ur_dashboard_msgs/share/ur_dashboard_msgs/cmake/export_ur_dashboard_msgs__rosidl_generator_cExport.cmake
[19.636s] -- Installing: /home/sonvu/ur_ws/install/ur_dashboard_msgs/share/ur_dashboard_msgs/cmake/export_ur_dashboard_msgs__rosidl_generator_cExport-noconfig.cmake
[19.636s] -- Installing: /home/sonvu/ur_ws/install/ur_dashboard_msgs/share/ur_dashboard_msgs/cmake/export_ur_dashboard_msgs__rosidl_typesupport_fastrtps_cExport.cmake
[19.636s] -- Installing: /home/sonvu/ur_ws/install/ur_dashboard_msgs/share/ur_dashboard_msgs/cmake/export_ur_dashboard_msgs__rosidl_typesupport_fastrtps_cExport-noconfig.cmake
[19.636s] -- Installing: /home/sonvu/ur_ws/install/ur_dashboard_msgs/share/ur_dashboard_msgs/cmake/ur_dashboard_msgs__rosidl_typesupport_introspection_cExport.cmake
[19.636s] -- Installing: /home/sonvu/ur_ws/install/ur_dashboard_msgs/share/ur_dashboard_msgs/cmake/ur_dashboard_msgs__rosidl_typesupport_introspection_cExport-noconfig.cmake
[19.636s] -- Installing: /home/sonvu/ur_ws/install/ur_dashboard_msgs/share/ur_dashboard_msgs/cmake/ur_dashboard_msgs__rosidl_typesupport_cExport.cmake
[19.636s] -- Installing: /home/sonvu/ur_ws/install/ur_dashboard_msgs/share/ur_dashboard_msgs/cmake/ur_dashboard_msgs__rosidl_typesupport_cExport-noconfig.cmake
[19.637s] -- Installing: /home/sonvu/ur_ws/install/ur_dashboard_msgs/share/ur_dashboard_msgs/cmake/export_ur_dashboard_msgs__rosidl_generator_cppExport.cmake
[19.637s] -- Installing: /home/sonvu/ur_ws/install/ur_dashboard_msgs/share/ur_dashboard_msgs/cmake/export_ur_dashboard_msgs__rosidl_typesupport_fastrtps_cppExport.cmake
[19.637s] -- Installing: /home/sonvu/ur_ws/install/ur_dashboard_msgs/share/ur_dashboard_msgs/cmake/export_ur_dashboard_msgs__rosidl_typesupport_fastrtps_cppExport-noconfig.cmake
[19.637s] -- Installing: /home/sonvu/ur_ws/install/ur_dashboard_msgs/share/ur_dashboard_msgs/cmake/ur_dashboard_msgs__rosidl_typesupport_introspection_cppExport.cmake
[19.637s] -- Installing: /home/sonvu/ur_ws/install/ur_dashboard_msgs/share/ur_dashboard_msgs/cmake/ur_dashboard_msgs__rosidl_typesupport_introspection_cppExport-noconfig.cmake
[19.637s] -- Installing: /home/sonvu/ur_ws/install/ur_dashboard_msgs/share/ur_dashboard_msgs/cmake/ur_dashboard_msgs__rosidl_typesupport_cppExport.cmake
[19.637s] -- Installing: /home/sonvu/ur_ws/install/ur_dashboard_msgs/share/ur_dashboard_msgs/cmake/ur_dashboard_msgs__rosidl_typesupport_cppExport-noconfig.cmake
[19.637s] -- Installing: /home/sonvu/ur_ws/install/ur_dashboard_msgs/share/ur_dashboard_msgs/cmake/export_ur_dashboard_msgs__rosidl_generator_pyExport.cmake
[19.637s] -- Installing: /home/sonvu/ur_ws/install/ur_dashboard_msgs/share/ur_dashboard_msgs/cmake/export_ur_dashboard_msgs__rosidl_generator_pyExport-noconfig.cmake
[19.639s] Invoked command in '/home/sonvu/ur_ws/build/ur_dashboard_msgs' returned '0': CMAKE_PREFIX_PATH=/home/sonvu/rtablc_base/install/rtablc_experiment:/opt/ros/humble /usr/bin/cmake --install /home/sonvu/ur_ws/build/ur_dashboard_msgs
