[0.000000] (-) TimerEvent: {}
[0.000140] (ur_dashboard_msgs) JobQueued: {'identifier': 'ur_dashboard_msgs', 'dependencies': OrderedDict()}
[0.000176] (ur_moveit_config) JobQueued: {'identifier': 'ur_moveit_config', 'dependencies': OrderedDict()}
[0.000203] (ur_controllers) JobQueued: {'identifier': 'ur_controllers', 'dependencies': OrderedDict([('ur_dashboard_msgs', '/home/sonvu/ur_ws/install/ur_dashboard_msgs')])}
[0.000231] (ur_bringup) JobQueued: {'identifier': 'ur_bringup', 'dependencies': OrderedDict([('ur_dashboard_msgs', '/home/sonvu/ur_ws/install/ur_dashboard_msgs'), ('ur_controllers', '/home/sonvu/ur_ws/install/ur_controllers')])}
[0.000257] (ur_robot_driver) JobQueued: {'identifier': 'ur_robot_driver', 'dependencies': OrderedDict([('ur_dashboard_msgs', '/home/sonvu/ur_ws/install/ur_dashboard_msgs'), ('ur_controllers', '/home/sonvu/ur_ws/install/ur_controllers')])}
[0.000283] (ur_simulation_gz) JobQueued: {'identifier': 'ur_simulation_gz', 'dependencies': OrderedDict([('ur_dashboard_msgs', '/home/sonvu/ur_ws/install/ur_dashboard_msgs'), ('ur_moveit_config', '/home/sonvu/ur_ws/install/ur_moveit_config'), ('ur_controllers', '/home/sonvu/ur_ws/install/ur_controllers')])}
[0.000308] (ur_calibration) JobQueued: {'identifier': 'ur_calibration', 'dependencies': OrderedDict([('ur_dashboard_msgs', '/home/sonvu/ur_ws/install/ur_dashboard_msgs'), ('ur_controllers', '/home/sonvu/ur_ws/install/ur_controllers'), ('ur_robot_driver', '/home/sonvu/ur_ws/install/ur_robot_driver')])}
[0.000333] (ur) JobQueued: {'identifier': 'ur', 'dependencies': OrderedDict([('ur_dashboard_msgs', '/home/sonvu/ur_ws/install/ur_dashboard_msgs'), ('ur_moveit_config', '/home/sonvu/ur_ws/install/ur_moveit_config'), ('ur_controllers', '/home/sonvu/ur_ws/install/ur_controllers'), ('ur_robot_driver', '/home/sonvu/ur_ws/install/ur_robot_driver'), ('ur_calibration', '/home/sonvu/ur_ws/install/ur_calibration')])}
[0.000361] (ur_dashboard_msgs) JobStarted: {'identifier': 'ur_dashboard_msgs'}
[0.006823] (ur_moveit_config) JobStarted: {'identifier': 'ur_moveit_config'}
[0.009388] (ur_dashboard_msgs) JobProgress: {'identifier': 'ur_dashboard_msgs', 'progress': 'cmake'}
[0.009624] (ur_dashboard_msgs) Command: {'cmd': ['/usr/bin/cmake', '/home/sonvu/ur_ws/src/Universal_Robots_ROS2_Driver/ur_dashboard_msgs', '-DAMENT_CMAKE_SYMLINK_INSTALL=1', '-DCMAKE_INSTALL_PREFIX=/home/sonvu/ur_ws/install/ur_dashboard_msgs'], 'cwd': '/home/sonvu/ur_ws/build/ur_dashboard_msgs', 'env': OrderedDict([('LESSOPEN', '| /usr/bin/lesspipe %s'), ('LANGUAGE', 'en_US:en'), ('USER', 'sonvu'), ('LC_TIME', 'vi_VN'), ('XDG_SESSION_TYPE', 'wayland'), ('SHLVL', '1'), ('LD_LIBRARY_PATH', '/usr/lib/x86_64-linux-gnu/gazebo-11/plugins:/opt/ros/humble/opt/rviz_ogre_vendor/lib:/opt/ros/humble/lib/x86_64-linux-gnu:/opt/ros/humble/lib'), ('HOME', '/home/sonvu'), ('OLDPWD', '/home/sonvu'), ('DESKTOP_SESSION', 'ubuntu'), ('ROS_PYTHON_VERSION', '3'), ('GNOME_SHELL_SESSION_MODE', 'ubuntu'), ('GTK_MODULES', 'gail:atk-bridge'), ('LC_MONETARY', 'vi_VN'), ('SYSTEMD_EXEC_PID', '1840'), ('DBUS_SESSION_BUS_ADDRESS', 'unix:path=/run/user/1000/bus'), ('COLORTERM', 'truecolor'), ('IM_CONFIG_PHASE', '1'), ('WAYLAND_DISPLAY', 'wayland-0'), ('COLCON_PREFIX_PATH', '/home/sonvu/rtablc_base/install'), ('ROS_DISTRO', 'humble'), ('LOGNAME', 'sonvu'), ('_', '/usr/bin/colcon'), ('ROS_VERSION', '2'), ('XDG_SESSION_CLASS', 'user'), ('USERNAME', 'sonvu'), ('TERM', 'xterm-256color'), ('GNOME_DESKTOP_SESSION_ID', 'this-is-deprecated'), ('ROS_LOCALHOST_ONLY', '0'), ('PATH', '/opt/ros/humble/bin:/home/sonvu/.local/bin:/usr/local/sbin:/usr/local/bin:/usr/sbin:/usr/bin:/sbin:/bin:/usr/games:/usr/local/games:/snap/bin:/snap/bin'), ('SESSION_MANAGER', 'local/sonvu-Thin-15-B13UC:@/tmp/.ICE-unix/1810,unix/sonvu-Thin-15-B13UC:/tmp/.ICE-unix/1810'), ('PAPERSIZE', 'a4'), ('XDG_MENU_PREFIX', 'gnome-'), ('LC_ADDRESS', 'vi_VN'), ('GNOME_TERMINAL_SCREEN', '/org/gnome/Terminal/screen/13a4e776_53ad_4e87_90a5_551c296629db'), ('GNOME_SETUP_DISPLAY', ':1'), ('XDG_RUNTIME_DIR', '/run/user/1000'), ('DISPLAY', ':0'), ('LANG', 'en_US.UTF-8'), ('XDG_CURRENT_DESKTOP', 'ubuntu:GNOME'), ('LC_TELEPHONE', 'vi_VN'), ('XMODIFIERS', '@im=ibus'), ('XDG_SESSION_DESKTOP', 'ubuntu'), ('XAUTHORITY', '/run/user/1000/.mutter-Xwaylandauth.JB0DV3'), ('LS_COLORS', 'rs=0:di=01;34:ln=01;36:mh=00:pi=40;33:so=01;35:do=01;35:bd=40;33;01:cd=40;33;01:or=40;31;01:mi=00:su=37;41:sg=30;43:ca=30;41:tw=30;42:ow=34;42:st=37;44:ex=01;32:*.tar=01;31:*.tgz=01;31:*.arc=01;31:*.arj=01;31:*.taz=01;31:*.lha=01;31:*.lz4=01;31:*.lzh=01;31:*.lzma=01;31:*.tlz=01;31:*.txz=01;31:*.tzo=01;31:*.t7z=01;31:*.zip=01;31:*.z=01;31:*.dz=01;31:*.gz=01;31:*.lrz=01;31:*.lz=01;31:*.lzo=01;31:*.xz=01;31:*.zst=01;31:*.tzst=01;31:*.bz2=01;31:*.bz=01;31:*.tbz=01;31:*.tbz2=01;31:*.tz=01;31:*.deb=01;31:*.rpm=01;31:*.jar=01;31:*.war=01;31:*.ear=01;31:*.sar=01;31:*.rar=01;31:*.alz=01;31:*.ace=01;31:*.zoo=01;31:*.cpio=01;31:*.7z=01;31:*.rz=01;31:*.cab=01;31:*.wim=01;31:*.swm=01;31:*.dwm=01;31:*.esd=01;31:*.jpg=01;35:*.jpeg=01;35:*.mjpg=01;35:*.mjpeg=01;35:*.gif=01;35:*.bmp=01;35:*.pbm=01;35:*.pgm=01;35:*.ppm=01;35:*.tga=01;35:*.xbm=01;35:*.xpm=01;35:*.tif=01;35:*.tiff=01;35:*.png=01;35:*.svg=01;35:*.svgz=01;35:*.mng=01;35:*.pcx=01;35:*.mov=01;35:*.mpg=01;35:*.mpeg=01;35:*.m2v=01;35:*.mkv=01;35:*.webm=01;35:*.webp=01;35:*.ogm=01;35:*.mp4=01;35:*.m4v=01;35:*.mp4v=01;35:*.vob=01;35:*.qt=01;35:*.nuv=01;35:*.wmv=01;35:*.asf=01;35:*.rm=01;35:*.rmvb=01;35:*.flc=01;35:*.avi=01;35:*.fli=01;35:*.flv=01;35:*.gl=01;35:*.dl=01;35:*.xcf=01;35:*.xwd=01;35:*.yuv=01;35:*.cgm=01;35:*.emf=01;35:*.ogv=01;35:*.ogx=01;35:*.aac=00;36:*.au=00;36:*.flac=00;36:*.m4a=00;36:*.mid=00;36:*.midi=00;36:*.mka=00;36:*.mp3=00;36:*.mpc=00;36:*.ogg=00;36:*.ra=00;36:*.wav=00;36:*.oga=00;36:*.opus=00;36:*.spx=00;36:*.xspf=00;36:'), ('GNOME_TERMINAL_SERVICE', ':1.111'), ('SSH_AGENT_LAUNCHER', 'gnome-keyring'), ('SSH_AUTH_SOCK', '/run/user/1000/keyring/ssh'), ('AMENT_PREFIX_PATH', '/home/sonvu/rtablc_base/install/rtablc_experiment:/opt/ros/humble'), ('SHELL', '/bin/bash'), ('LC_NAME', 'vi_VN'), ('QT_ACCESSIBILITY', '1'), ('GDMSESSION', 'ubuntu'), ('LESSCLOSE', '/usr/bin/lesspipe %s %s'), ('LC_MEASUREMENT', 'vi_VN'), ('LC_IDENTIFICATION', 'vi_VN'), ('QT_IM_MODULE', 'ibus'), ('PWD', '/home/sonvu/ur_ws/build/ur_dashboard_msgs'), ('LC_ALL', 'en_US.UTF-8'), ('XDG_CONFIG_DIRS', '/etc/xdg/xdg-ubuntu:/etc/xdg'), ('XDG_DATA_DIRS', '/usr/share/ubuntu:/usr/local/share/:/usr/share/:/var/lib/snapd/desktop'), ('PYTHONPATH', '/home/sonvu/rtablc_base/build/rtablc_experiment:/home/sonvu/rtablc_base/install/rtablc_experiment/lib/python3.10/site-packages:/opt/ros/humble/lib/python3.10/site-packages:/opt/ros/humble/local/lib/python3.10/dist-packages'), ('LC_NUMERIC', 'vi_VN'), ('LC_PAPER', 'vi_VN'), ('COLCON', '1'), ('VTE_VERSION', '6800'), ('CMAKE_PREFIX_PATH', '/home/sonvu/rtablc_base/install/rtablc_experiment:/opt/ros/humble')]), 'shell': False}
[0.012973] (ur_moveit_config) JobProgress: {'identifier': 'ur_moveit_config', 'progress': 'cmake'}
[0.013878] (ur_moveit_config) Command: {'cmd': ['/usr/bin/cmake', '/home/sonvu/ur_ws/src/Universal_Robots_ROS2_Driver/ur_moveit_config', '-DAMENT_CMAKE_SYMLINK_INSTALL=1', '-DCMAKE_INSTALL_PREFIX=/home/sonvu/ur_ws/install/ur_moveit_config'], 'cwd': '/home/sonvu/ur_ws/build/ur_moveit_config', 'env': OrderedDict([('LESSOPEN', '| /usr/bin/lesspipe %s'), ('LANGUAGE', 'en_US:en'), ('USER', 'sonvu'), ('LC_TIME', 'vi_VN'), ('XDG_SESSION_TYPE', 'wayland'), ('SHLVL', '1'), ('LD_LIBRARY_PATH', '/usr/lib/x86_64-linux-gnu/gazebo-11/plugins:/opt/ros/humble/opt/rviz_ogre_vendor/lib:/opt/ros/humble/lib/x86_64-linux-gnu:/opt/ros/humble/lib'), ('HOME', '/home/sonvu'), ('OLDPWD', '/home/sonvu'), ('DESKTOP_SESSION', 'ubuntu'), ('ROS_PYTHON_VERSION', '3'), ('GNOME_SHELL_SESSION_MODE', 'ubuntu'), ('GTK_MODULES', 'gail:atk-bridge'), ('LC_MONETARY', 'vi_VN'), ('SYSTEMD_EXEC_PID', '1840'), ('DBUS_SESSION_BUS_ADDRESS', 'unix:path=/run/user/1000/bus'), ('COLORTERM', 'truecolor'), ('IM_CONFIG_PHASE', '1'), ('WAYLAND_DISPLAY', 'wayland-0'), ('COLCON_PREFIX_PATH', '/home/sonvu/rtablc_base/install'), ('ROS_DISTRO', 'humble'), ('LOGNAME', 'sonvu'), ('_', '/usr/bin/colcon'), ('ROS_VERSION', '2'), ('XDG_SESSION_CLASS', 'user'), ('USERNAME', 'sonvu'), ('TERM', 'xterm-256color'), ('GNOME_DESKTOP_SESSION_ID', 'this-is-deprecated'), ('ROS_LOCALHOST_ONLY', '0'), ('PATH', '/opt/ros/humble/bin:/home/sonvu/.local/bin:/usr/local/sbin:/usr/local/bin:/usr/sbin:/usr/bin:/sbin:/bin:/usr/games:/usr/local/games:/snap/bin:/snap/bin'), ('SESSION_MANAGER', 'local/sonvu-Thin-15-B13UC:@/tmp/.ICE-unix/1810,unix/sonvu-Thin-15-B13UC:/tmp/.ICE-unix/1810'), ('PAPERSIZE', 'a4'), ('XDG_MENU_PREFIX', 'gnome-'), ('LC_ADDRESS', 'vi_VN'), ('GNOME_TERMINAL_SCREEN', '/org/gnome/Terminal/screen/13a4e776_53ad_4e87_90a5_551c296629db'), ('GNOME_SETUP_DISPLAY', ':1'), ('XDG_RUNTIME_DIR', '/run/user/1000'), ('DISPLAY', ':0'), ('LANG', 'en_US.UTF-8'), ('XDG_CURRENT_DESKTOP', 'ubuntu:GNOME'), ('LC_TELEPHONE', 'vi_VN'), ('XMODIFIERS', '@im=ibus'), ('XDG_SESSION_DESKTOP', 'ubuntu'), ('XAUTHORITY', '/run/user/1000/.mutter-Xwaylandauth.JB0DV3'), ('LS_COLORS', 'rs=0:di=01;34:ln=01;36:mh=00:pi=40;33:so=01;35:do=01;35:bd=40;33;01:cd=40;33;01:or=40;31;01:mi=00:su=37;41:sg=30;43:ca=30;41:tw=30;42:ow=34;42:st=37;44:ex=01;32:*.tar=01;31:*.tgz=01;31:*.arc=01;31:*.arj=01;31:*.taz=01;31:*.lha=01;31:*.lz4=01;31:*.lzh=01;31:*.lzma=01;31:*.tlz=01;31:*.txz=01;31:*.tzo=01;31:*.t7z=01;31:*.zip=01;31:*.z=01;31:*.dz=01;31:*.gz=01;31:*.lrz=01;31:*.lz=01;31:*.lzo=01;31:*.xz=01;31:*.zst=01;31:*.tzst=01;31:*.bz2=01;31:*.bz=01;31:*.tbz=01;31:*.tbz2=01;31:*.tz=01;31:*.deb=01;31:*.rpm=01;31:*.jar=01;31:*.war=01;31:*.ear=01;31:*.sar=01;31:*.rar=01;31:*.alz=01;31:*.ace=01;31:*.zoo=01;31:*.cpio=01;31:*.7z=01;31:*.rz=01;31:*.cab=01;31:*.wim=01;31:*.swm=01;31:*.dwm=01;31:*.esd=01;31:*.jpg=01;35:*.jpeg=01;35:*.mjpg=01;35:*.mjpeg=01;35:*.gif=01;35:*.bmp=01;35:*.pbm=01;35:*.pgm=01;35:*.ppm=01;35:*.tga=01;35:*.xbm=01;35:*.xpm=01;35:*.tif=01;35:*.tiff=01;35:*.png=01;35:*.svg=01;35:*.svgz=01;35:*.mng=01;35:*.pcx=01;35:*.mov=01;35:*.mpg=01;35:*.mpeg=01;35:*.m2v=01;35:*.mkv=01;35:*.webm=01;35:*.webp=01;35:*.ogm=01;35:*.mp4=01;35:*.m4v=01;35:*.mp4v=01;35:*.vob=01;35:*.qt=01;35:*.nuv=01;35:*.wmv=01;35:*.asf=01;35:*.rm=01;35:*.rmvb=01;35:*.flc=01;35:*.avi=01;35:*.fli=01;35:*.flv=01;35:*.gl=01;35:*.dl=01;35:*.xcf=01;35:*.xwd=01;35:*.yuv=01;35:*.cgm=01;35:*.emf=01;35:*.ogv=01;35:*.ogx=01;35:*.aac=00;36:*.au=00;36:*.flac=00;36:*.m4a=00;36:*.mid=00;36:*.midi=00;36:*.mka=00;36:*.mp3=00;36:*.mpc=00;36:*.ogg=00;36:*.ra=00;36:*.wav=00;36:*.oga=00;36:*.opus=00;36:*.spx=00;36:*.xspf=00;36:'), ('GNOME_TERMINAL_SERVICE', ':1.111'), ('SSH_AGENT_LAUNCHER', 'gnome-keyring'), ('SSH_AUTH_SOCK', '/run/user/1000/keyring/ssh'), ('AMENT_PREFIX_PATH', '/home/sonvu/rtablc_base/install/rtablc_experiment:/opt/ros/humble'), ('SHELL', '/bin/bash'), ('LC_NAME', 'vi_VN'), ('QT_ACCESSIBILITY', '1'), ('GDMSESSION', 'ubuntu'), ('LESSCLOSE', '/usr/bin/lesspipe %s %s'), ('LC_MEASUREMENT', 'vi_VN'), ('LC_IDENTIFICATION', 'vi_VN'), ('QT_IM_MODULE', 'ibus'), ('PWD', '/home/sonvu/ur_ws/build/ur_moveit_config'), ('LC_ALL', 'en_US.UTF-8'), ('XDG_CONFIG_DIRS', '/etc/xdg/xdg-ubuntu:/etc/xdg'), ('XDG_DATA_DIRS', '/usr/share/ubuntu:/usr/local/share/:/usr/share/:/var/lib/snapd/desktop'), ('PYTHONPATH', '/home/sonvu/rtablc_base/build/rtablc_experiment:/home/sonvu/rtablc_base/install/rtablc_experiment/lib/python3.10/site-packages:/opt/ros/humble/lib/python3.10/site-packages:/opt/ros/humble/local/lib/python3.10/dist-packages'), ('LC_NUMERIC', 'vi_VN'), ('LC_PAPER', 'vi_VN'), ('COLCON', '1'), ('VTE_VERSION', '6800'), ('CMAKE_PREFIX_PATH', '/home/sonvu/rtablc_base/install/rtablc_experiment:/opt/ros/humble')]), 'shell': False}
[0.099659] (-) TimerEvent: {}
[0.200399] (-) TimerEvent: {}
[0.211765] (ur_dashboard_msgs) StdoutLine: {'line': b'-- The C compiler identification is GNU 11.4.0\n'}
[0.211968] (ur_moveit_config) StdoutLine: {'line': b'-- The C compiler identification is GNU 11.4.0\n'}
[0.300588] (-) TimerEvent: {}
[0.325163] (ur_moveit_config) StdoutLine: {'line': b'-- The CXX compiler identification is GNU 11.4.0\n'}
[0.325374] (ur_dashboard_msgs) StdoutLine: {'line': b'-- The CXX compiler identification is GNU 11.4.0\n'}
[0.333190] (ur_moveit_config) StdoutLine: {'line': b'-- Detecting C compiler ABI info\n'}
[0.333409] (ur_dashboard_msgs) StdoutLine: {'line': b'-- Detecting C compiler ABI info\n'}
[0.400663] (-) TimerEvent: {}
[0.407430] (ur_dashboard_msgs) StdoutLine: {'line': b'-- Detecting C compiler ABI info - done\n'}
[0.410725] (ur_moveit_config) StdoutLine: {'line': b'-- Detecting C compiler ABI info - done\n'}
[0.417948] (ur_dashboard_msgs) StdoutLine: {'line': b'-- Check for working C compiler: /usr/bin/cc - skipped\n'}
[0.418549] (ur_moveit_config) StdoutLine: {'line': b'-- Check for working C compiler: /usr/bin/cc - skipped\n'}
[0.418814] (ur_moveit_config) StdoutLine: {'line': b'-- Detecting C compile features\n'}
[0.418994] (ur_dashboard_msgs) StdoutLine: {'line': b'-- Detecting C compile features\n'}
[0.419509] (ur_moveit_config) StdoutLine: {'line': b'-- Detecting C compile features - done\n'}
[0.419677] (ur_dashboard_msgs) StdoutLine: {'line': b'-- Detecting C compile features - done\n'}
[0.422417] (ur_moveit_config) StdoutLine: {'line': b'-- Detecting CXX compiler ABI info\n'}
[0.422533] (ur_dashboard_msgs) StdoutLine: {'line': b'-- Detecting CXX compiler ABI info\n'}
[0.493204] (ur_dashboard_msgs) StdoutLine: {'line': b'-- Detecting CXX compiler ABI info - done\n'}
[0.497697] (ur_moveit_config) StdoutLine: {'line': b'-- Detecting CXX compiler ABI info - done\n'}
[0.498058] (ur_dashboard_msgs) StdoutLine: {'line': b'-- Check for working CXX compiler: /usr/bin/c++ - skipped\n'}
[0.498268] (ur_dashboard_msgs) StdoutLine: {'line': b'-- Detecting CXX compile features\n'}
[0.498586] (ur_dashboard_msgs) StdoutLine: {'line': b'-- Detecting CXX compile features - done\n'}
[0.500748] (-) TimerEvent: {}
[0.504220] (ur_dashboard_msgs) StdoutLine: {'line': b'-- Found ament_cmake: 1.3.14 (/opt/ros/humble/share/ament_cmake/cmake)\n'}
[0.504525] (ur_moveit_config) StdoutLine: {'line': b'-- Check for working CXX compiler: /usr/bin/c++ - skipped\n'}
[0.504712] (ur_moveit_config) StdoutLine: {'line': b'-- Detecting CXX compile features\n'}
[0.505205] (ur_moveit_config) StdoutLine: {'line': b'-- Detecting CXX compile features - done\n'}
[0.507283] (ur_moveit_config) StdoutLine: {'line': b'-- Found ament_cmake: 1.3.14 (/opt/ros/humble/share/ament_cmake/cmake)\n'}
[0.600864] (-) TimerEvent: {}
[0.622013] (ur_dashboard_msgs) StdoutLine: {'line': b'-- Found Python3: /usr/bin/python3 (found version "3.10.12") found components: Interpreter \n'}
[0.624232] (ur_moveit_config) StdoutLine: {'line': b'-- Found Python3: /usr/bin/python3 (found version "3.10.12") found components: Interpreter \n'}
[0.676640] (ur_moveit_config) StdoutLine: {'line': b'-- Override CMake install command with custom implementation using symlinks instead of copying resources\n'}
[0.676861] (ur_dashboard_msgs) StdoutLine: {'line': b'-- Override CMake install command with custom implementation using symlinks instead of copying resources\n'}
[0.700956] (-) TimerEvent: {}
[0.710804] (ur_dashboard_msgs) StdoutLine: {'line': b'-- Found rosidl_default_generators: 1.2.1 (/opt/ros/humble/share/rosidl_default_generators/cmake)\n'}
[0.714374] (ur_dashboard_msgs) StdoutLine: {'line': b'-- Using all available rosidl_typesupport_c: rosidl_typesupport_fastrtps_c;rosidl_typesupport_introspection_c\n'}
[0.722042] (ur_dashboard_msgs) StdoutLine: {'line': b'-- Found rosidl_adapter: 3.1.8 (/opt/ros/humble/share/rosidl_adapter/cmake)\n'}
[0.763132] (ur_dashboard_msgs) StdoutLine: {'line': b'-- Using all available rosidl_typesupport_cpp: rosidl_typesupport_fastrtps_cpp;rosidl_typesupport_introspection_cpp\n'}
[0.800159] (ur_dashboard_msgs) StdoutLine: {'line': b'-- Found action_msgs: 1.2.2 (/opt/ros/humble/share/action_msgs/cmake)\n'}
[0.801054] (-) TimerEvent: {}
[0.823816] (ur_moveit_config) StdoutLine: {'line': b'-- Configuring done\n'}
[0.825553] (ur_moveit_config) StdoutLine: {'line': b'-- Generating done\n'}
[0.826981] (ur_moveit_config) StdoutLine: {'line': b'-- Build files have been written to: /home/sonvu/ur_ws/build/ur_moveit_config\n'}
[0.830090] (ur_moveit_config) CommandEnded: {'returncode': 0}
[0.830750] (ur_moveit_config) JobProgress: {'identifier': 'ur_moveit_config', 'progress': 'build'}
[0.831643] (ur_moveit_config) Command: {'cmd': ['/usr/bin/cmake', '--build', '/home/sonvu/ur_ws/build/ur_moveit_config', '--', '-j16', '-l16'], 'cwd': '/home/sonvu/ur_ws/build/ur_moveit_config', 'env': OrderedDict([('LESSOPEN', '| /usr/bin/lesspipe %s'), ('LANGUAGE', 'en_US:en'), ('USER', 'sonvu'), ('LC_TIME', 'vi_VN'), ('XDG_SESSION_TYPE', 'wayland'), ('SHLVL', '1'), ('LD_LIBRARY_PATH', '/usr/lib/x86_64-linux-gnu/gazebo-11/plugins:/opt/ros/humble/opt/rviz_ogre_vendor/lib:/opt/ros/humble/lib/x86_64-linux-gnu:/opt/ros/humble/lib'), ('HOME', '/home/sonvu'), ('OLDPWD', '/home/sonvu'), ('DESKTOP_SESSION', 'ubuntu'), ('ROS_PYTHON_VERSION', '3'), ('GNOME_SHELL_SESSION_MODE', 'ubuntu'), ('GTK_MODULES', 'gail:atk-bridge'), ('LC_MONETARY', 'vi_VN'), ('SYSTEMD_EXEC_PID', '1840'), ('DBUS_SESSION_BUS_ADDRESS', 'unix:path=/run/user/1000/bus'), ('COLORTERM', 'truecolor'), ('IM_CONFIG_PHASE', '1'), ('WAYLAND_DISPLAY', 'wayland-0'), ('COLCON_PREFIX_PATH', '/home/sonvu/rtablc_base/install'), ('ROS_DISTRO', 'humble'), ('LOGNAME', 'sonvu'), ('_', '/usr/bin/colcon'), ('ROS_VERSION', '2'), ('XDG_SESSION_CLASS', 'user'), ('USERNAME', 'sonvu'), ('TERM', 'xterm-256color'), ('GNOME_DESKTOP_SESSION_ID', 'this-is-deprecated'), ('ROS_LOCALHOST_ONLY', '0'), ('PATH', '/opt/ros/humble/bin:/home/sonvu/.local/bin:/usr/local/sbin:/usr/local/bin:/usr/sbin:/usr/bin:/sbin:/bin:/usr/games:/usr/local/games:/snap/bin:/snap/bin'), ('SESSION_MANAGER', 'local/sonvu-Thin-15-B13UC:@/tmp/.ICE-unix/1810,unix/sonvu-Thin-15-B13UC:/tmp/.ICE-unix/1810'), ('PAPERSIZE', 'a4'), ('XDG_MENU_PREFIX', 'gnome-'), ('LC_ADDRESS', 'vi_VN'), ('GNOME_TERMINAL_SCREEN', '/org/gnome/Terminal/screen/13a4e776_53ad_4e87_90a5_551c296629db'), ('GNOME_SETUP_DISPLAY', ':1'), ('XDG_RUNTIME_DIR', '/run/user/1000'), ('DISPLAY', ':0'), ('LANG', 'en_US.UTF-8'), ('XDG_CURRENT_DESKTOP', 'ubuntu:GNOME'), ('LC_TELEPHONE', 'vi_VN'), ('XMODIFIERS', '@im=ibus'), ('XDG_SESSION_DESKTOP', 'ubuntu'), ('XAUTHORITY', '/run/user/1000/.mutter-Xwaylandauth.JB0DV3'), ('LS_COLORS', 'rs=0:di=01;34:ln=01;36:mh=00:pi=40;33:so=01;35:do=01;35:bd=40;33;01:cd=40;33;01:or=40;31;01:mi=00:su=37;41:sg=30;43:ca=30;41:tw=30;42:ow=34;42:st=37;44:ex=01;32:*.tar=01;31:*.tgz=01;31:*.arc=01;31:*.arj=01;31:*.taz=01;31:*.lha=01;31:*.lz4=01;31:*.lzh=01;31:*.lzma=01;31:*.tlz=01;31:*.txz=01;31:*.tzo=01;31:*.t7z=01;31:*.zip=01;31:*.z=01;31:*.dz=01;31:*.gz=01;31:*.lrz=01;31:*.lz=01;31:*.lzo=01;31:*.xz=01;31:*.zst=01;31:*.tzst=01;31:*.bz2=01;31:*.bz=01;31:*.tbz=01;31:*.tbz2=01;31:*.tz=01;31:*.deb=01;31:*.rpm=01;31:*.jar=01;31:*.war=01;31:*.ear=01;31:*.sar=01;31:*.rar=01;31:*.alz=01;31:*.ace=01;31:*.zoo=01;31:*.cpio=01;31:*.7z=01;31:*.rz=01;31:*.cab=01;31:*.wim=01;31:*.swm=01;31:*.dwm=01;31:*.esd=01;31:*.jpg=01;35:*.jpeg=01;35:*.mjpg=01;35:*.mjpeg=01;35:*.gif=01;35:*.bmp=01;35:*.pbm=01;35:*.pgm=01;35:*.ppm=01;35:*.tga=01;35:*.xbm=01;35:*.xpm=01;35:*.tif=01;35:*.tiff=01;35:*.png=01;35:*.svg=01;35:*.svgz=01;35:*.mng=01;35:*.pcx=01;35:*.mov=01;35:*.mpg=01;35:*.mpeg=01;35:*.m2v=01;35:*.mkv=01;35:*.webm=01;35:*.webp=01;35:*.ogm=01;35:*.mp4=01;35:*.m4v=01;35:*.mp4v=01;35:*.vob=01;35:*.qt=01;35:*.nuv=01;35:*.wmv=01;35:*.asf=01;35:*.rm=01;35:*.rmvb=01;35:*.flc=01;35:*.avi=01;35:*.fli=01;35:*.flv=01;35:*.gl=01;35:*.dl=01;35:*.xcf=01;35:*.xwd=01;35:*.yuv=01;35:*.cgm=01;35:*.emf=01;35:*.ogv=01;35:*.ogx=01;35:*.aac=00;36:*.au=00;36:*.flac=00;36:*.m4a=00;36:*.mid=00;36:*.midi=00;36:*.mka=00;36:*.mp3=00;36:*.mpc=00;36:*.ogg=00;36:*.ra=00;36:*.wav=00;36:*.oga=00;36:*.opus=00;36:*.spx=00;36:*.xspf=00;36:'), ('GNOME_TERMINAL_SERVICE', ':1.111'), ('SSH_AGENT_LAUNCHER', 'gnome-keyring'), ('SSH_AUTH_SOCK', '/run/user/1000/keyring/ssh'), ('AMENT_PREFIX_PATH', '/home/sonvu/rtablc_base/install/rtablc_experiment:/opt/ros/humble'), ('SHELL', '/bin/bash'), ('LC_NAME', 'vi_VN'), ('QT_ACCESSIBILITY', '1'), ('GDMSESSION', 'ubuntu'), ('LESSCLOSE', '/usr/bin/lesspipe %s %s'), ('LC_MEASUREMENT', 'vi_VN'), ('LC_IDENTIFICATION', 'vi_VN'), ('QT_IM_MODULE', 'ibus'), ('PWD', '/home/sonvu/ur_ws/build/ur_moveit_config'), ('LC_ALL', 'en_US.UTF-8'), ('XDG_CONFIG_DIRS', '/etc/xdg/xdg-ubuntu:/etc/xdg'), ('XDG_DATA_DIRS', '/usr/share/ubuntu:/usr/local/share/:/usr/share/:/var/lib/snapd/desktop'), ('PYTHONPATH', '/home/sonvu/rtablc_base/build/rtablc_experiment:/home/sonvu/rtablc_base/install/rtablc_experiment/lib/python3.10/site-packages:/opt/ros/humble/lib/python3.10/site-packages:/opt/ros/humble/local/lib/python3.10/dist-packages'), ('LC_NUMERIC', 'vi_VN'), ('LC_PAPER', 'vi_VN'), ('COLCON', '1'), ('VTE_VERSION', '6800'), ('CMAKE_PREFIX_PATH', '/home/sonvu/rtablc_base/install/rtablc_experiment:/opt/ros/humble')]), 'shell': False}
[0.877743] (ur_moveit_config) StdoutLine: {'line': b'Built target ament_cmake_python_symlink_ur_moveit_config\n'}
[0.901183] (-) TimerEvent: {}
[1.001437] (-) TimerEvent: {}
[1.038472] (ur_moveit_config) StdoutLine: {'line': b'running egg_info\n'}
[1.039276] (ur_moveit_config) StdoutLine: {'line': b'creating ur_moveit_config.egg-info\n'}
[1.039533] (ur_moveit_config) StdoutLine: {'line': b'writing ur_moveit_config.egg-info/PKG-INFO\n'}
[1.039728] (ur_moveit_config) StdoutLine: {'line': b'writing dependency_links to ur_moveit_config.egg-info/dependency_links.txt\n'}
[1.039960] (ur_moveit_config) StdoutLine: {'line': b'writing top-level names to ur_moveit_config.egg-info/top_level.txt\n'}
[1.040125] (ur_moveit_config) StdoutLine: {'line': b"writing manifest file 'ur_moveit_config.egg-info/SOURCES.txt'\n"}
[1.042876] (ur_moveit_config) StdoutLine: {'line': b"reading manifest file 'ur_moveit_config.egg-info/SOURCES.txt'\n"}
[1.043395] (ur_moveit_config) StdoutLine: {'line': b"writing manifest file 'ur_moveit_config.egg-info/SOURCES.txt'\n"}
[1.063065] (ur_moveit_config) StdoutLine: {'line': b'Built target ament_cmake_python_build_ur_moveit_config_egg\n'}
[1.073304] (ur_moveit_config) CommandEnded: {'returncode': 0}
[1.073806] (ur_moveit_config) JobProgress: {'identifier': 'ur_moveit_config', 'progress': 'install'}
[1.079479] (ur_moveit_config) Command: {'cmd': ['/usr/bin/cmake', '--install', '/home/sonvu/ur_ws/build/ur_moveit_config'], 'cwd': '/home/sonvu/ur_ws/build/ur_moveit_config', 'env': OrderedDict([('LESSOPEN', '| /usr/bin/lesspipe %s'), ('LANGUAGE', 'en_US:en'), ('USER', 'sonvu'), ('LC_TIME', 'vi_VN'), ('XDG_SESSION_TYPE', 'wayland'), ('SHLVL', '1'), ('LD_LIBRARY_PATH', '/usr/lib/x86_64-linux-gnu/gazebo-11/plugins:/opt/ros/humble/opt/rviz_ogre_vendor/lib:/opt/ros/humble/lib/x86_64-linux-gnu:/opt/ros/humble/lib'), ('HOME', '/home/sonvu'), ('OLDPWD', '/home/sonvu'), ('DESKTOP_SESSION', 'ubuntu'), ('ROS_PYTHON_VERSION', '3'), ('GNOME_SHELL_SESSION_MODE', 'ubuntu'), ('GTK_MODULES', 'gail:atk-bridge'), ('LC_MONETARY', 'vi_VN'), ('SYSTEMD_EXEC_PID', '1840'), ('DBUS_SESSION_BUS_ADDRESS', 'unix:path=/run/user/1000/bus'), ('COLORTERM', 'truecolor'), ('IM_CONFIG_PHASE', '1'), ('WAYLAND_DISPLAY', 'wayland-0'), ('COLCON_PREFIX_PATH', '/home/sonvu/rtablc_base/install'), ('ROS_DISTRO', 'humble'), ('LOGNAME', 'sonvu'), ('_', '/usr/bin/colcon'), ('ROS_VERSION', '2'), ('XDG_SESSION_CLASS', 'user'), ('USERNAME', 'sonvu'), ('TERM', 'xterm-256color'), ('GNOME_DESKTOP_SESSION_ID', 'this-is-deprecated'), ('ROS_LOCALHOST_ONLY', '0'), ('PATH', '/opt/ros/humble/bin:/home/sonvu/.local/bin:/usr/local/sbin:/usr/local/bin:/usr/sbin:/usr/bin:/sbin:/bin:/usr/games:/usr/local/games:/snap/bin:/snap/bin'), ('SESSION_MANAGER', 'local/sonvu-Thin-15-B13UC:@/tmp/.ICE-unix/1810,unix/sonvu-Thin-15-B13UC:/tmp/.ICE-unix/1810'), ('PAPERSIZE', 'a4'), ('XDG_MENU_PREFIX', 'gnome-'), ('LC_ADDRESS', 'vi_VN'), ('GNOME_TERMINAL_SCREEN', '/org/gnome/Terminal/screen/13a4e776_53ad_4e87_90a5_551c296629db'), ('GNOME_SETUP_DISPLAY', ':1'), ('XDG_RUNTIME_DIR', '/run/user/1000'), ('DISPLAY', ':0'), ('LANG', 'en_US.UTF-8'), ('XDG_CURRENT_DESKTOP', 'ubuntu:GNOME'), ('LC_TELEPHONE', 'vi_VN'), ('XMODIFIERS', '@im=ibus'), ('XDG_SESSION_DESKTOP', 'ubuntu'), ('XAUTHORITY', '/run/user/1000/.mutter-Xwaylandauth.JB0DV3'), ('LS_COLORS', 'rs=0:di=01;34:ln=01;36:mh=00:pi=40;33:so=01;35:do=01;35:bd=40;33;01:cd=40;33;01:or=40;31;01:mi=00:su=37;41:sg=30;43:ca=30;41:tw=30;42:ow=34;42:st=37;44:ex=01;32:*.tar=01;31:*.tgz=01;31:*.arc=01;31:*.arj=01;31:*.taz=01;31:*.lha=01;31:*.lz4=01;31:*.lzh=01;31:*.lzma=01;31:*.tlz=01;31:*.txz=01;31:*.tzo=01;31:*.t7z=01;31:*.zip=01;31:*.z=01;31:*.dz=01;31:*.gz=01;31:*.lrz=01;31:*.lz=01;31:*.lzo=01;31:*.xz=01;31:*.zst=01;31:*.tzst=01;31:*.bz2=01;31:*.bz=01;31:*.tbz=01;31:*.tbz2=01;31:*.tz=01;31:*.deb=01;31:*.rpm=01;31:*.jar=01;31:*.war=01;31:*.ear=01;31:*.sar=01;31:*.rar=01;31:*.alz=01;31:*.ace=01;31:*.zoo=01;31:*.cpio=01;31:*.7z=01;31:*.rz=01;31:*.cab=01;31:*.wim=01;31:*.swm=01;31:*.dwm=01;31:*.esd=01;31:*.jpg=01;35:*.jpeg=01;35:*.mjpg=01;35:*.mjpeg=01;35:*.gif=01;35:*.bmp=01;35:*.pbm=01;35:*.pgm=01;35:*.ppm=01;35:*.tga=01;35:*.xbm=01;35:*.xpm=01;35:*.tif=01;35:*.tiff=01;35:*.png=01;35:*.svg=01;35:*.svgz=01;35:*.mng=01;35:*.pcx=01;35:*.mov=01;35:*.mpg=01;35:*.mpeg=01;35:*.m2v=01;35:*.mkv=01;35:*.webm=01;35:*.webp=01;35:*.ogm=01;35:*.mp4=01;35:*.m4v=01;35:*.mp4v=01;35:*.vob=01;35:*.qt=01;35:*.nuv=01;35:*.wmv=01;35:*.asf=01;35:*.rm=01;35:*.rmvb=01;35:*.flc=01;35:*.avi=01;35:*.fli=01;35:*.flv=01;35:*.gl=01;35:*.dl=01;35:*.xcf=01;35:*.xwd=01;35:*.yuv=01;35:*.cgm=01;35:*.emf=01;35:*.ogv=01;35:*.ogx=01;35:*.aac=00;36:*.au=00;36:*.flac=00;36:*.m4a=00;36:*.mid=00;36:*.midi=00;36:*.mka=00;36:*.mp3=00;36:*.mpc=00;36:*.ogg=00;36:*.ra=00;36:*.wav=00;36:*.oga=00;36:*.opus=00;36:*.spx=00;36:*.xspf=00;36:'), ('GNOME_TERMINAL_SERVICE', ':1.111'), ('SSH_AGENT_LAUNCHER', 'gnome-keyring'), ('SSH_AUTH_SOCK', '/run/user/1000/keyring/ssh'), ('AMENT_PREFIX_PATH', '/home/sonvu/rtablc_base/install/rtablc_experiment:/opt/ros/humble'), ('SHELL', '/bin/bash'), ('LC_NAME', 'vi_VN'), ('QT_ACCESSIBILITY', '1'), ('GDMSESSION', 'ubuntu'), ('LESSCLOSE', '/usr/bin/lesspipe %s %s'), ('LC_MEASUREMENT', 'vi_VN'), ('LC_IDENTIFICATION', 'vi_VN'), ('QT_IM_MODULE', 'ibus'), ('PWD', '/home/sonvu/ur_ws/build/ur_moveit_config'), ('LC_ALL', 'en_US.UTF-8'), ('XDG_CONFIG_DIRS', '/etc/xdg/xdg-ubuntu:/etc/xdg'), ('XDG_DATA_DIRS', '/usr/share/ubuntu:/usr/local/share/:/usr/share/:/var/lib/snapd/desktop'), ('PYTHONPATH', '/home/sonvu/rtablc_base/build/rtablc_experiment:/home/sonvu/rtablc_base/install/rtablc_experiment/lib/python3.10/site-packages:/opt/ros/humble/lib/python3.10/site-packages:/opt/ros/humble/local/lib/python3.10/dist-packages'), ('LC_NUMERIC', 'vi_VN'), ('LC_PAPER', 'vi_VN'), ('COLCON', '1'), ('VTE_VERSION', '6800'), ('CMAKE_PREFIX_PATH', '/home/sonvu/rtablc_base/install/rtablc_experiment:/opt/ros/humble')]), 'shell': False}
[1.085099] (ur_moveit_config) StdoutLine: {'line': b'-- Install configuration: ""\n'}
[1.085391] (ur_moveit_config) StdoutLine: {'line': b'-- Execute custom install script\n'}
[1.085946] (ur_moveit_config) StdoutLine: {'line': b'-- Symlinking: /home/sonvu/ur_ws/install/ur_moveit_config/share/ur_moveit_config/config/controllers.yaml\n'}
[1.093719] (ur_moveit_config) StdoutLine: {'line': b'-- Symlinking: /home/sonvu/ur_ws/install/ur_moveit_config/share/ur_moveit_config/config/joint_limits.yaml\n'}
[1.100868] (ur_moveit_config) StdoutLine: {'line': b'-- Symlinking: /home/sonvu/ur_ws/install/ur_moveit_config/share/ur_moveit_config/config/kinematics.yaml\n'}
[1.101508] (-) TimerEvent: {}
[1.108393] (ur_moveit_config) StdoutLine: {'line': b'-- Symlinking: /home/sonvu/ur_ws/install/ur_moveit_config/share/ur_moveit_config/config/ompl_planning.yaml\n'}
[1.116139] (ur_moveit_config) StdoutLine: {'line': b'-- Symlinking: /home/sonvu/ur_ws/install/ur_moveit_config/share/ur_moveit_config/config/ur_servo.yaml\n'}
[1.124759] (ur_moveit_config) StdoutLine: {'line': b'-- Symlinking: /home/sonvu/ur_ws/install/ur_moveit_config/share/ur_moveit_config/launch/ur_moveit.launch.py\n'}
[1.133278] (ur_moveit_config) StdoutLine: {'line': b'-- Symlinking: /home/sonvu/ur_ws/install/ur_moveit_config/share/ur_moveit_config/rviz/view_robot.rviz\n'}
[1.141825] (ur_moveit_config) StdoutLine: {'line': b'-- Symlinking: /home/sonvu/ur_ws/install/ur_moveit_config/share/ur_moveit_config/srdf/ur.srdf.xacro\n'}
[1.146404] (ur_moveit_config) StdoutLine: {'line': b'-- Symlinking: /home/sonvu/ur_ws/install/ur_moveit_config/share/ur_moveit_config/srdf/ur_macro.srdf.xacro\n'}
[1.153747] (ur_moveit_config) StdoutLine: {'line': b'-- Symlinking: /home/sonvu/ur_ws/install/ur_moveit_config/share/ur_moveit_config/environment/pythonpath.sh\n'}
[1.161666] (ur_moveit_config) StdoutLine: {'line': b'-- Symlinking: /home/sonvu/ur_ws/install/ur_moveit_config/share/ur_moveit_config/environment/pythonpath.dsv\n'}
[1.172495] (ur_moveit_config) StdoutLine: {'line': b'-- Symlinking: /home/sonvu/ur_ws/install/ur_moveit_config/local/lib/python3.10/dist-packages/ur_moveit_config-2.15.0-py3.10.egg-info/PKG-INFO\n'}
[1.179628] (ur_moveit_config) StdoutLine: {'line': b'-- Symlinking: /home/sonvu/ur_ws/install/ur_moveit_config/local/lib/python3.10/dist-packages/ur_moveit_config-2.15.0-py3.10.egg-info/SOURCES.txt\n'}
[1.184873] (ur_moveit_config) StdoutLine: {'line': b'-- Symlinking: /home/sonvu/ur_ws/install/ur_moveit_config/local/lib/python3.10/dist-packages/ur_moveit_config-2.15.0-py3.10.egg-info/dependency_links.txt\n'}
[1.193057] (ur_moveit_config) StdoutLine: {'line': b'-- Symlinking: /home/sonvu/ur_ws/install/ur_moveit_config/local/lib/python3.10/dist-packages/ur_moveit_config-2.15.0-py3.10.egg-info/top_level.txt\n'}
[1.198977] (ur_dashboard_msgs) StdoutLine: {'line': b'-- Found ament_cmake_ros: 0.10.0 (/opt/ros/humble/share/ament_cmake_ros/cmake)\n'}
[1.199220] (ur_moveit_config) StdoutLine: {'line': b'-- Symlinking: /home/sonvu/ur_ws/install/ur_moveit_config/local/lib/python3.10/dist-packages/ur_moveit_config/__init__.py\n'}
[1.201584] (-) TimerEvent: {}
[1.204534] (ur_moveit_config) StdoutLine: {'line': b'-- Symlinking: /home/sonvu/ur_ws/install/ur_moveit_config/local/lib/python3.10/dist-packages/ur_moveit_config/launch_common.py\n'}
[1.213771] (ur_moveit_config) StdoutLine: {'line': b'-- Symlinking: /home/sonvu/ur_ws/install/ur_moveit_config/local/lib/python3.10/dist-packages/launch_common.py\n'}
[1.222108] (ur_moveit_config) StdoutLine: {'line': b'-- Symlinking: /home/sonvu/ur_ws/install/ur_moveit_config/share/ament_index/resource_index/package_run_dependencies/ur_moveit_config\n'}
[1.229464] (ur_moveit_config) StdoutLine: {'line': b'-- Symlinking: /home/sonvu/ur_ws/install/ur_moveit_config/share/ament_index/resource_index/parent_prefix_path/ur_moveit_config\n'}
[1.237639] (ur_moveit_config) StdoutLine: {'line': b'-- Symlinking: /home/sonvu/ur_ws/install/ur_moveit_config/share/ur_moveit_config/environment/ament_prefix_path.sh\n'}
[1.242970] (ur_moveit_config) StdoutLine: {'line': b'-- Symlinking: /home/sonvu/ur_ws/install/ur_moveit_config/share/ur_moveit_config/environment/ament_prefix_path.dsv\n'}
[1.248176] (ur_moveit_config) StdoutLine: {'line': b'-- Symlinking: /home/sonvu/ur_ws/install/ur_moveit_config/share/ur_moveit_config/environment/path.sh\n'}
[1.255188] (ur_moveit_config) StdoutLine: {'line': b'-- Symlinking: /home/sonvu/ur_ws/install/ur_moveit_config/share/ur_moveit_config/environment/path.dsv\n'}
[1.263525] (ur_moveit_config) StdoutLine: {'line': b'-- Symlinking: /home/sonvu/ur_ws/install/ur_moveit_config/share/ur_moveit_config/local_setup.bash\n'}
[1.270426] (ur_moveit_config) StdoutLine: {'line': b'-- Symlinking: /home/sonvu/ur_ws/install/ur_moveit_config/share/ur_moveit_config/local_setup.sh\n'}
[1.275599] (ur_moveit_config) StdoutLine: {'line': b'-- Symlinking: /home/sonvu/ur_ws/install/ur_moveit_config/share/ur_moveit_config/local_setup.zsh\n'}
[1.280719] (ur_moveit_config) StdoutLine: {'line': b'-- Symlinking: /home/sonvu/ur_ws/install/ur_moveit_config/share/ur_moveit_config/local_setup.dsv\n'}
[1.288228] (ur_moveit_config) StdoutLine: {'line': b'-- Symlinking: /home/sonvu/ur_ws/install/ur_moveit_config/share/ur_moveit_config/package.dsv\n'}
[1.295069] (ur_moveit_config) StdoutLine: {'line': b'-- Symlinking: /home/sonvu/ur_ws/install/ur_moveit_config/share/ament_index/resource_index/packages/ur_moveit_config\n'}
[1.301666] (-) TimerEvent: {}
[1.302040] (ur_moveit_config) StdoutLine: {'line': b'-- Symlinking: /home/sonvu/ur_ws/install/ur_moveit_config/share/ur_moveit_config/cmake/ur_moveit_configConfig.cmake\n'}
[1.306969] (ur_moveit_config) StdoutLine: {'line': b'-- Symlinking: /home/sonvu/ur_ws/install/ur_moveit_config/share/ur_moveit_config/cmake/ur_moveit_configConfig-version.cmake\n'}
[1.312872] (ur_moveit_config) StdoutLine: {'line': b'-- Symlinking: /home/sonvu/ur_ws/install/ur_moveit_config/share/ur_moveit_config/package.xml\n'}
[1.346752] (ur_moveit_config) StdoutLine: {'line': b"Listing '/home/sonvu/ur_ws/install/ur_moveit_config/local/lib/python3.10/dist-packages/ur_moveit_config'...\n"}
[1.346933] (ur_moveit_config) StdoutLine: {'line': b"Compiling '/home/sonvu/ur_ws/install/ur_moveit_config/local/lib/python3.10/dist-packages/ur_moveit_config/__init__.py'...\n"}
[1.347021] (ur_moveit_config) StdoutLine: {'line': b"Compiling '/home/sonvu/ur_ws/install/ur_moveit_config/local/lib/python3.10/dist-packages/ur_moveit_config/launch_common.py'...\n"}
[1.358841] (ur_dashboard_msgs) StdoutLine: {'line': b'-- Using all available rosidl_typesupport_c: rosidl_typesupport_fastrtps_c;rosidl_typesupport_introspection_c\n'}
[1.372192] (ur_moveit_config) StdoutLine: {'line': b"Compiling '/home/sonvu/ur_ws/install/ur_moveit_config/local/lib/python3.10/dist-packages/launch_common.py'...\n"}
[1.376863] (ur_moveit_config) CommandEnded: {'returncode': 0}
[1.394897] (ur_moveit_config) JobEnded: {'identifier': 'ur_moveit_config', 'rc': 0}
[1.401738] (-) TimerEvent: {}
[1.501984] (-) TimerEvent: {}
[1.602490] (-) TimerEvent: {}
[1.617182] (ur_dashboard_msgs) StdoutLine: {'line': b'-- Using all available rosidl_typesupport_cpp: rosidl_typesupport_fastrtps_cpp;rosidl_typesupport_introspection_cpp\n'}
[1.647838] (ur_dashboard_msgs) StdoutLine: {'line': b'-- Found PythonInterp: /usr/bin/python3 (found suitable version "3.10.12", minimum required is "3.6") \n'}
[1.650886] (ur_dashboard_msgs) StdoutLine: {'line': b'-- Found python_cmake_module: 0.10.0 (/opt/ros/humble/share/python_cmake_module/cmake)\n'}
[1.679696] (ur_dashboard_msgs) StdoutLine: {'line': b'-- Found PythonLibs: /usr/lib/x86_64-linux-gnu/libpython3.10.so (found suitable version "3.10.12", minimum required is "3.5") \n'}
[1.680151] (ur_dashboard_msgs) StdoutLine: {'line': b'-- Using PYTHON_EXECUTABLE: /usr/bin/python3\n'}
[1.680367] (ur_dashboard_msgs) StdoutLine: {'line': b'-- Using PYTHON_INCLUDE_DIRS: /usr/include/python3.10\n'}
[1.680599] (ur_dashboard_msgs) StdoutLine: {'line': b'-- Using PYTHON_LIBRARIES: /usr/lib/x86_64-linux-gnu/libpython3.10.so\n'}
[1.702645] (-) TimerEvent: {}
[1.708651] (ur_dashboard_msgs) StdoutLine: {'line': b'-- Found PythonExtra: .so  \n'}
[1.802805] (-) TimerEvent: {}
[1.864358] (ur_dashboard_msgs) StdoutLine: {'line': b'-- Configuring done\n'}
[1.903021] (-) TimerEvent: {}
[1.920221] (ur_dashboard_msgs) StdoutLine: {'line': b'-- Generating done\n'}
[1.929938] (ur_dashboard_msgs) StdoutLine: {'line': b'-- Build files have been written to: /home/sonvu/ur_ws/build/ur_dashboard_msgs\n'}
[1.935263] (ur_dashboard_msgs) CommandEnded: {'returncode': 0}
[1.935947] (ur_dashboard_msgs) JobProgress: {'identifier': 'ur_dashboard_msgs', 'progress': 'build'}
[1.936422] (ur_dashboard_msgs) Command: {'cmd': ['/usr/bin/cmake', '--build', '/home/sonvu/ur_ws/build/ur_dashboard_msgs', '--', '-j16', '-l16'], 'cwd': '/home/sonvu/ur_ws/build/ur_dashboard_msgs', 'env': OrderedDict([('LESSOPEN', '| /usr/bin/lesspipe %s'), ('LANGUAGE', 'en_US:en'), ('USER', 'sonvu'), ('LC_TIME', 'vi_VN'), ('XDG_SESSION_TYPE', 'wayland'), ('SHLVL', '1'), ('LD_LIBRARY_PATH', '/usr/lib/x86_64-linux-gnu/gazebo-11/plugins:/opt/ros/humble/opt/rviz_ogre_vendor/lib:/opt/ros/humble/lib/x86_64-linux-gnu:/opt/ros/humble/lib'), ('HOME', '/home/sonvu'), ('OLDPWD', '/home/sonvu'), ('DESKTOP_SESSION', 'ubuntu'), ('ROS_PYTHON_VERSION', '3'), ('GNOME_SHELL_SESSION_MODE', 'ubuntu'), ('GTK_MODULES', 'gail:atk-bridge'), ('LC_MONETARY', 'vi_VN'), ('SYSTEMD_EXEC_PID', '1840'), ('DBUS_SESSION_BUS_ADDRESS', 'unix:path=/run/user/1000/bus'), ('COLORTERM', 'truecolor'), ('IM_CONFIG_PHASE', '1'), ('WAYLAND_DISPLAY', 'wayland-0'), ('COLCON_PREFIX_PATH', '/home/sonvu/rtablc_base/install'), ('ROS_DISTRO', 'humble'), ('LOGNAME', 'sonvu'), ('_', '/usr/bin/colcon'), ('ROS_VERSION', '2'), ('XDG_SESSION_CLASS', 'user'), ('USERNAME', 'sonvu'), ('TERM', 'xterm-256color'), ('GNOME_DESKTOP_SESSION_ID', 'this-is-deprecated'), ('ROS_LOCALHOST_ONLY', '0'), ('PATH', '/opt/ros/humble/bin:/home/sonvu/.local/bin:/usr/local/sbin:/usr/local/bin:/usr/sbin:/usr/bin:/sbin:/bin:/usr/games:/usr/local/games:/snap/bin:/snap/bin'), ('SESSION_MANAGER', 'local/sonvu-Thin-15-B13UC:@/tmp/.ICE-unix/1810,unix/sonvu-Thin-15-B13UC:/tmp/.ICE-unix/1810'), ('PAPERSIZE', 'a4'), ('XDG_MENU_PREFIX', 'gnome-'), ('LC_ADDRESS', 'vi_VN'), ('GNOME_TERMINAL_SCREEN', '/org/gnome/Terminal/screen/13a4e776_53ad_4e87_90a5_551c296629db'), ('GNOME_SETUP_DISPLAY', ':1'), ('XDG_RUNTIME_DIR', '/run/user/1000'), ('DISPLAY', ':0'), ('LANG', 'en_US.UTF-8'), ('XDG_CURRENT_DESKTOP', 'ubuntu:GNOME'), ('LC_TELEPHONE', 'vi_VN'), ('XMODIFIERS', '@im=ibus'), ('XDG_SESSION_DESKTOP', 'ubuntu'), ('XAUTHORITY', '/run/user/1000/.mutter-Xwaylandauth.JB0DV3'), ('LS_COLORS', 'rs=0:di=01;34:ln=01;36:mh=00:pi=40;33:so=01;35:do=01;35:bd=40;33;01:cd=40;33;01:or=40;31;01:mi=00:su=37;41:sg=30;43:ca=30;41:tw=30;42:ow=34;42:st=37;44:ex=01;32:*.tar=01;31:*.tgz=01;31:*.arc=01;31:*.arj=01;31:*.taz=01;31:*.lha=01;31:*.lz4=01;31:*.lzh=01;31:*.lzma=01;31:*.tlz=01;31:*.txz=01;31:*.tzo=01;31:*.t7z=01;31:*.zip=01;31:*.z=01;31:*.dz=01;31:*.gz=01;31:*.lrz=01;31:*.lz=01;31:*.lzo=01;31:*.xz=01;31:*.zst=01;31:*.tzst=01;31:*.bz2=01;31:*.bz=01;31:*.tbz=01;31:*.tbz2=01;31:*.tz=01;31:*.deb=01;31:*.rpm=01;31:*.jar=01;31:*.war=01;31:*.ear=01;31:*.sar=01;31:*.rar=01;31:*.alz=01;31:*.ace=01;31:*.zoo=01;31:*.cpio=01;31:*.7z=01;31:*.rz=01;31:*.cab=01;31:*.wim=01;31:*.swm=01;31:*.dwm=01;31:*.esd=01;31:*.jpg=01;35:*.jpeg=01;35:*.mjpg=01;35:*.mjpeg=01;35:*.gif=01;35:*.bmp=01;35:*.pbm=01;35:*.pgm=01;35:*.ppm=01;35:*.tga=01;35:*.xbm=01;35:*.xpm=01;35:*.tif=01;35:*.tiff=01;35:*.png=01;35:*.svg=01;35:*.svgz=01;35:*.mng=01;35:*.pcx=01;35:*.mov=01;35:*.mpg=01;35:*.mpeg=01;35:*.m2v=01;35:*.mkv=01;35:*.webm=01;35:*.webp=01;35:*.ogm=01;35:*.mp4=01;35:*.m4v=01;35:*.mp4v=01;35:*.vob=01;35:*.qt=01;35:*.nuv=01;35:*.wmv=01;35:*.asf=01;35:*.rm=01;35:*.rmvb=01;35:*.flc=01;35:*.avi=01;35:*.fli=01;35:*.flv=01;35:*.gl=01;35:*.dl=01;35:*.xcf=01;35:*.xwd=01;35:*.yuv=01;35:*.cgm=01;35:*.emf=01;35:*.ogv=01;35:*.ogx=01;35:*.aac=00;36:*.au=00;36:*.flac=00;36:*.m4a=00;36:*.mid=00;36:*.midi=00;36:*.mka=00;36:*.mp3=00;36:*.mpc=00;36:*.ogg=00;36:*.ra=00;36:*.wav=00;36:*.oga=00;36:*.opus=00;36:*.spx=00;36:*.xspf=00;36:'), ('GNOME_TERMINAL_SERVICE', ':1.111'), ('SSH_AGENT_LAUNCHER', 'gnome-keyring'), ('SSH_AUTH_SOCK', '/run/user/1000/keyring/ssh'), ('AMENT_PREFIX_PATH', '/home/sonvu/rtablc_base/install/rtablc_experiment:/opt/ros/humble'), ('SHELL', '/bin/bash'), ('LC_NAME', 'vi_VN'), ('QT_ACCESSIBILITY', '1'), ('GDMSESSION', 'ubuntu'), ('LESSCLOSE', '/usr/bin/lesspipe %s %s'), ('LC_MEASUREMENT', 'vi_VN'), ('LC_IDENTIFICATION', 'vi_VN'), ('QT_IM_MODULE', 'ibus'), ('PWD', '/home/sonvu/ur_ws/build/ur_dashboard_msgs'), ('LC_ALL', 'en_US.UTF-8'), ('XDG_CONFIG_DIRS', '/etc/xdg/xdg-ubuntu:/etc/xdg'), ('XDG_DATA_DIRS', '/usr/share/ubuntu:/usr/local/share/:/usr/share/:/var/lib/snapd/desktop'), ('PYTHONPATH', '/home/sonvu/rtablc_base/build/rtablc_experiment:/home/sonvu/rtablc_base/install/rtablc_experiment/lib/python3.10/site-packages:/opt/ros/humble/lib/python3.10/site-packages:/opt/ros/humble/local/lib/python3.10/dist-packages'), ('LC_NUMERIC', 'vi_VN'), ('LC_PAPER', 'vi_VN'), ('COLCON', '1'), ('VTE_VERSION', '6800'), ('CMAKE_PREFIX_PATH', '/home/sonvu/rtablc_base/install/rtablc_experiment:/opt/ros/humble')]), 'shell': False}
[2.000370] (ur_dashboard_msgs) StdoutLine: {'line': b'[  1%] \x1b[34m\x1b[1mGenerating C code for ROS interfaces\x1b[0m\n'}
[2.003137] (-) TimerEvent: {}
[2.003950] (ur_dashboard_msgs) StdoutLine: {'line': b'[  1%] \x1b[34m\x1b[1mGenerating C++ code for ROS interfaces\x1b[0m\n'}
[2.004807] (ur_dashboard_msgs) StdoutLine: {'line': b'[  2%] \x1b[34m\x1b[1mGenerating Rust code for ROS interfaces\x1b[0m\n'}
[2.011742] (ur_dashboard_msgs) StdoutLine: {'line': b'[  2%] Built target ament_cmake_python_symlink_ur_dashboard_msgs\n'}
[2.103353] (-) TimerEvent: {}
[2.167886] (ur_dashboard_msgs) StdoutLine: {'line': b'running egg_info\n'}
[2.168262] (ur_dashboard_msgs) StdoutLine: {'line': b'creating ur_dashboard_msgs.egg-info\n'}
[2.168419] (ur_dashboard_msgs) StdoutLine: {'line': b'writing ur_dashboard_msgs.egg-info/PKG-INFO\n'}
[2.168535] (ur_dashboard_msgs) StdoutLine: {'line': b'writing dependency_links to ur_dashboard_msgs.egg-info/dependency_links.txt\n'}
[2.168646] (ur_dashboard_msgs) StdoutLine: {'line': b'writing top-level names to ur_dashboard_msgs.egg-info/top_level.txt\n'}
[2.168757] (ur_dashboard_msgs) StdoutLine: {'line': b"writing manifest file 'ur_dashboard_msgs.egg-info/SOURCES.txt'\n"}
[2.169754] (ur_dashboard_msgs) StdoutLine: {'line': b"reading manifest file 'ur_dashboard_msgs.egg-info/SOURCES.txt'\n"}
[2.170095] (ur_dashboard_msgs) StdoutLine: {'line': b"writing manifest file 'ur_dashboard_msgs.egg-info/SOURCES.txt'\n"}
[2.188838] (ur_dashboard_msgs) StdoutLine: {'line': b'[  2%] Built target ament_cmake_python_build_ur_dashboard_msgs_egg\n'}
[2.203484] (-) TimerEvent: {}
[2.303767] (-) TimerEvent: {}
[2.404075] (-) TimerEvent: {}
[2.504446] (-) TimerEvent: {}
[2.604828] (-) TimerEvent: {}
[2.705202] (-) TimerEvent: {}
[2.722328] (ur_dashboard_msgs) StdoutLine: {'line': b'[  2%] Built target ur_dashboard_msgs__rs\n'}
[2.805309] (-) TimerEvent: {}
[2.905512] (-) TimerEvent: {}
[3.005696] (-) TimerEvent: {}
[3.105909] (-) TimerEvent: {}
[3.206127] (-) TimerEvent: {}
[3.306338] (-) TimerEvent: {}
[3.406527] (-) TimerEvent: {}
[3.506712] (-) TimerEvent: {}
[3.606934] (-) TimerEvent: {}
[3.707168] (-) TimerEvent: {}
[3.808480] (-) TimerEvent: {}
[3.885636] (ur_dashboard_msgs) StdoutLine: {'line': b'[  2%] Built target ur_dashboard_msgs__cpp\n'}
[3.892560] (ur_dashboard_msgs) StdoutLine: {'line': b'[  2%] \x1b[32mBuilding C object CMakeFiles/ur_dashboard_msgs__rosidl_generator_c.dir/rosidl_generator_c/ur_dashboard_msgs/msg/detail/program_information__functions.c.o\x1b[0m\n'}
[3.892766] (ur_dashboard_msgs) StdoutLine: {'line': b'[  2%] \x1b[32mBuilding C object CMakeFiles/ur_dashboard_msgs__rosidl_generator_c.dir/rosidl_generator_c/ur_dashboard_msgs/msg/detail/program_state__functions.c.o\x1b[0m\n'}
[3.892819] (ur_dashboard_msgs) StdoutLine: {'line': b'[  2%] \x1b[32mBuilding C object CMakeFiles/ur_dashboard_msgs__rosidl_generator_c.dir/rosidl_generator_c/ur_dashboard_msgs/msg/detail/safety_mode__functions.c.o\x1b[0m\n'}
[3.892854] (ur_dashboard_msgs) StdoutLine: {'line': b'[  3%] \x1b[32mBuilding C object CMakeFiles/ur_dashboard_msgs__rosidl_generator_c.dir/rosidl_generator_c/ur_dashboard_msgs/msg/detail/user_role__functions.c.o\x1b[0m\n'}
[3.892885] (ur_dashboard_msgs) StdoutLine: {'line': b'[  3%] \x1b[32mBuilding C object CMakeFiles/ur_dashboard_msgs__rosidl_generator_c.dir/rosidl_generator_c/ur_dashboard_msgs/msg/detail/operational_mode__functions.c.o\x1b[0m\n'}
[3.892915] (ur_dashboard_msgs) StdoutLine: {'line': b'[  3%] \x1b[32mBuilding C object CMakeFiles/ur_dashboard_msgs__rosidl_generator_c.dir/rosidl_generator_c/ur_dashboard_msgs/msg/detail/version_information__functions.c.o\x1b[0m\n'}
[3.892946] (ur_dashboard_msgs) StdoutLine: {'line': b'[  3%] \x1b[32mBuilding C object CMakeFiles/ur_dashboard_msgs__rosidl_generator_c.dir/rosidl_generator_c/ur_dashboard_msgs/msg/detail/safety_status__functions.c.o\x1b[0m\n'}
[3.893007] (ur_dashboard_msgs) StdoutLine: {'line': b'[  4%] \x1b[32mBuilding C object CMakeFiles/ur_dashboard_msgs__rosidl_generator_c.dir/rosidl_generator_c/ur_dashboard_msgs/srv/detail/add_to_log__functions.c.o\x1b[0m\n'}
[3.893056] (ur_dashboard_msgs) StdoutLine: {'line': b'[  5%] \x1b[32mBuilding C object CMakeFiles/ur_dashboard_msgs__rosidl_generator_c.dir/rosidl_generator_c/ur_dashboard_msgs/msg/detail/robot_mode__functions.c.o\x1b[0m\n'}
[3.894302] (ur_dashboard_msgs) StdoutLine: {'line': b'[  5%] \x1b[32mBuilding C object CMakeFiles/ur_dashboard_msgs__rosidl_generator_c.dir/rosidl_generator_c/ur_dashboard_msgs/srv/detail/download_program__functions.c.o\x1b[0m\n'}
[3.894432] (ur_dashboard_msgs) StdoutLine: {'line': b'[  5%] \x1b[32mBuilding C object CMakeFiles/ur_dashboard_msgs__rosidl_generator_c.dir/rosidl_generator_c/ur_dashboard_msgs/srv/detail/download_support_file__functions.c.o\x1b[0m\n'}
[3.894562] (ur_dashboard_msgs) StdoutLine: {'line': b'[  6%] \x1b[32mBuilding C object CMakeFiles/ur_dashboard_msgs__rosidl_generator_c.dir/rosidl_generator_c/ur_dashboard_msgs/srv/detail/get_loaded_program__functions.c.o\x1b[0m\n'}
[3.894770] (ur_dashboard_msgs) StdoutLine: {'line': b'[  6%] \x1b[34m\x1b[1mGenerating C++ type support dispatch for ROS interfaces\x1b[0m\n'}
[3.894873] (ur_dashboard_msgs) StdoutLine: {'line': b'[  6%] \x1b[32mBuilding C object CMakeFiles/ur_dashboard_msgs__rosidl_generator_c.dir/rosidl_generator_c/ur_dashboard_msgs/srv/detail/get_programs__functions.c.o\x1b[0m\n'}
[3.895356] (ur_dashboard_msgs) StdoutLine: {'line': b'[  6%] \x1b[34m\x1b[1mGenerating C++ introspection for ROS interfaces\x1b[0m\n'}
[3.895446] (ur_dashboard_msgs) StdoutLine: {'line': b'[  6%] \x1b[34m\x1b[1mGenerating C++ type support for eProsima Fast-RTPS\x1b[0m\n'}
[3.908553] (-) TimerEvent: {}
[3.956516] (ur_dashboard_msgs) StdoutLine: {'line': b'[  7%] \x1b[32mBuilding C object CMakeFiles/ur_dashboard_msgs__rosidl_generator_c.dir/rosidl_generator_c/ur_dashboard_msgs/srv/detail/get_robot_mode__functions.c.o\x1b[0m\n'}
[3.956700] (ur_dashboard_msgs) StdoutLine: {'line': b'[  7%] \x1b[32mBuilding C object CMakeFiles/ur_dashboard_msgs__rosidl_generator_c.dir/rosidl_generator_c/ur_dashboard_msgs/srv/detail/get_program_state__functions.c.o\x1b[0m\n'}
[3.956905] (ur_dashboard_msgs) StdoutLine: {'line': b'[  7%] \x1b[32mBuilding C object CMakeFiles/ur_dashboard_msgs__rosidl_generator_c.dir/rosidl_generator_c/ur_dashboard_msgs/srv/detail/load__functions.c.o\x1b[0m\n'}
[3.957488] (ur_dashboard_msgs) StdoutLine: {'line': b'[  7%] \x1b[32mBuilding C object CMakeFiles/ur_dashboard_msgs__rosidl_generator_c.dir/rosidl_generator_c/ur_dashboard_msgs/srv/detail/is_program_running__functions.c.o\x1b[0m\n'}
[3.957585] (ur_dashboard_msgs) StdoutLine: {'line': b'[  8%] \x1b[32mBuilding C object CMakeFiles/ur_dashboard_msgs__rosidl_generator_c.dir/rosidl_generator_c/ur_dashboard_msgs/srv/detail/is_program_saved__functions.c.o\x1b[0m\n'}
[3.957639] (ur_dashboard_msgs) StdoutLine: {'line': b'[  8%] \x1b[32mBuilding C object CMakeFiles/ur_dashboard_msgs__rosidl_generator_c.dir/rosidl_generator_c/ur_dashboard_msgs/srv/detail/get_safety_mode__functions.c.o\x1b[0m\n'}
[3.957688] (ur_dashboard_msgs) StdoutLine: {'line': b'[  8%] \x1b[32mBuilding C object CMakeFiles/ur_dashboard_msgs__rosidl_generator_c.dir/rosidl_generator_c/ur_dashboard_msgs/srv/detail/popup__functions.c.o\x1b[0m\n'}
[3.961910] (ur_dashboard_msgs) StdoutLine: {'line': b'[  9%] \x1b[32mBuilding C object CMakeFiles/ur_dashboard_msgs__rosidl_generator_c.dir/rosidl_generator_c/ur_dashboard_msgs/srv/detail/raw_request__functions.c.o\x1b[0m\n'}
[3.962080] (ur_dashboard_msgs) StdoutLine: {'line': b'[  9%] \x1b[32mBuilding C object CMakeFiles/ur_dashboard_msgs__rosidl_generator_c.dir/rosidl_generator_c/ur_dashboard_msgs/srv/detail/is_in_remote_control__functions.c.o\x1b[0m\n'}
[3.962260] (ur_dashboard_msgs) StdoutLine: {'line': b'[  9%] \x1b[32mBuilding C object CMakeFiles/ur_dashboard_msgs__rosidl_generator_c.dir/rosidl_generator_c/ur_dashboard_msgs/srv/detail/upload_program__functions.c.o\x1b[0m\n'}
[3.970589] (ur_dashboard_msgs) StdoutLine: {'line': b'[ 10%] \x1b[32mBuilding C object CMakeFiles/ur_dashboard_msgs__rosidl_generator_c.dir/rosidl_generator_c/ur_dashboard_msgs/srv/detail/get_poly_scope_version__functions.c.o\x1b[0m\n'}
[3.970799] (ur_dashboard_msgs) StdoutLine: {'line': b'[ 10%] \x1b[32mBuilding C object CMakeFiles/ur_dashboard_msgs__rosidl_generator_c.dir/rosidl_generator_c/ur_dashboard_msgs/srv/detail/get_serial_number__functions.c.o\x1b[0m\n'}
[3.974467] (ur_dashboard_msgs) StdoutLine: {'line': b'[ 10%] \x1b[32mBuilding C object CMakeFiles/ur_dashboard_msgs__rosidl_generator_c.dir/rosidl_generator_c/ur_dashboard_msgs/srv/detail/get_user_role__functions.c.o\x1b[0m\n'}
[4.008666] (-) TimerEvent: {}
[4.011072] (ur_dashboard_msgs) StdoutLine: {'line': b'[ 11%] \x1b[32mBuilding C object CMakeFiles/ur_dashboard_msgs__rosidl_generator_c.dir/rosidl_generator_c/ur_dashboard_msgs/srv/detail/get_operational_mode__functions.c.o\x1b[0m\n'}
[4.011275] (ur_dashboard_msgs) StdoutLine: {'line': b'[ 11%] \x1b[32mBuilding C object CMakeFiles/ur_dashboard_msgs__rosidl_generator_c.dir/rosidl_generator_c/ur_dashboard_msgs/srv/detail/set_operational_mode__functions.c.o\x1b[0m\n'}
[4.011373] (ur_dashboard_msgs) StdoutLine: {'line': b'[ 11%] \x1b[32mBuilding C object CMakeFiles/ur_dashboard_msgs__rosidl_generator_c.dir/rosidl_generator_c/ur_dashboard_msgs/srv/detail/set_user_role__functions.c.o\x1b[0m\n'}
[4.013760] (ur_dashboard_msgs) StdoutLine: {'line': b'[ 11%] \x1b[32mBuilding C object CMakeFiles/ur_dashboard_msgs__rosidl_generator_c.dir/rosidl_generator_c/ur_dashboard_msgs/srv/detail/get_safety_status__functions.c.o\x1b[0m\n'}
[4.013953] (ur_dashboard_msgs) StdoutLine: {'line': b'[ 12%] \x1b[32mBuilding C object CMakeFiles/ur_dashboard_msgs__rosidl_generator_c.dir/rosidl_generator_c/ur_dashboard_msgs/srv/detail/get_robot_model__functions.c.o\x1b[0m\n'}
[4.020051] (ur_dashboard_msgs) StdoutLine: {'line': b'[ 13%] \x1b[32mBuilding C object CMakeFiles/ur_dashboard_msgs__rosidl_generator_c.dir/rosidl_generator_c/ur_dashboard_msgs/srv/detail/generate_support_file__functions.c.o\x1b[0m\n'}
[4.020230] (ur_dashboard_msgs) StdoutLine: {'line': b'[ 13%] \x1b[32mBuilding C object CMakeFiles/ur_dashboard_msgs__rosidl_generator_c.dir/rosidl_generator_c/ur_dashboard_msgs/srv/detail/generate_flight_report__functions.c.o\x1b[0m\n'}
[4.021925] (ur_dashboard_msgs) StdoutLine: {'line': b'[ 13%] \x1b[32mBuilding C object CMakeFiles/ur_dashboard_msgs__rosidl_generator_c.dir/rosidl_generator_c/ur_dashboard_msgs/action/detail/set_mode__functions.c.o\x1b[0m\n'}
[4.108850] (-) TimerEvent: {}
[4.122358] (ur_dashboard_msgs) StdoutLine: {'line': b'[ 13%] \x1b[32m\x1b[1mLinking C shared library libur_dashboard_msgs__rosidl_generator_c.so\x1b[0m\n'}
[4.163095] (ur_dashboard_msgs) StdoutLine: {'line': b'[ 13%] Built target ur_dashboard_msgs__rosidl_generator_c\n'}
[4.170309] (ur_dashboard_msgs) StdoutLine: {'line': b'[ 14%] \x1b[34m\x1b[1mGenerating C type support dispatch for ROS interfaces\x1b[0m\n'}
[4.172043] (ur_dashboard_msgs) StdoutLine: {'line': b'[ 15%] \x1b[34m\x1b[1mGenerating C type support for eProsima Fast-RTPS\x1b[0m\n'}
[4.174678] (ur_dashboard_msgs) StdoutLine: {'line': b'[ 16%] \x1b[34m\x1b[1mGenerating C introspection for ROS interfaces\x1b[0m\n'}
[4.208946] (-) TimerEvent: {}
[4.309175] (-) TimerEvent: {}
[4.409398] (-) TimerEvent: {}
[4.509618] (-) TimerEvent: {}
[4.609830] (-) TimerEvent: {}
[4.710044] (-) TimerEvent: {}
[4.810258] (-) TimerEvent: {}
[4.910470] (-) TimerEvent: {}
[4.963575] (ur_dashboard_msgs) StdoutLine: {'line': b'[ 16%] \x1b[32mBuilding CXX object CMakeFiles/ur_dashboard_msgs__rosidl_typesupport_cpp.dir/rosidl_typesupport_cpp/ur_dashboard_msgs/msg/program_state__type_support.cpp.o\x1b[0m\n'}
[4.963862] (ur_dashboard_msgs) StdoutLine: {'line': b'[ 16%] \x1b[32mBuilding CXX object CMakeFiles/ur_dashboard_msgs__rosidl_typesupport_cpp.dir/rosidl_typesupport_cpp/ur_dashboard_msgs/msg/robot_mode__type_support.cpp.o\x1b[0m\n'}
[4.963963] (ur_dashboard_msgs) StdoutLine: {'line': b'[ 17%] \x1b[32mBuilding CXX object CMakeFiles/ur_dashboard_msgs__rosidl_typesupport_cpp.dir/rosidl_typesupport_cpp/ur_dashboard_msgs/msg/safety_mode__type_support.cpp.o\x1b[0m\n'}
[4.964050] (ur_dashboard_msgs) StdoutLine: {'line': b'[ 17%] \x1b[32mBuilding CXX object CMakeFiles/ur_dashboard_msgs__rosidl_typesupport_cpp.dir/rosidl_typesupport_cpp/ur_dashboard_msgs/msg/user_role__type_support.cpp.o\x1b[0m\n'}
[4.964139] (ur_dashboard_msgs) StdoutLine: {'line': b'[ 18%] \x1b[32mBuilding CXX object CMakeFiles/ur_dashboard_msgs__rosidl_typesupport_cpp.dir/rosidl_typesupport_cpp/ur_dashboard_msgs/msg/program_information__type_support.cpp.o\x1b[0m\n'}
[4.964225] (ur_dashboard_msgs) StdoutLine: {'line': b'[ 18%] \x1b[32mBuilding CXX object CMakeFiles/ur_dashboard_msgs__rosidl_typesupport_cpp.dir/rosidl_typesupport_cpp/ur_dashboard_msgs/srv/download_support_file__type_support.cpp.o\x1b[0m\n'}
[4.964310] (ur_dashboard_msgs) StdoutLine: {'line': b'[ 18%] \x1b[32mBuilding CXX object CMakeFiles/ur_dashboard_msgs__rosidl_typesupport_cpp.dir/rosidl_typesupport_cpp/ur_dashboard_msgs/srv/add_to_log__type_support.cpp.o\x1b[0m\n'}
[4.964384] (ur_dashboard_msgs) StdoutLine: {'line': b'[ 18%] \x1b[32mBuilding CXX object CMakeFiles/ur_dashboard_msgs__rosidl_typesupport_cpp.dir/rosidl_typesupport_cpp/ur_dashboard_msgs/msg/operational_mode__type_support.cpp.o\x1b[0m\n'}
[4.964538] (ur_dashboard_msgs) StdoutLine: {'line': b'[ 19%] \x1b[32mBuilding CXX object CMakeFiles/ur_dashboard_msgs__rosidl_typesupport_cpp.dir/rosidl_typesupport_cpp/ur_dashboard_msgs/srv/download_program__type_support.cpp.o\x1b[0m\n'}
[4.964626] (ur_dashboard_msgs) StdoutLine: {'line': b'[ 20%] \x1b[32mBuilding CXX object CMakeFiles/ur_dashboard_msgs__rosidl_typesupport_cpp.dir/rosidl_typesupport_cpp/ur_dashboard_msgs/msg/version_information__type_support.cpp.o\x1b[0m\n'}
[4.964704] (ur_dashboard_msgs) StdoutLine: {'line': b'[ 20%] \x1b[32mBuilding CXX object CMakeFiles/ur_dashboard_msgs__rosidl_typesupport_cpp.dir/rosidl_typesupport_cpp/ur_dashboard_msgs/msg/safety_status__type_support.cpp.o\x1b[0m\n'}
[5.010569] (-) TimerEvent: {}
[5.111477] (-) TimerEvent: {}
[5.211799] (-) TimerEvent: {}
[5.244536] (ur_dashboard_msgs) StdoutLine: {'line': b'[ 20%] \x1b[32mBuilding CXX object CMakeFiles/ur_dashboard_msgs__rosidl_typesupport_cpp.dir/rosidl_typesupport_cpp/ur_dashboard_msgs/srv/get_loaded_program__type_support.cpp.o\x1b[0m\n'}
[5.244749] (ur_dashboard_msgs) StdoutLine: {'line': b'[ 21%] \x1b[32mBuilding CXX object CMakeFiles/ur_dashboard_msgs__rosidl_typesupport_cpp.dir/rosidl_typesupport_cpp/ur_dashboard_msgs/srv/get_programs__type_support.cpp.o\x1b[0m\n'}
[5.246367] (ur_dashboard_msgs) StdoutLine: {'line': b'[ 21%] \x1b[32mBuilding CXX object CMakeFiles/ur_dashboard_msgs__rosidl_typesupport_cpp.dir/rosidl_typesupport_cpp/ur_dashboard_msgs/srv/get_program_state__type_support.cpp.o\x1b[0m\n'}
[5.257091] (ur_dashboard_msgs) StdoutLine: {'line': b'[ 21%] \x1b[32mBuilding CXX object CMakeFiles/ur_dashboard_msgs__rosidl_typesupport_cpp.dir/rosidl_typesupport_cpp/ur_dashboard_msgs/srv/get_robot_mode__type_support.cpp.o\x1b[0m\n'}
[5.257281] (ur_dashboard_msgs) StdoutLine: {'line': b'[ 22%] \x1b[32mBuilding CXX object CMakeFiles/ur_dashboard_msgs__rosidl_typesupport_cpp.dir/rosidl_typesupport_cpp/ur_dashboard_msgs/srv/get_safety_mode__type_support.cpp.o\x1b[0m\n'}
[5.261317] (ur_dashboard_msgs) StdoutLine: {'line': b'[ 22%] \x1b[32mBuilding CXX object CMakeFiles/ur_dashboard_msgs__rosidl_typesupport_cpp.dir/rosidl_typesupport_cpp/ur_dashboard_msgs/srv/is_program_running__type_support.cpp.o\x1b[0m\n'}
[5.271510] (ur_dashboard_msgs) StdoutLine: {'line': b'[ 22%] \x1b[32mBuilding CXX object CMakeFiles/ur_dashboard_msgs__rosidl_typesupport_cpp.dir/rosidl_typesupport_cpp/ur_dashboard_msgs/srv/is_program_saved__type_support.cpp.o\x1b[0m\n'}
[5.296355] (ur_dashboard_msgs) StdoutLine: {'line': b'[ 23%] \x1b[32mBuilding CXX object CMakeFiles/ur_dashboard_msgs__rosidl_typesupport_cpp.dir/rosidl_typesupport_cpp/ur_dashboard_msgs/srv/load__type_support.cpp.o\x1b[0m\n'}
[5.309578] (ur_dashboard_msgs) StdoutLine: {'line': b'[ 23%] \x1b[32mBuilding CXX object CMakeFiles/ur_dashboard_msgs__rosidl_typesupport_cpp.dir/rosidl_typesupport_cpp/ur_dashboard_msgs/srv/popup__type_support.cpp.o\x1b[0m\n'}
[5.309758] (ur_dashboard_msgs) StdoutLine: {'line': b'[ 23%] \x1b[32mBuilding CXX object CMakeFiles/ur_dashboard_msgs__rosidl_typesupport_cpp.dir/rosidl_typesupport_cpp/ur_dashboard_msgs/srv/raw_request__type_support.cpp.o\x1b[0m\n'}
[5.315476] (-) TimerEvent: {}
[5.315767] (ur_dashboard_msgs) StdoutLine: {'line': b'[ 24%] \x1b[32mBuilding CXX object CMakeFiles/ur_dashboard_msgs__rosidl_typesupport_cpp.dir/rosidl_typesupport_cpp/ur_dashboard_msgs/srv/is_in_remote_control__type_support.cpp.o\x1b[0m\n'}
[5.417470] (-) TimerEvent: {}
[5.475828] (ur_dashboard_msgs) StdoutLine: {'line': b'[ 24%] \x1b[32mBuilding CXX object CMakeFiles/ur_dashboard_msgs__rosidl_typesupport_c.dir/rosidl_typesupport_c/ur_dashboard_msgs/msg/program_information__type_support.cpp.o\x1b[0m\n'}
[5.500091] (ur_dashboard_msgs) StdoutLine: {'line': b'[ 24%] \x1b[32mBuilding CXX object CMakeFiles/ur_dashboard_msgs__rosidl_typesupport_c.dir/rosidl_typesupport_c/ur_dashboard_msgs/msg/program_state__type_support.cpp.o\x1b[0m\n'}
[5.514858] (ur_dashboard_msgs) StdoutLine: {'line': b'[ 24%] \x1b[32mBuilding CXX object CMakeFiles/ur_dashboard_msgs__rosidl_typesupport_cpp.dir/rosidl_typesupport_cpp/ur_dashboard_msgs/srv/upload_program__type_support.cpp.o\x1b[0m\n'}
[5.517518] (ur_dashboard_msgs) StdoutLine: {'line': b'[ 24%] \x1b[32mBuilding CXX object CMakeFiles/ur_dashboard_msgs__rosidl_typesupport_cpp.dir/rosidl_typesupport_cpp/ur_dashboard_msgs/srv/get_poly_scope_version__type_support.cpp.o\x1b[0m\n'}
[5.517707] (-) TimerEvent: {}
[5.517832] (ur_dashboard_msgs) StdoutLine: {'line': b'[ 25%] \x1b[32mBuilding CXX object CMakeFiles/ur_dashboard_msgs__rosidl_typesupport_cpp.dir/rosidl_typesupport_cpp/ur_dashboard_msgs/srv/get_serial_number__type_support.cpp.o\x1b[0m\n'}
[5.531654] (ur_dashboard_msgs) StdoutLine: {'line': b'[ 25%] \x1b[32mBuilding CXX object CMakeFiles/ur_dashboard_msgs__rosidl_typesupport_cpp.dir/rosidl_typesupport_cpp/ur_dashboard_msgs/srv/get_user_role__type_support.cpp.o\x1b[0m\n'}
[5.537922] (ur_dashboard_msgs) StdoutLine: {'line': b'[ 26%] \x1b[32mBuilding CXX object CMakeFiles/ur_dashboard_msgs__rosidl_typesupport_c.dir/rosidl_typesupport_c/ur_dashboard_msgs/msg/robot_mode__type_support.cpp.o\x1b[0m\n'}
[5.538592] (ur_dashboard_msgs) StdoutLine: {'line': b'[ 26%] \x1b[32mBuilding CXX object CMakeFiles/ur_dashboard_msgs__rosidl_typesupport_c.dir/rosidl_typesupport_c/ur_dashboard_msgs/msg/safety_mode__type_support.cpp.o\x1b[0m\n'}
[5.544389] (ur_dashboard_msgs) StdoutLine: {'line': b'[ 26%] \x1b[32mBuilding CXX object CMakeFiles/ur_dashboard_msgs__rosidl_typesupport_c.dir/rosidl_typesupport_c/ur_dashboard_msgs/msg/operational_mode__type_support.cpp.o\x1b[0m\n'}
[5.578216] (ur_dashboard_msgs) StdoutLine: {'line': b'[ 26%] \x1b[32mBuilding CXX object CMakeFiles/ur_dashboard_msgs__rosidl_typesupport_cpp.dir/rosidl_typesupport_cpp/ur_dashboard_msgs/srv/set_user_role__type_support.cpp.o\x1b[0m\n'}
[5.578490] (ur_dashboard_msgs) StdoutLine: {'line': b'[ 27%] \x1b[32mBuilding CXX object CMakeFiles/ur_dashboard_msgs__rosidl_typesupport_c.dir/rosidl_typesupport_c/ur_dashboard_msgs/msg/user_role__type_support.cpp.o\x1b[0m\n'}
[5.587325] (ur_dashboard_msgs) StdoutLine: {'line': b'[ 28%] \x1b[32mBuilding CXX object CMakeFiles/ur_dashboard_msgs__rosidl_typesupport_cpp.dir/rosidl_typesupport_cpp/ur_dashboard_msgs/srv/set_operational_mode__type_support.cpp.o\x1b[0m\n'}
[5.603404] (ur_dashboard_msgs) StdoutLine: {'line': b'[ 28%] \x1b[32mBuilding CXX object CMakeFiles/ur_dashboard_msgs__rosidl_typesupport_c.dir/rosidl_typesupport_c/ur_dashboard_msgs/msg/version_information__type_support.cpp.o\x1b[0m\n'}
[5.607523] (ur_dashboard_msgs) StdoutLine: {'line': b'[ 28%] \x1b[32mBuilding CXX object CMakeFiles/ur_dashboard_msgs__rosidl_typesupport_cpp.dir/rosidl_typesupport_cpp/ur_dashboard_msgs/srv/get_operational_mode__type_support.cpp.o\x1b[0m\n'}
[5.616646] (ur_dashboard_msgs) StdoutLine: {'line': b'[ 28%] \x1b[32mBuilding CXX object CMakeFiles/ur_dashboard_msgs__rosidl_typesupport_cpp.dir/rosidl_typesupport_cpp/ur_dashboard_msgs/srv/get_robot_model__type_support.cpp.o\x1b[0m\n'}
[5.617793] (-) TimerEvent: {}
[5.624996] (ur_dashboard_msgs) StdoutLine: {'line': b'[ 28%] \x1b[32mBuilding CXX object CMakeFiles/ur_dashboard_msgs__rosidl_typesupport_c.dir/rosidl_typesupport_c/ur_dashboard_msgs/msg/safety_status__type_support.cpp.o\x1b[0m\n'}
[5.636869] (ur_dashboard_msgs) StdoutLine: {'line': b'[ 28%] \x1b[32mBuilding CXX object CMakeFiles/ur_dashboard_msgs__rosidl_typesupport_c.dir/rosidl_typesupport_c/ur_dashboard_msgs/srv/download_program__type_support.cpp.o\x1b[0m\n'}
[5.637040] (ur_dashboard_msgs) StdoutLine: {'line': b'[ 29%] \x1b[32mBuilding CXX object CMakeFiles/ur_dashboard_msgs__rosidl_typesupport_c.dir/rosidl_typesupport_c/ur_dashboard_msgs/srv/add_to_log__type_support.cpp.o\x1b[0m\n'}
[5.640553] (ur_dashboard_msgs) StdoutLine: {'line': b'[ 29%] \x1b[32mBuilding CXX object CMakeFiles/ur_dashboard_msgs__rosidl_typesupport_c.dir/rosidl_typesupport_c/ur_dashboard_msgs/srv/download_support_file__type_support.cpp.o\x1b[0m\n'}
[5.664328] (ur_dashboard_msgs) StdoutLine: {'line': b'[ 30%] \x1b[32mBuilding CXX object CMakeFiles/ur_dashboard_msgs__rosidl_typesupport_c.dir/rosidl_typesupport_c/ur_dashboard_msgs/srv/get_loaded_program__type_support.cpp.o\x1b[0m\n'}
[5.669468] (ur_dashboard_msgs) StdoutLine: {'line': b'[ 30%] \x1b[32mBuilding CXX object CMakeFiles/ur_dashboard_msgs__rosidl_typesupport_c.dir/rosidl_typesupport_c/ur_dashboard_msgs/srv/get_programs__type_support.cpp.o\x1b[0m\n'}
[5.675812] (ur_dashboard_msgs) StdoutLine: {'line': b'[ 31%] \x1b[32mBuilding CXX object CMakeFiles/ur_dashboard_msgs__rosidl_typesupport_cpp.dir/rosidl_typesupport_cpp/ur_dashboard_msgs/srv/get_safety_status__type_support.cpp.o\x1b[0m\n'}
[5.676878] (ur_dashboard_msgs) StdoutLine: {'line': b'[ 31%] \x1b[32mBuilding CXX object CMakeFiles/ur_dashboard_msgs__rosidl_typesupport_c.dir/rosidl_typesupport_c/ur_dashboard_msgs/srv/get_program_state__type_support.cpp.o\x1b[0m\n'}
[5.692666] (ur_dashboard_msgs) StdoutLine: {'line': b'[ 32%] \x1b[32mBuilding CXX object CMakeFiles/ur_dashboard_msgs__rosidl_typesupport_c.dir/rosidl_typesupport_c/ur_dashboard_msgs/srv/get_robot_mode__type_support.cpp.o\x1b[0m\n'}
[5.703133] (ur_dashboard_msgs) StdoutLine: {'line': b'[ 32%] \x1b[32mBuilding CXX object CMakeFiles/ur_dashboard_msgs__rosidl_typesupport_c.dir/rosidl_typesupport_c/ur_dashboard_msgs/srv/get_safety_mode__type_support.cpp.o\x1b[0m\n'}
[5.717241] (ur_dashboard_msgs) StdoutLine: {'line': b'[ 32%] \x1b[32mBuilding CXX object CMakeFiles/ur_dashboard_msgs__rosidl_typesupport_c.dir/rosidl_typesupport_c/ur_dashboard_msgs/srv/is_program_running__type_support.cpp.o\x1b[0m\n'}
[5.717875] (-) TimerEvent: {}
[5.724211] (ur_dashboard_msgs) StdoutLine: {'line': b'[ 33%] \x1b[32mBuilding CXX object CMakeFiles/ur_dashboard_msgs__rosidl_typesupport_c.dir/rosidl_typesupport_c/ur_dashboard_msgs/srv/is_program_saved__type_support.cpp.o\x1b[0m\n'}
[5.737138] (ur_dashboard_msgs) StdoutLine: {'line': b'[ 33%] \x1b[32mBuilding CXX object CMakeFiles/ur_dashboard_msgs__rosidl_typesupport_cpp.dir/rosidl_typesupport_cpp/ur_dashboard_msgs/srv/generate_flight_report__type_support.cpp.o\x1b[0m\n'}
[5.760471] (ur_dashboard_msgs) StdoutLine: {'line': b'[ 33%] \x1b[32mBuilding CXX object CMakeFiles/ur_dashboard_msgs__rosidl_typesupport_c.dir/rosidl_typesupport_c/ur_dashboard_msgs/srv/load__type_support.cpp.o\x1b[0m\n'}
[5.772730] (ur_dashboard_msgs) StdoutLine: {'line': b'[ 33%] \x1b[32mBuilding CXX object CMakeFiles/ur_dashboard_msgs__rosidl_typesupport_cpp.dir/rosidl_typesupport_cpp/ur_dashboard_msgs/srv/generate_support_file__type_support.cpp.o\x1b[0m\n'}
[5.780673] (ur_dashboard_msgs) StdoutLine: {'line': b'[ 34%] \x1b[32mBuilding CXX object CMakeFiles/ur_dashboard_msgs__rosidl_typesupport_cpp.dir/rosidl_typesupport_cpp/ur_dashboard_msgs/action/set_mode__type_support.cpp.o\x1b[0m\n'}
[5.798572] (ur_dashboard_msgs) StdoutLine: {'line': b'[ 34%] \x1b[32mBuilding CXX object CMakeFiles/ur_dashboard_msgs__rosidl_typesupport_c.dir/rosidl_typesupport_c/ur_dashboard_msgs/srv/popup__type_support.cpp.o\x1b[0m\n'}
[5.798793] (ur_dashboard_msgs) StdoutLine: {'line': b'[ 35%] \x1b[32mBuilding CXX object CMakeFiles/ur_dashboard_msgs__rosidl_typesupport_c.dir/rosidl_typesupport_c/ur_dashboard_msgs/srv/raw_request__type_support.cpp.o\x1b[0m\n'}
[5.812922] (ur_dashboard_msgs) StdoutLine: {'line': b'[ 35%] \x1b[32mBuilding CXX object CMakeFiles/ur_dashboard_msgs__rosidl_typesupport_c.dir/rosidl_typesupport_c/ur_dashboard_msgs/srv/is_in_remote_control__type_support.cpp.o\x1b[0m\n'}
[5.817989] (-) TimerEvent: {}
[5.827868] (ur_dashboard_msgs) StdoutLine: {'line': b'[ 35%] \x1b[32mBuilding CXX object CMakeFiles/ur_dashboard_msgs__rosidl_typesupport_c.dir/rosidl_typesupport_c/ur_dashboard_msgs/srv/upload_program__type_support.cpp.o\x1b[0m\n'}
[5.832317] (ur_dashboard_msgs) StdoutLine: {'line': b'[ 35%] \x1b[32mBuilding CXX object CMakeFiles/ur_dashboard_msgs__rosidl_typesupport_c.dir/rosidl_typesupport_c/ur_dashboard_msgs/srv/get_serial_number__type_support.cpp.o\x1b[0m\n'}
[5.834875] (ur_dashboard_msgs) StdoutLine: {'line': b'[ 36%] \x1b[32mBuilding CXX object CMakeFiles/ur_dashboard_msgs__rosidl_typesupport_c.dir/rosidl_typesupport_c/ur_dashboard_msgs/srv/get_poly_scope_version__type_support.cpp.o\x1b[0m\n'}
[5.844065] (ur_dashboard_msgs) StdoutLine: {'line': b'[ 36%] \x1b[32mBuilding CXX object CMakeFiles/ur_dashboard_msgs__rosidl_typesupport_c.dir/rosidl_typesupport_c/ur_dashboard_msgs/srv/get_user_role__type_support.cpp.o\x1b[0m\n'}
[5.858369] (ur_dashboard_msgs) StdoutLine: {'line': b'[ 37%] \x1b[32mBuilding CXX object CMakeFiles/ur_dashboard_msgs__rosidl_typesupport_c.dir/rosidl_typesupport_c/ur_dashboard_msgs/srv/set_user_role__type_support.cpp.o\x1b[0m\n'}
[5.861759] (ur_dashboard_msgs) StdoutLine: {'line': b'[ 37%] \x1b[32mBuilding CXX object CMakeFiles/ur_dashboard_msgs__rosidl_typesupport_c.dir/rosidl_typesupport_c/ur_dashboard_msgs/srv/set_operational_mode__type_support.cpp.o\x1b[0m\n'}
[5.862653] (ur_dashboard_msgs) StdoutLine: {'line': b'[ 37%] \x1b[32mBuilding CXX object CMakeFiles/ur_dashboard_msgs__rosidl_typesupport_c.dir/rosidl_typesupport_c/ur_dashboard_msgs/srv/get_operational_mode__type_support.cpp.o\x1b[0m\n'}
[5.877425] (ur_dashboard_msgs) StdoutLine: {'line': b'[ 38%] \x1b[32mBuilding CXX object CMakeFiles/ur_dashboard_msgs__rosidl_typesupport_c.dir/rosidl_typesupport_c/ur_dashboard_msgs/srv/get_robot_model__type_support.cpp.o\x1b[0m\n'}
[5.877730] (ur_dashboard_msgs) StdoutLine: {'line': b'[ 38%] \x1b[32mBuilding CXX object CMakeFiles/ur_dashboard_msgs__rosidl_typesupport_c.dir/rosidl_typesupport_c/ur_dashboard_msgs/srv/get_safety_status__type_support.cpp.o\x1b[0m\n'}
[5.886120] (ur_dashboard_msgs) StdoutLine: {'line': b'[ 38%] \x1b[32mBuilding CXX object CMakeFiles/ur_dashboard_msgs__rosidl_typesupport_c.dir/rosidl_typesupport_c/ur_dashboard_msgs/srv/generate_flight_report__type_support.cpp.o\x1b[0m\n'}
[5.895998] (ur_dashboard_msgs) StdoutLine: {'line': b'[ 39%] \x1b[32mBuilding CXX object CMakeFiles/ur_dashboard_msgs__rosidl_typesupport_c.dir/rosidl_typesupport_c/ur_dashboard_msgs/srv/generate_support_file__type_support.cpp.o\x1b[0m\n'}
[5.896217] (ur_dashboard_msgs) StdoutLine: {'line': b'[ 39%] \x1b[32mBuilding CXX object CMakeFiles/ur_dashboard_msgs__rosidl_typesupport_c.dir/rosidl_typesupport_c/ur_dashboard_msgs/action/set_mode__type_support.cpp.o\x1b[0m\n'}
[5.906134] (ur_dashboard_msgs) StdoutLine: {'line': b'[ 40%] \x1b[32mBuilding CXX object CMakeFiles/ur_dashboard_msgs__rosidl_typesupport_introspection_cpp.dir/rosidl_typesupport_introspection_cpp/ur_dashboard_msgs/msg/detail/program_information__type_support.cpp.o\x1b[0m\n'}
[5.916526] (ur_dashboard_msgs) StdoutLine: {'line': b'[ 40%] \x1b[32mBuilding CXX object CMakeFiles/ur_dashboard_msgs__rosidl_typesupport_introspection_cpp.dir/rosidl_typesupport_introspection_cpp/ur_dashboard_msgs/msg/detail/program_state__type_support.cpp.o\x1b[0m\n'}
[5.918079] (-) TimerEvent: {}
[5.918577] (ur_dashboard_msgs) StdoutLine: {'line': b'[ 40%] \x1b[32mBuilding CXX object CMakeFiles/ur_dashboard_msgs__rosidl_typesupport_introspection_cpp.dir/rosidl_typesupport_introspection_cpp/ur_dashboard_msgs/msg/detail/operational_mode__type_support.cpp.o\x1b[0m\n'}
[5.918746] (ur_dashboard_msgs) StdoutLine: {'line': b'[ 40%] \x1b[32mBuilding CXX object CMakeFiles/ur_dashboard_msgs__rosidl_typesupport_introspection_cpp.dir/rosidl_typesupport_introspection_cpp/ur_dashboard_msgs/msg/detail/user_role__type_support.cpp.o\x1b[0m\n'}
[5.919860] (ur_dashboard_msgs) StdoutLine: {'line': b'[ 41%] \x1b[32mBuilding CXX object CMakeFiles/ur_dashboard_msgs__rosidl_typesupport_introspection_cpp.dir/rosidl_typesupport_introspection_cpp/ur_dashboard_msgs/msg/detail/safety_mode__type_support.cpp.o\x1b[0m\n'}
[5.920298] (ur_dashboard_msgs) StdoutLine: {'line': b'[ 41%] \x1b[32mBuilding CXX object CMakeFiles/ur_dashboard_msgs__rosidl_typesupport_introspection_cpp.dir/rosidl_typesupport_introspection_cpp/ur_dashboard_msgs/msg/detail/robot_mode__type_support.cpp.o\x1b[0m\n'}
[5.933177] (ur_dashboard_msgs) StdoutLine: {'line': b'[ 42%] \x1b[32mBuilding CXX object CMakeFiles/ur_dashboard_msgs__rosidl_typesupport_introspection_cpp.dir/rosidl_typesupport_introspection_cpp/ur_dashboard_msgs/msg/detail/version_information__type_support.cpp.o\x1b[0m\n'}
[5.935859] (ur_dashboard_msgs) StdoutLine: {'line': b'[ 42%] \x1b[32mBuilding CXX object CMakeFiles/ur_dashboard_msgs__rosidl_typesupport_introspection_cpp.dir/rosidl_typesupport_introspection_cpp/ur_dashboard_msgs/msg/detail/safety_status__type_support.cpp.o\x1b[0m\n'}
[5.941993] (ur_dashboard_msgs) StdoutLine: {'line': b'[ 42%] \x1b[32m\x1b[1mLinking CXX shared library libur_dashboard_msgs__rosidl_typesupport_c.so\x1b[0m\n'}
[5.973460] (ur_dashboard_msgs) StdoutLine: {'line': b'[ 42%] \x1b[32mBuilding CXX object CMakeFiles/ur_dashboard_msgs__rosidl_typesupport_introspection_cpp.dir/rosidl_typesupport_introspection_cpp/ur_dashboard_msgs/srv/detail/add_to_log__type_support.cpp.o\x1b[0m\n'}
[5.998586] (ur_dashboard_msgs) StdoutLine: {'line': b'[ 42%] Built target ur_dashboard_msgs__rosidl_typesupport_c\n'}
[6.006216] (ur_dashboard_msgs) StdoutLine: {'line': b'[ 43%] \x1b[32mBuilding CXX object CMakeFiles/ur_dashboard_msgs__rosidl_typesupport_introspection_cpp.dir/rosidl_typesupport_introspection_cpp/ur_dashboard_msgs/srv/detail/download_program__type_support.cpp.o\x1b[0m\n'}
[6.011036] (ur_dashboard_msgs) StdoutLine: {'line': b'[ 43%] \x1b[32mBuilding CXX object CMakeFiles/ur_dashboard_msgs__rosidl_typesupport_introspection_cpp.dir/rosidl_typesupport_introspection_cpp/ur_dashboard_msgs/srv/detail/download_support_file__type_support.cpp.o\x1b[0m\n'}
[6.018490] (-) TimerEvent: {}
[6.026080] (ur_dashboard_msgs) StdoutLine: {'line': b'[ 43%] \x1b[32mBuilding CXX object CMakeFiles/ur_dashboard_msgs__rosidl_typesupport_introspection_cpp.dir/rosidl_typesupport_introspection_cpp/ur_dashboard_msgs/srv/detail/get_loaded_program__type_support.cpp.o\x1b[0m\n'}
[6.118601] (-) TimerEvent: {}
[6.218922] (-) TimerEvent: {}
[6.261688] (ur_dashboard_msgs) StdoutLine: {'line': b'[ 43%] \x1b[32m\x1b[1mLinking CXX shared library libur_dashboard_msgs__rosidl_typesupport_cpp.so\x1b[0m\n'}
[6.306576] (ur_dashboard_msgs) StdoutLine: {'line': b'[ 44%] \x1b[32mBuilding CXX object CMakeFiles/ur_dashboard_msgs__rosidl_typesupport_introspection_cpp.dir/rosidl_typesupport_introspection_cpp/ur_dashboard_msgs/srv/detail/get_programs__type_support.cpp.o\x1b[0m\n'}
[6.307428] (ur_dashboard_msgs) StdoutLine: {'line': b'[ 44%] \x1b[32mBuilding CXX object CMakeFiles/ur_dashboard_msgs__rosidl_typesupport_introspection_cpp.dir/rosidl_typesupport_introspection_cpp/ur_dashboard_msgs/srv/detail/get_program_state__type_support.cpp.o\x1b[0m\n'}
[6.312004] (ur_dashboard_msgs) StdoutLine: {'line': b'[ 44%] \x1b[32mBuilding CXX object CMakeFiles/ur_dashboard_msgs__rosidl_typesupport_introspection_cpp.dir/rosidl_typesupport_introspection_cpp/ur_dashboard_msgs/srv/detail/get_robot_mode__type_support.cpp.o\x1b[0m\n'}
[6.315341] (ur_dashboard_msgs) StdoutLine: {'line': b'[ 45%] \x1b[32mBuilding CXX object CMakeFiles/ur_dashboard_msgs__rosidl_typesupport_introspection_cpp.dir/rosidl_typesupport_introspection_cpp/ur_dashboard_msgs/srv/detail/get_safety_mode__type_support.cpp.o\x1b[0m\n'}
[6.319035] (-) TimerEvent: {}
[6.322406] (ur_dashboard_msgs) StdoutLine: {'line': b'[ 45%] \x1b[32mBuilding CXX object CMakeFiles/ur_dashboard_msgs__rosidl_typesupport_introspection_cpp.dir/rosidl_typesupport_introspection_cpp/ur_dashboard_msgs/srv/detail/is_program_running__type_support.cpp.o\x1b[0m\n'}
[6.323106] (ur_dashboard_msgs) StdoutLine: {'line': b'[ 45%] Built target ur_dashboard_msgs__rosidl_typesupport_cpp\n'}
[6.344682] (ur_dashboard_msgs) StdoutLine: {'line': b'[ 45%] \x1b[32mBuilding CXX object CMakeFiles/ur_dashboard_msgs__rosidl_typesupport_introspection_cpp.dir/rosidl_typesupport_introspection_cpp/ur_dashboard_msgs/srv/detail/is_program_saved__type_support.cpp.o\x1b[0m\n'}
[6.347500] (ur_dashboard_msgs) StdoutLine: {'line': b'[ 46%] \x1b[32mBuilding CXX object CMakeFiles/ur_dashboard_msgs__rosidl_typesupport_fastrtps_cpp.dir/rosidl_typesupport_fastrtps_cpp/ur_dashboard_msgs/msg/detail/dds_fastrtps/program_information__type_support.cpp.o\x1b[0m\n'}
[6.372748] (ur_dashboard_msgs) StdoutLine: {'line': b'[ 47%] \x1b[32mBuilding CXX object CMakeFiles/ur_dashboard_msgs__rosidl_typesupport_introspection_cpp.dir/rosidl_typesupport_introspection_cpp/ur_dashboard_msgs/srv/detail/load__type_support.cpp.o\x1b[0m\n'}
[6.375837] (ur_dashboard_msgs) StdoutLine: {'line': b'[ 47%] \x1b[32mBuilding CXX object CMakeFiles/ur_dashboard_msgs__rosidl_typesupport_introspection_cpp.dir/rosidl_typesupport_introspection_cpp/ur_dashboard_msgs/srv/detail/popup__type_support.cpp.o\x1b[0m\n'}
[6.391343] (ur_dashboard_msgs) StdoutLine: {'line': b'[ 47%] \x1b[32mBuilding CXX object CMakeFiles/ur_dashboard_msgs__rosidl_typesupport_fastrtps_cpp.dir/rosidl_typesupport_fastrtps_cpp/ur_dashboard_msgs/msg/detail/dds_fastrtps/program_state__type_support.cpp.o\x1b[0m\n'}
[6.398563] (ur_dashboard_msgs) StdoutLine: {'line': b'[ 47%] \x1b[32mBuilding CXX object CMakeFiles/ur_dashboard_msgs__rosidl_typesupport_fastrtps_cpp.dir/rosidl_typesupport_fastrtps_cpp/ur_dashboard_msgs/msg/detail/dds_fastrtps/robot_mode__type_support.cpp.o\x1b[0m\n'}
[6.400249] (ur_dashboard_msgs) StdoutLine: {'line': b'[ 48%] \x1b[32mBuilding CXX object CMakeFiles/ur_dashboard_msgs__rosidl_typesupport_fastrtps_cpp.dir/rosidl_typesupport_fastrtps_cpp/ur_dashboard_msgs/msg/detail/dds_fastrtps/safety_mode__type_support.cpp.o\x1b[0m\n'}
[6.412360] (ur_dashboard_msgs) StdoutLine: {'line': b'[ 48%] \x1b[32mBuilding CXX object CMakeFiles/ur_dashboard_msgs__rosidl_typesupport_fastrtps_cpp.dir/rosidl_typesupport_fastrtps_cpp/ur_dashboard_msgs/msg/detail/dds_fastrtps/operational_mode__type_support.cpp.o\x1b[0m\n'}
[6.419152] (-) TimerEvent: {}
[6.421546] (ur_dashboard_msgs) StdoutLine: {'line': b'[ 48%] \x1b[32mBuilding CXX object CMakeFiles/ur_dashboard_msgs__rosidl_typesupport_fastrtps_cpp.dir/rosidl_typesupport_fastrtps_cpp/ur_dashboard_msgs/msg/detail/dds_fastrtps/user_role__type_support.cpp.o\x1b[0m\n'}
[6.500841] (ur_dashboard_msgs) StdoutLine: {'line': b'[ 48%] \x1b[32mBuilding C object CMakeFiles/ur_dashboard_msgs__rosidl_typesupport_introspection_c.dir/rosidl_typesupport_introspection_c/ur_dashboard_msgs/msg/detail/program_information__type_support.c.o\x1b[0m\n'}
[6.519282] (-) TimerEvent: {}
[6.540540] (ur_dashboard_msgs) StdoutLine: {'line': b'[ 48%] \x1b[32mBuilding C object CMakeFiles/ur_dashboard_msgs__rosidl_typesupport_introspection_c.dir/rosidl_typesupport_introspection_c/ur_dashboard_msgs/msg/detail/program_state__type_support.c.o\x1b[0m\n'}
[6.575995] (ur_dashboard_msgs) StdoutLine: {'line': b'[ 49%] \x1b[32mBuilding C object CMakeFiles/ur_dashboard_msgs__rosidl_typesupport_introspection_c.dir/rosidl_typesupport_introspection_c/ur_dashboard_msgs/msg/detail/robot_mode__type_support.c.o\x1b[0m\n'}
[6.612513] (ur_dashboard_msgs) StdoutLine: {'line': b'[ 49%] \x1b[32mBuilding C object CMakeFiles/ur_dashboard_msgs__rosidl_typesupport_introspection_c.dir/rosidl_typesupport_introspection_c/ur_dashboard_msgs/msg/detail/safety_mode__type_support.c.o\x1b[0m\n'}
[6.619432] (-) TimerEvent: {}
[6.645139] (ur_dashboard_msgs) StdoutLine: {'line': b'[ 49%] \x1b[32mBuilding C object CMakeFiles/ur_dashboard_msgs__rosidl_typesupport_introspection_c.dir/rosidl_typesupport_introspection_c/ur_dashboard_msgs/msg/detail/operational_mode__type_support.c.o\x1b[0m\n'}
[6.680757] (ur_dashboard_msgs) StdoutLine: {'line': b'[ 50%] \x1b[32mBuilding C object CMakeFiles/ur_dashboard_msgs__rosidl_typesupport_introspection_c.dir/rosidl_typesupport_introspection_c/ur_dashboard_msgs/msg/detail/user_role__type_support.c.o\x1b[0m\n'}
[6.696551] (ur_dashboard_msgs) StdoutLine: {'line': b'[ 50%] \x1b[32mBuilding C object CMakeFiles/ur_dashboard_msgs__rosidl_typesupport_introspection_c.dir/rosidl_typesupport_introspection_c/ur_dashboard_msgs/msg/detail/version_information__type_support.c.o\x1b[0m\n'}
[6.700631] (ur_dashboard_msgs) StdoutLine: {'line': b'[ 51%] \x1b[32mBuilding CXX object CMakeFiles/ur_dashboard_msgs__rosidl_typesupport_fastrtps_cpp.dir/rosidl_typesupport_fastrtps_cpp/ur_dashboard_msgs/msg/detail/dds_fastrtps/version_information__type_support.cpp.o\x1b[0m\n'}
[6.705490] (ur_dashboard_msgs) StdoutLine: {'line': b'[ 51%] \x1b[32mBuilding C object CMakeFiles/ur_dashboard_msgs__rosidl_typesupport_introspection_c.dir/rosidl_typesupport_introspection_c/ur_dashboard_msgs/msg/detail/safety_status__type_support.c.o\x1b[0m\n'}
[6.707455] (ur_dashboard_msgs) StdoutLine: {'line': b'[ 52%] \x1b[32mBuilding C object CMakeFiles/ur_dashboard_msgs__rosidl_typesupport_introspection_c.dir/rosidl_typesupport_introspection_c/ur_dashboard_msgs/srv/detail/add_to_log__type_support.c.o\x1b[0m\n'}
[6.719492] (-) TimerEvent: {}
[6.719978] (ur_dashboard_msgs) StdoutLine: {'line': b'[ 52%] \x1b[32mBuilding CXX object CMakeFiles/ur_dashboard_msgs__rosidl_typesupport_fastrtps_cpp.dir/rosidl_typesupport_fastrtps_cpp/ur_dashboard_msgs/msg/detail/dds_fastrtps/safety_status__type_support.cpp.o\x1b[0m\n'}
[6.734024] (ur_dashboard_msgs) StdoutLine: {'line': b'[ 52%] \x1b[32mBuilding C object CMakeFiles/ur_dashboard_msgs__rosidl_typesupport_introspection_c.dir/rosidl_typesupport_introspection_c/ur_dashboard_msgs/srv/detail/download_program__type_support.c.o\x1b[0m\n'}
[6.738546] (ur_dashboard_msgs) StdoutLine: {'line': b'[ 52%] \x1b[32mBuilding C object CMakeFiles/ur_dashboard_msgs__rosidl_typesupport_introspection_c.dir/rosidl_typesupport_introspection_c/ur_dashboard_msgs/srv/detail/download_support_file__type_support.c.o\x1b[0m\n'}
[6.740509] (ur_dashboard_msgs) StdoutLine: {'line': b'[ 52%] \x1b[32mBuilding CXX object CMakeFiles/ur_dashboard_msgs__rosidl_typesupport_fastrtps_cpp.dir/rosidl_typesupport_fastrtps_cpp/ur_dashboard_msgs/srv/detail/dds_fastrtps/add_to_log__type_support.cpp.o\x1b[0m\n'}
[6.748409] (ur_dashboard_msgs) StdoutLine: {'line': b'[ 53%] \x1b[32mBuilding CXX object CMakeFiles/ur_dashboard_msgs__rosidl_typesupport_fastrtps_cpp.dir/rosidl_typesupport_fastrtps_cpp/ur_dashboard_msgs/srv/detail/dds_fastrtps/download_program__type_support.cpp.o\x1b[0m\n'}
[6.756744] (ur_dashboard_msgs) StdoutLine: {'line': b'[ 53%] \x1b[32mBuilding CXX object CMakeFiles/ur_dashboard_msgs__rosidl_typesupport_fastrtps_cpp.dir/rosidl_typesupport_fastrtps_cpp/ur_dashboard_msgs/srv/detail/dds_fastrtps/download_support_file__type_support.cpp.o\x1b[0m\n'}
[6.763343] (ur_dashboard_msgs) StdoutLine: {'line': b'[ 53%] \x1b[32mBuilding CXX object CMakeFiles/ur_dashboard_msgs__rosidl_typesupport_fastrtps_cpp.dir/rosidl_typesupport_fastrtps_cpp/ur_dashboard_msgs/srv/detail/dds_fastrtps/get_loaded_program__type_support.cpp.o\x1b[0m\n'}
[6.768544] (ur_dashboard_msgs) StdoutLine: {'line': b'[ 53%] \x1b[32mBuilding CXX object CMakeFiles/ur_dashboard_msgs__rosidl_typesupport_fastrtps_c.dir/rosidl_typesupport_fastrtps_c/ur_dashboard_msgs/msg/detail/program_information__type_support_c.cpp.o\x1b[0m\n'}
[6.771613] (ur_dashboard_msgs) StdoutLine: {'line': b'[ 54%] \x1b[32mBuilding C object CMakeFiles/ur_dashboard_msgs__rosidl_typesupport_introspection_c.dir/rosidl_typesupport_introspection_c/ur_dashboard_msgs/srv/detail/get_loaded_program__type_support.c.o\x1b[0m\n'}
[6.775519] (ur_dashboard_msgs) StdoutLine: {'line': b'[ 54%] \x1b[32mBuilding CXX object CMakeFiles/ur_dashboard_msgs__rosidl_typesupport_fastrtps_c.dir/rosidl_typesupport_fastrtps_c/ur_dashboard_msgs/msg/detail/program_state__type_support_c.cpp.o\x1b[0m\n'}
[6.779472] (ur_dashboard_msgs) StdoutLine: {'line': b'[ 55%] \x1b[32mBuilding CXX object CMakeFiles/ur_dashboard_msgs__rosidl_typesupport_fastrtps_c.dir/rosidl_typesupport_fastrtps_c/ur_dashboard_msgs/msg/detail/robot_mode__type_support_c.cpp.o\x1b[0m\n'}
[6.788480] (ur_dashboard_msgs) StdoutLine: {'line': b'[ 55%] \x1b[32mBuilding C object CMakeFiles/ur_dashboard_msgs__rosidl_typesupport_introspection_c.dir/rosidl_typesupport_introspection_c/ur_dashboard_msgs/srv/detail/get_programs__type_support.c.o\x1b[0m\n'}
[6.788731] (ur_dashboard_msgs) StdoutLine: {'line': b'[ 55%] \x1b[32mBuilding C object CMakeFiles/ur_dashboard_msgs__rosidl_typesupport_introspection_c.dir/rosidl_typesupport_introspection_c/ur_dashboard_msgs/srv/detail/get_program_state__type_support.c.o\x1b[0m\n'}
[6.793707] (ur_dashboard_msgs) StdoutLine: {'line': b'[ 55%] \x1b[32mBuilding CXX object CMakeFiles/ur_dashboard_msgs__rosidl_typesupport_introspection_cpp.dir/rosidl_typesupport_introspection_cpp/ur_dashboard_msgs/srv/detail/raw_request__type_support.cpp.o\x1b[0m\n'}
[6.811172] (ur_dashboard_msgs) StdoutLine: {'line': b'[ 56%] \x1b[32mBuilding CXX object CMakeFiles/ur_dashboard_msgs__rosidl_typesupport_introspection_cpp.dir/rosidl_typesupport_introspection_cpp/ur_dashboard_msgs/srv/detail/is_in_remote_control__type_support.cpp.o\x1b[0m\n'}
[6.819592] (-) TimerEvent: {}
[6.819966] (ur_dashboard_msgs) StdoutLine: {'line': b'[ 57%] \x1b[32mBuilding C object CMakeFiles/ur_dashboard_msgs__rosidl_typesupport_introspection_c.dir/rosidl_typesupport_introspection_c/ur_dashboard_msgs/srv/detail/get_robot_mode__type_support.c.o\x1b[0m\n'}
[6.820604] (ur_dashboard_msgs) StdoutLine: {'line': b'[ 57%] \x1b[32mBuilding CXX object CMakeFiles/ur_dashboard_msgs__rosidl_typesupport_introspection_cpp.dir/rosidl_typesupport_introspection_cpp/ur_dashboard_msgs/srv/detail/upload_program__type_support.cpp.o\x1b[0m\n'}
[6.843496] (ur_dashboard_msgs) StdoutLine: {'line': b'[ 57%] \x1b[32mBuilding C object CMakeFiles/ur_dashboard_msgs__rosidl_typesupport_introspection_c.dir/rosidl_typesupport_introspection_c/ur_dashboard_msgs/srv/detail/get_safety_mode__type_support.c.o\x1b[0m\n'}
[6.867295] (ur_dashboard_msgs) StdoutLine: {'line': b'[ 57%] \x1b[32mBuilding C object CMakeFiles/ur_dashboard_msgs__rosidl_typesupport_introspection_c.dir/rosidl_typesupport_introspection_c/ur_dashboard_msgs/srv/detail/is_program_running__type_support.c.o\x1b[0m\n'}
[6.887564] (ur_dashboard_msgs) StdoutLine: {'line': b'[ 57%] \x1b[32mBuilding CXX object CMakeFiles/ur_dashboard_msgs__rosidl_typesupport_fastrtps_c.dir/rosidl_typesupport_fastrtps_c/ur_dashboard_msgs/msg/detail/safety_mode__type_support_c.cpp.o\x1b[0m\n'}
[6.900482] (ur_dashboard_msgs) StdoutLine: {'line': b'[ 58%] \x1b[32mBuilding C object CMakeFiles/ur_dashboard_msgs__rosidl_typesupport_introspection_c.dir/rosidl_typesupport_introspection_c/ur_dashboard_msgs/srv/detail/is_program_saved__type_support.c.o\x1b[0m\n'}
[6.912858] (ur_dashboard_msgs) StdoutLine: {'line': b'[ 59%] \x1b[32mBuilding CXX object CMakeFiles/ur_dashboard_msgs__rosidl_typesupport_fastrtps_cpp.dir/rosidl_typesupport_fastrtps_cpp/ur_dashboard_msgs/srv/detail/dds_fastrtps/get_programs__type_support.cpp.o\x1b[0m\n'}
[6.919713] (-) TimerEvent: {}
[6.934545] (ur_dashboard_msgs) StdoutLine: {'line': b'[ 59%] \x1b[32mBuilding C object CMakeFiles/ur_dashboard_msgs__rosidl_typesupport_introspection_c.dir/rosidl_typesupport_introspection_c/ur_dashboard_msgs/srv/detail/load__type_support.c.o\x1b[0m\n'}
[6.937080] (ur_dashboard_msgs) StdoutLine: {'line': b'[ 59%] \x1b[32mBuilding CXX object CMakeFiles/ur_dashboard_msgs__rosidl_typesupport_fastrtps_cpp.dir/rosidl_typesupport_fastrtps_cpp/ur_dashboard_msgs/srv/detail/dds_fastrtps/get_program_state__type_support.cpp.o\x1b[0m\n'}
[6.973490] (ur_dashboard_msgs) StdoutLine: {'line': b'[ 59%] \x1b[32mBuilding C object CMakeFiles/ur_dashboard_msgs__rosidl_typesupport_introspection_c.dir/rosidl_typesupport_introspection_c/ur_dashboard_msgs/srv/detail/popup__type_support.c.o\x1b[0m\n'}
[7.010138] (ur_dashboard_msgs) StdoutLine: {'line': b'[ 60%] \x1b[32mBuilding C object CMakeFiles/ur_dashboard_msgs__rosidl_typesupport_introspection_c.dir/rosidl_typesupport_introspection_c/ur_dashboard_msgs/srv/detail/raw_request__type_support.c.o\x1b[0m\n'}
[7.019829] (-) TimerEvent: {}
[7.049496] (ur_dashboard_msgs) StdoutLine: {'line': b'[ 60%] \x1b[32mBuilding C object CMakeFiles/ur_dashboard_msgs__rosidl_typesupport_introspection_c.dir/rosidl_typesupport_introspection_c/ur_dashboard_msgs/srv/detail/is_in_remote_control__type_support.c.o\x1b[0m\n'}
[7.084369] (ur_dashboard_msgs) StdoutLine: {'line': b'[ 60%] \x1b[32mBuilding CXX object CMakeFiles/ur_dashboard_msgs__rosidl_typesupport_introspection_cpp.dir/rosidl_typesupport_introspection_cpp/ur_dashboard_msgs/srv/detail/get_poly_scope_version__type_support.cpp.o\x1b[0m\n'}
[7.087459] (ur_dashboard_msgs) StdoutLine: {'line': b'[ 60%] \x1b[32mBuilding C object CMakeFiles/ur_dashboard_msgs__rosidl_typesupport_introspection_c.dir/rosidl_typesupport_introspection_c/ur_dashboard_msgs/srv/detail/upload_program__type_support.c.o\x1b[0m\n'}
[7.091474] (ur_dashboard_msgs) StdoutLine: {'line': b'[ 61%] \x1b[32mBuilding CXX object CMakeFiles/ur_dashboard_msgs__rosidl_typesupport_introspection_cpp.dir/rosidl_typesupport_introspection_cpp/ur_dashboard_msgs/srv/detail/get_serial_number__type_support.cpp.o\x1b[0m\n'}
[7.110488] (ur_dashboard_msgs) StdoutLine: {'line': b'[ 61%] \x1b[32mBuilding CXX object CMakeFiles/ur_dashboard_msgs__rosidl_typesupport_introspection_cpp.dir/rosidl_typesupport_introspection_cpp/ur_dashboard_msgs/srv/detail/get_user_role__type_support.cpp.o\x1b[0m\n'}
[7.111398] (ur_dashboard_msgs) StdoutLine: {'line': b'[ 62%] \x1b[32mBuilding CXX object CMakeFiles/ur_dashboard_msgs__rosidl_typesupport_fastrtps_cpp.dir/rosidl_typesupport_fastrtps_cpp/ur_dashboard_msgs/srv/detail/dds_fastrtps/get_robot_mode__type_support.cpp.o\x1b[0m\n'}
[7.111561] (ur_dashboard_msgs) StdoutLine: {'line': b'[ 62%] \x1b[32mBuilding C object CMakeFiles/ur_dashboard_msgs__rosidl_typesupport_introspection_c.dir/rosidl_typesupport_introspection_c/ur_dashboard_msgs/srv/detail/get_poly_scope_version__type_support.c.o\x1b[0m\n'}
[7.119936] (-) TimerEvent: {}
[7.130491] (ur_dashboard_msgs) StdoutLine: {'line': b'[ 62%] \x1b[32mBuilding CXX object CMakeFiles/ur_dashboard_msgs__rosidl_typesupport_introspection_cpp.dir/rosidl_typesupport_introspection_cpp/ur_dashboard_msgs/srv/detail/set_user_role__type_support.cpp.o\x1b[0m\n'}
[7.149574] (ur_dashboard_msgs) StdoutLine: {'line': b'[ 62%] \x1b[32mBuilding C object CMakeFiles/ur_dashboard_msgs__rosidl_typesupport_introspection_c.dir/rosidl_typesupport_introspection_c/ur_dashboard_msgs/srv/detail/get_serial_number__type_support.c.o\x1b[0m\n'}
[7.159475] (ur_dashboard_msgs) StdoutLine: {'line': b'[ 62%] \x1b[32mBuilding CXX object CMakeFiles/ur_dashboard_msgs__rosidl_typesupport_fastrtps_c.dir/rosidl_typesupport_fastrtps_c/ur_dashboard_msgs/msg/detail/operational_mode__type_support_c.cpp.o\x1b[0m\n'}
[7.169558] (ur_dashboard_msgs) StdoutLine: {'line': b'[ 63%] \x1b[32mBuilding CXX object CMakeFiles/ur_dashboard_msgs__rosidl_typesupport_introspection_cpp.dir/rosidl_typesupport_introspection_cpp/ur_dashboard_msgs/srv/detail/set_operational_mode__type_support.cpp.o\x1b[0m\n'}
[7.183305] (ur_dashboard_msgs) StdoutLine: {'line': b'[ 63%] \x1b[32mBuilding C object CMakeFiles/ur_dashboard_msgs__rosidl_typesupport_introspection_c.dir/rosidl_typesupport_introspection_c/ur_dashboard_msgs/srv/detail/get_user_role__type_support.c.o\x1b[0m\n'}
[7.194696] (ur_dashboard_msgs) StdoutLine: {'line': b'[ 64%] \x1b[32mBuilding CXX object CMakeFiles/ur_dashboard_msgs__rosidl_typesupport_fastrtps_c.dir/rosidl_typesupport_fastrtps_c/ur_dashboard_msgs/msg/detail/user_role__type_support_c.cpp.o\x1b[0m\n'}
[7.200681] (ur_dashboard_msgs) StdoutLine: {'line': b'[ 65%] \x1b[32mBuilding CXX object CMakeFiles/ur_dashboard_msgs__rosidl_typesupport_fastrtps_cpp.dir/rosidl_typesupport_fastrtps_cpp/ur_dashboard_msgs/srv/detail/dds_fastrtps/get_safety_mode__type_support.cpp.o\x1b[0m\n'}
[7.220057] (-) TimerEvent: {}
[7.220682] (ur_dashboard_msgs) StdoutLine: {'line': b'[ 66%] \x1b[32mBuilding CXX object CMakeFiles/ur_dashboard_msgs__rosidl_typesupport_fastrtps_c.dir/rosidl_typesupport_fastrtps_c/ur_dashboard_msgs/msg/detail/version_information__type_support_c.cpp.o\x1b[0m\n'}
[7.220891] (ur_dashboard_msgs) StdoutLine: {'line': b'[ 66%] \x1b[32mBuilding C object CMakeFiles/ur_dashboard_msgs__rosidl_typesupport_introspection_c.dir/rosidl_typesupport_introspection_c/ur_dashboard_msgs/srv/detail/set_user_role__type_support.c.o\x1b[0m\n'}
[7.253038] (ur_dashboard_msgs) StdoutLine: {'line': b'[ 66%] \x1b[32mBuilding C object CMakeFiles/ur_dashboard_msgs__rosidl_typesupport_introspection_c.dir/rosidl_typesupport_introspection_c/ur_dashboard_msgs/srv/detail/set_operational_mode__type_support.c.o\x1b[0m\n'}
[7.259097] (ur_dashboard_msgs) StdoutLine: {'line': b'[ 66%] \x1b[32mBuilding CXX object CMakeFiles/ur_dashboard_msgs__rosidl_typesupport_fastrtps_cpp.dir/rosidl_typesupport_fastrtps_cpp/ur_dashboard_msgs/srv/detail/dds_fastrtps/is_program_running__type_support.cpp.o\x1b[0m\n'}
[7.265325] (ur_dashboard_msgs) StdoutLine: {'line': b'[ 66%] \x1b[32mBuilding CXX object CMakeFiles/ur_dashboard_msgs__rosidl_typesupport_fastrtps_c.dir/rosidl_typesupport_fastrtps_c/ur_dashboard_msgs/msg/detail/safety_status__type_support_c.cpp.o\x1b[0m\n'}
[7.289384] (ur_dashboard_msgs) StdoutLine: {'line': b'[ 66%] \x1b[32mBuilding CXX object CMakeFiles/ur_dashboard_msgs__rosidl_typesupport_introspection_cpp.dir/rosidl_typesupport_introspection_cpp/ur_dashboard_msgs/srv/detail/get_operational_mode__type_support.cpp.o\x1b[0m\n'}
[7.289651] (ur_dashboard_msgs) StdoutLine: {'line': b'[ 66%] \x1b[32mBuilding C object CMakeFiles/ur_dashboard_msgs__rosidl_typesupport_introspection_c.dir/rosidl_typesupport_introspection_c/ur_dashboard_msgs/srv/detail/get_operational_mode__type_support.c.o\x1b[0m\n'}
[7.322496] (-) TimerEvent: {}
[7.325204] (ur_dashboard_msgs) StdoutLine: {'line': b'[ 67%] \x1b[32mBuilding C object CMakeFiles/ur_dashboard_msgs__rosidl_typesupport_introspection_c.dir/rosidl_typesupport_introspection_c/ur_dashboard_msgs/srv/detail/get_robot_model__type_support.c.o\x1b[0m\n'}
[7.364839] (ur_dashboard_msgs) StdoutLine: {'line': b'[ 67%] \x1b[32mBuilding C object CMakeFiles/ur_dashboard_msgs__rosidl_typesupport_introspection_c.dir/rosidl_typesupport_introspection_c/ur_dashboard_msgs/srv/detail/get_safety_status__type_support.c.o\x1b[0m\n'}
[7.376147] (ur_dashboard_msgs) StdoutLine: {'line': b'[ 68%] \x1b[32mBuilding CXX object CMakeFiles/ur_dashboard_msgs__rosidl_typesupport_fastrtps_c.dir/rosidl_typesupport_fastrtps_c/ur_dashboard_msgs/srv/detail/add_to_log__type_support_c.cpp.o\x1b[0m\n'}
[7.407535] (ur_dashboard_msgs) StdoutLine: {'line': b'[ 68%] \x1b[32mBuilding C object CMakeFiles/ur_dashboard_msgs__rosidl_typesupport_introspection_c.dir/rosidl_typesupport_introspection_c/ur_dashboard_msgs/srv/detail/generate_flight_report__type_support.c.o\x1b[0m\n'}
[7.422624] (-) TimerEvent: {}
[7.449421] (ur_dashboard_msgs) StdoutLine: {'line': b'[ 69%] \x1b[32mBuilding C object CMakeFiles/ur_dashboard_msgs__rosidl_typesupport_introspection_c.dir/rosidl_typesupport_introspection_c/ur_dashboard_msgs/srv/detail/generate_support_file__type_support.c.o\x1b[0m\n'}
[7.455492] (ur_dashboard_msgs) StdoutLine: {'line': b'[ 69%] \x1b[32mBuilding CXX object CMakeFiles/ur_dashboard_msgs__rosidl_typesupport_fastrtps_c.dir/rosidl_typesupport_fastrtps_c/ur_dashboard_msgs/srv/detail/download_program__type_support_c.cpp.o\x1b[0m\n'}
[7.476982] (ur_dashboard_msgs) StdoutLine: {'line': b'[ 69%] \x1b[32mBuilding CXX object CMakeFiles/ur_dashboard_msgs__rosidl_typesupport_fastrtps_cpp.dir/rosidl_typesupport_fastrtps_cpp/ur_dashboard_msgs/srv/detail/dds_fastrtps/is_program_saved__type_support.cpp.o\x1b[0m\n'}
[7.490552] (ur_dashboard_msgs) StdoutLine: {'line': b'[ 69%] \x1b[32mBuilding CXX object CMakeFiles/ur_dashboard_msgs__rosidl_typesupport_introspection_cpp.dir/rosidl_typesupport_introspection_cpp/ur_dashboard_msgs/srv/detail/get_robot_model__type_support.cpp.o\x1b[0m\n'}
[7.490750] (ur_dashboard_msgs) StdoutLine: {'line': b'[ 69%] \x1b[32mBuilding C object CMakeFiles/ur_dashboard_msgs__rosidl_typesupport_introspection_c.dir/rosidl_typesupport_introspection_c/ur_dashboard_msgs/action/detail/set_mode__type_support.c.o\x1b[0m\n'}
[7.496103] (ur_dashboard_msgs) StdoutLine: {'line': b'[ 70%] \x1b[32mBuilding CXX object CMakeFiles/ur_dashboard_msgs__rosidl_typesupport_introspection_cpp.dir/rosidl_typesupport_introspection_cpp/ur_dashboard_msgs/srv/detail/get_safety_status__type_support.cpp.o\x1b[0m\n'}
[7.520977] (ur_dashboard_msgs) StdoutLine: {'line': b'[ 70%] \x1b[32mBuilding CXX object CMakeFiles/ur_dashboard_msgs__rosidl_typesupport_introspection_cpp.dir/rosidl_typesupport_introspection_cpp/ur_dashboard_msgs/srv/detail/generate_flight_report__type_support.cpp.o\x1b[0m\n'}
[7.522723] (-) TimerEvent: {}
[7.529050] (ur_dashboard_msgs) StdoutLine: {'line': b'[ 70%] \x1b[32mBuilding CXX object CMakeFiles/ur_dashboard_msgs__rosidl_typesupport_fastrtps_c.dir/rosidl_typesupport_fastrtps_c/ur_dashboard_msgs/srv/detail/download_support_file__type_support_c.cpp.o\x1b[0m\n'}
[7.535512] (ur_dashboard_msgs) StdoutLine: {'line': b'[ 70%] \x1b[32m\x1b[1mLinking C shared library libur_dashboard_msgs__rosidl_typesupport_introspection_c.so\x1b[0m\n'}
[7.536865] (ur_dashboard_msgs) StdoutLine: {'line': b'[ 70%] \x1b[32mBuilding CXX object CMakeFiles/ur_dashboard_msgs__rosidl_typesupport_introspection_cpp.dir/rosidl_typesupport_introspection_cpp/ur_dashboard_msgs/srv/detail/generate_support_file__type_support.cpp.o\x1b[0m\n'}
[7.552937] (ur_dashboard_msgs) StdoutLine: {'line': b'[ 71%] \x1b[32mBuilding CXX object CMakeFiles/ur_dashboard_msgs__rosidl_typesupport_fastrtps_cpp.dir/rosidl_typesupport_fastrtps_cpp/ur_dashboard_msgs/srv/detail/dds_fastrtps/load__type_support.cpp.o\x1b[0m\n'}
[7.554190] (ur_dashboard_msgs) StdoutLine: {'line': b'[ 71%] \x1b[32mBuilding CXX object CMakeFiles/ur_dashboard_msgs__rosidl_typesupport_fastrtps_cpp.dir/rosidl_typesupport_fastrtps_cpp/ur_dashboard_msgs/srv/detail/dds_fastrtps/popup__type_support.cpp.o\x1b[0m\n'}
[7.575494] (ur_dashboard_msgs) StdoutLine: {'line': b'[ 72%] \x1b[32mBuilding CXX object CMakeFiles/ur_dashboard_msgs__rosidl_typesupport_fastrtps_cpp.dir/rosidl_typesupport_fastrtps_cpp/ur_dashboard_msgs/srv/detail/dds_fastrtps/raw_request__type_support.cpp.o\x1b[0m\n'}
[7.575718] (ur_dashboard_msgs) StdoutLine: {'line': b'[ 72%] \x1b[32mBuilding CXX object CMakeFiles/ur_dashboard_msgs__rosidl_typesupport_fastrtps_c.dir/rosidl_typesupport_fastrtps_c/ur_dashboard_msgs/srv/detail/get_loaded_program__type_support_c.cpp.o\x1b[0m\n'}
[7.578506] (ur_dashboard_msgs) StdoutLine: {'line': b'[ 72%] Built target ur_dashboard_msgs__rosidl_typesupport_introspection_c\n'}
[7.583835] (ur_dashboard_msgs) StdoutLine: {'line': b'[ 72%] \x1b[32mBuilding CXX object CMakeFiles/ur_dashboard_msgs__rosidl_typesupport_fastrtps_c.dir/rosidl_typesupport_fastrtps_c/ur_dashboard_msgs/srv/detail/get_programs__type_support_c.cpp.o\x1b[0m\n'}
[7.622832] (-) TimerEvent: {}
[7.638565] (ur_dashboard_msgs) StdoutLine: {'line': b'[ 72%] \x1b[32mBuilding CXX object CMakeFiles/ur_dashboard_msgs__rosidl_typesupport_fastrtps_c.dir/rosidl_typesupport_fastrtps_c/ur_dashboard_msgs/srv/detail/get_program_state__type_support_c.cpp.o\x1b[0m\n'}
[7.648505] (ur_dashboard_msgs) StdoutLine: {'line': b'[ 73%] \x1b[32mBuilding CXX object CMakeFiles/ur_dashboard_msgs__rosidl_typesupport_fastrtps_c.dir/rosidl_typesupport_fastrtps_c/ur_dashboard_msgs/srv/detail/get_robot_mode__type_support_c.cpp.o\x1b[0m\n'}
[7.722973] (-) TimerEvent: {}
[7.770103] (ur_dashboard_msgs) StdoutLine: {'line': b'[ 73%] \x1b[32mBuilding CXX object CMakeFiles/ur_dashboard_msgs__rosidl_typesupport_fastrtps_c.dir/rosidl_typesupport_fastrtps_c/ur_dashboard_msgs/srv/detail/get_safety_mode__type_support_c.cpp.o\x1b[0m\n'}
[7.810098] (ur_dashboard_msgs) StdoutLine: {'line': b'[ 73%] \x1b[32mBuilding CXX object CMakeFiles/ur_dashboard_msgs__rosidl_typesupport_fastrtps_c.dir/rosidl_typesupport_fastrtps_c/ur_dashboard_msgs/srv/detail/is_program_running__type_support_c.cpp.o\x1b[0m\n'}
[7.824506] (-) TimerEvent: {}
[7.870409] (ur_dashboard_msgs) StdoutLine: {'line': b'[ 74%] \x1b[32mBuilding CXX object CMakeFiles/ur_dashboard_msgs__rosidl_typesupport_fastrtps_c.dir/rosidl_typesupport_fastrtps_c/ur_dashboard_msgs/srv/detail/is_program_saved__type_support_c.cpp.o\x1b[0m\n'}
[7.878353] (ur_dashboard_msgs) StdoutLine: {'line': b'[ 74%] \x1b[32mBuilding CXX object CMakeFiles/ur_dashboard_msgs__rosidl_typesupport_fastrtps_c.dir/rosidl_typesupport_fastrtps_c/ur_dashboard_msgs/srv/detail/load__type_support_c.cpp.o\x1b[0m\n'}
[7.878703] (ur_dashboard_msgs) StdoutLine: {'line': b'[ 75%] \x1b[32mBuilding CXX object CMakeFiles/ur_dashboard_msgs__rosidl_typesupport_fastrtps_cpp.dir/rosidl_typesupport_fastrtps_cpp/ur_dashboard_msgs/srv/detail/dds_fastrtps/is_in_remote_control__type_support.cpp.o\x1b[0m\n'}
[7.886509] (ur_dashboard_msgs) StdoutLine: {'line': b'[ 75%] \x1b[32mBuilding CXX object CMakeFiles/ur_dashboard_msgs__rosidl_typesupport_fastrtps_cpp.dir/rosidl_typesupport_fastrtps_cpp/ur_dashboard_msgs/srv/detail/dds_fastrtps/upload_program__type_support.cpp.o\x1b[0m\n'}
[7.887951] (ur_dashboard_msgs) StdoutLine: {'line': b'[ 76%] \x1b[32mBuilding CXX object CMakeFiles/ur_dashboard_msgs__rosidl_typesupport_introspection_cpp.dir/rosidl_typesupport_introspection_cpp/ur_dashboard_msgs/action/detail/set_mode__type_support.cpp.o\x1b[0m\n'}
[7.898799] (ur_dashboard_msgs) StdoutLine: {'line': b'[ 76%] \x1b[32mBuilding CXX object CMakeFiles/ur_dashboard_msgs__rosidl_typesupport_fastrtps_cpp.dir/rosidl_typesupport_fastrtps_cpp/ur_dashboard_msgs/srv/detail/dds_fastrtps/get_poly_scope_version__type_support.cpp.o\x1b[0m\n'}
[7.921928] (ur_dashboard_msgs) StdoutLine: {'line': b'[ 77%] \x1b[32mBuilding CXX object CMakeFiles/ur_dashboard_msgs__rosidl_typesupport_fastrtps_cpp.dir/rosidl_typesupport_fastrtps_cpp/ur_dashboard_msgs/srv/detail/dds_fastrtps/get_serial_number__type_support.cpp.o\x1b[0m\n'}
[7.924601] (-) TimerEvent: {}
[7.937551] (ur_dashboard_msgs) StdoutLine: {'line': b'[ 77%] \x1b[32mBuilding CXX object CMakeFiles/ur_dashboard_msgs__rosidl_typesupport_fastrtps_c.dir/rosidl_typesupport_fastrtps_c/ur_dashboard_msgs/srv/detail/popup__type_support_c.cpp.o\x1b[0m\n'}
[7.962748] (ur_dashboard_msgs) StdoutLine: {'line': b'[ 78%] \x1b[32mBuilding CXX object CMakeFiles/ur_dashboard_msgs__rosidl_typesupport_fastrtps_cpp.dir/rosidl_typesupport_fastrtps_cpp/ur_dashboard_msgs/srv/detail/dds_fastrtps/get_user_role__type_support.cpp.o\x1b[0m\n'}
[7.962919] (ur_dashboard_msgs) StdoutLine: {'line': b'[ 78%] \x1b[32mBuilding CXX object CMakeFiles/ur_dashboard_msgs__rosidl_typesupport_fastrtps_c.dir/rosidl_typesupport_fastrtps_c/ur_dashboard_msgs/srv/detail/raw_request__type_support_c.cpp.o\x1b[0m\n'}
[7.996591] (ur_dashboard_msgs) StdoutLine: {'line': b'[ 78%] \x1b[32mBuilding CXX object CMakeFiles/ur_dashboard_msgs__rosidl_typesupport_fastrtps_cpp.dir/rosidl_typesupport_fastrtps_cpp/ur_dashboard_msgs/srv/detail/dds_fastrtps/set_user_role__type_support.cpp.o\x1b[0m\n'}
[8.009369] (ur_dashboard_msgs) StdoutLine: {'line': b'[ 78%] \x1b[32mBuilding CXX object CMakeFiles/ur_dashboard_msgs__rosidl_typesupport_fastrtps_c.dir/rosidl_typesupport_fastrtps_c/ur_dashboard_msgs/srv/detail/is_in_remote_control__type_support_c.cpp.o\x1b[0m\n'}
[8.009578] (ur_dashboard_msgs) StdoutLine: {'line': b'[ 78%] \x1b[32mBuilding CXX object CMakeFiles/ur_dashboard_msgs__rosidl_typesupport_fastrtps_c.dir/rosidl_typesupport_fastrtps_c/ur_dashboard_msgs/srv/detail/upload_program__type_support_c.cpp.o\x1b[0m\n'}
[8.024730] (-) TimerEvent: {}
[8.069789] (ur_dashboard_msgs) StdoutLine: {'line': b'[ 79%] \x1b[32mBuilding CXX object CMakeFiles/ur_dashboard_msgs__rosidl_typesupport_fastrtps_cpp.dir/rosidl_typesupport_fastrtps_cpp/ur_dashboard_msgs/srv/detail/dds_fastrtps/set_operational_mode__type_support.cpp.o\x1b[0m\n'}
[8.124858] (-) TimerEvent: {}
[8.155151] (ur_dashboard_msgs) StdoutLine: {'line': b'[ 79%] \x1b[32mBuilding CXX object CMakeFiles/ur_dashboard_msgs__rosidl_typesupport_fastrtps_cpp.dir/rosidl_typesupport_fastrtps_cpp/ur_dashboard_msgs/srv/detail/dds_fastrtps/get_operational_mode__type_support.cpp.o\x1b[0m\n'}
[8.221219] (ur_dashboard_msgs) StdoutLine: {'line': b'[ 79%] \x1b[32mBuilding CXX object CMakeFiles/ur_dashboard_msgs__rosidl_typesupport_fastrtps_cpp.dir/rosidl_typesupport_fastrtps_cpp/ur_dashboard_msgs/srv/detail/dds_fastrtps/get_robot_model__type_support.cpp.o\x1b[0m\n'}
[8.225483] (-) TimerEvent: {}
[8.228084] (ur_dashboard_msgs) StdoutLine: {'line': b'[ 80%] \x1b[32mBuilding CXX object CMakeFiles/ur_dashboard_msgs__rosidl_typesupport_fastrtps_cpp.dir/rosidl_typesupport_fastrtps_cpp/ur_dashboard_msgs/srv/detail/dds_fastrtps/get_safety_status__type_support.cpp.o\x1b[0m\n'}
[8.245483] (ur_dashboard_msgs) StdoutLine: {'line': b'[ 80%] \x1b[32mBuilding CXX object CMakeFiles/ur_dashboard_msgs__rosidl_typesupport_fastrtps_cpp.dir/rosidl_typesupport_fastrtps_cpp/ur_dashboard_msgs/srv/detail/dds_fastrtps/generate_flight_report__type_support.cpp.o\x1b[0m\n'}
[8.281810] (ur_dashboard_msgs) StdoutLine: {'line': b'[ 80%] \x1b[32mBuilding CXX object CMakeFiles/ur_dashboard_msgs__rosidl_typesupport_fastrtps_cpp.dir/rosidl_typesupport_fastrtps_cpp/ur_dashboard_msgs/srv/detail/dds_fastrtps/generate_support_file__type_support.cpp.o\x1b[0m\n'}
[8.286336] (ur_dashboard_msgs) StdoutLine: {'line': b'[ 81%] \x1b[32mBuilding CXX object CMakeFiles/ur_dashboard_msgs__rosidl_typesupport_fastrtps_c.dir/rosidl_typesupport_fastrtps_c/ur_dashboard_msgs/srv/detail/get_poly_scope_version__type_support_c.cpp.o\x1b[0m\n'}
[8.294884] (ur_dashboard_msgs) StdoutLine: {'line': b'[ 82%] \x1b[32mBuilding CXX object CMakeFiles/ur_dashboard_msgs__rosidl_typesupport_fastrtps_cpp.dir/rosidl_typesupport_fastrtps_cpp/ur_dashboard_msgs/action/detail/dds_fastrtps/set_mode__type_support.cpp.o\x1b[0m\n'}
[8.311134] (ur_dashboard_msgs) StdoutLine: {'line': b'[ 82%] \x1b[32mBuilding CXX object CMakeFiles/ur_dashboard_msgs__rosidl_typesupport_fastrtps_c.dir/rosidl_typesupport_fastrtps_c/ur_dashboard_msgs/srv/detail/get_serial_number__type_support_c.cpp.o\x1b[0m\n'}
[8.311364] (ur_dashboard_msgs) StdoutLine: {'line': b'[ 82%] \x1b[32mBuilding CXX object CMakeFiles/ur_dashboard_msgs__rosidl_typesupport_fastrtps_c.dir/rosidl_typesupport_fastrtps_c/ur_dashboard_msgs/srv/detail/get_user_role__type_support_c.cpp.o\x1b[0m\n'}
[8.325586] (-) TimerEvent: {}
[8.342674] (ur_dashboard_msgs) StdoutLine: {'line': b'[ 83%] \x1b[32mBuilding CXX object CMakeFiles/ur_dashboard_msgs__rosidl_typesupport_fastrtps_c.dir/rosidl_typesupport_fastrtps_c/ur_dashboard_msgs/srv/detail/set_user_role__type_support_c.cpp.o\x1b[0m\n'}
[8.349948] (ur_dashboard_msgs) StdoutLine: {'line': b'[ 83%] \x1b[32mBuilding CXX object CMakeFiles/ur_dashboard_msgs__rosidl_typesupport_fastrtps_c.dir/rosidl_typesupport_fastrtps_c/ur_dashboard_msgs/srv/detail/set_operational_mode__type_support_c.cpp.o\x1b[0m\n'}
[8.372472] (ur_dashboard_msgs) StdoutLine: {'line': b'[ 83%] \x1b[32mBuilding CXX object CMakeFiles/ur_dashboard_msgs__rosidl_typesupport_fastrtps_c.dir/rosidl_typesupport_fastrtps_c/ur_dashboard_msgs/srv/detail/get_operational_mode__type_support_c.cpp.o\x1b[0m\n'}
[8.425695] (-) TimerEvent: {}
[8.455250] (ur_dashboard_msgs) StdoutLine: {'line': b'[ 84%] \x1b[32mBuilding CXX object CMakeFiles/ur_dashboard_msgs__rosidl_typesupport_fastrtps_c.dir/rosidl_typesupport_fastrtps_c/ur_dashboard_msgs/srv/detail/get_robot_model__type_support_c.cpp.o\x1b[0m\n'}
[8.505546] (ur_dashboard_msgs) StdoutLine: {'line': b'[ 84%] \x1b[32mBuilding CXX object CMakeFiles/ur_dashboard_msgs__rosidl_typesupport_fastrtps_c.dir/rosidl_typesupport_fastrtps_c/ur_dashboard_msgs/srv/detail/get_safety_status__type_support_c.cpp.o\x1b[0m\n'}
[8.510491] (ur_dashboard_msgs) StdoutLine: {'line': b'[ 84%] \x1b[32mBuilding CXX object CMakeFiles/ur_dashboard_msgs__rosidl_typesupport_fastrtps_c.dir/rosidl_typesupport_fastrtps_c/ur_dashboard_msgs/srv/detail/generate_flight_report__type_support_c.cpp.o\x1b[0m\n'}
[8.525815] (-) TimerEvent: {}
[8.565623] (ur_dashboard_msgs) StdoutLine: {'line': b'[ 85%] \x1b[32mBuilding CXX object CMakeFiles/ur_dashboard_msgs__rosidl_typesupport_fastrtps_c.dir/rosidl_typesupport_fastrtps_c/ur_dashboard_msgs/srv/detail/generate_support_file__type_support_c.cpp.o\x1b[0m\n'}
[8.565896] (ur_dashboard_msgs) StdoutLine: {'line': b'[ 85%] \x1b[32m\x1b[1mLinking CXX shared library libur_dashboard_msgs__rosidl_typesupport_introspection_cpp.so\x1b[0m\n'}
[8.625922] (-) TimerEvent: {}
[8.628281] (ur_dashboard_msgs) StdoutLine: {'line': b'[ 85%] \x1b[32mBuilding CXX object CMakeFiles/ur_dashboard_msgs__rosidl_typesupport_fastrtps_c.dir/rosidl_typesupport_fastrtps_c/ur_dashboard_msgs/action/detail/set_mode__type_support_c.cpp.o\x1b[0m\n'}
[8.672719] (ur_dashboard_msgs) StdoutLine: {'line': b'[ 85%] Built target ur_dashboard_msgs__rosidl_typesupport_introspection_cpp\n'}
[8.726030] (-) TimerEvent: {}
[8.791215] (ur_dashboard_msgs) StdoutLine: {'line': b'[ 85%] \x1b[32m\x1b[1mLinking CXX shared library libur_dashboard_msgs__rosidl_typesupport_fastrtps_cpp.so\x1b[0m\n'}
[8.826219] (-) TimerEvent: {}
[8.859620] (ur_dashboard_msgs) StdoutLine: {'line': b'[ 85%] Built target ur_dashboard_msgs__rosidl_typesupport_fastrtps_cpp\n'}
[8.881640] (ur_dashboard_msgs) StdoutLine: {'line': b'[ 85%] \x1b[32m\x1b[1mLinking CXX shared library libur_dashboard_msgs__rosidl_typesupport_fastrtps_c.so\x1b[0m\n'}
[8.926406] (-) TimerEvent: {}
[8.955555] (ur_dashboard_msgs) StdoutLine: {'line': b'[ 85%] Built target ur_dashboard_msgs__rosidl_typesupport_fastrtps_c\n'}
[8.977551] (ur_dashboard_msgs) StdoutLine: {'line': b'[ 85%] Built target ur_dashboard_msgs\n'}
[9.001909] (ur_dashboard_msgs) StdoutLine: {'line': b'[ 85%] \x1b[34m\x1b[1mGenerating Python code for ROS interfaces\x1b[0m\n'}
[9.026550] (-) TimerEvent: {}
[9.126858] (-) TimerEvent: {}
[9.227220] (-) TimerEvent: {}
[9.327507] (-) TimerEvent: {}
[9.427799] (-) TimerEvent: {}
[9.528169] (-) TimerEvent: {}
[9.628546] (-) TimerEvent: {}
[9.728912] (-) TimerEvent: {}
[9.829270] (-) TimerEvent: {}
[9.929661] (-) TimerEvent: {}
[10.030024] (-) TimerEvent: {}
[10.130389] (-) TimerEvent: {}
[10.230874] (-) TimerEvent: {}
[10.331169] (-) TimerEvent: {}
[10.431458] (-) TimerEvent: {}
[10.531663] (-) TimerEvent: {}
[10.631893] (-) TimerEvent: {}
[10.732160] (-) TimerEvent: {}
[10.832401] (-) TimerEvent: {}
[10.932614] (-) TimerEvent: {}
[11.032897] (-) TimerEvent: {}
[11.133180] (-) TimerEvent: {}
[11.233458] (-) TimerEvent: {}
[11.333721] (-) TimerEvent: {}
[11.433999] (-) TimerEvent: {}
[11.534302] (-) TimerEvent: {}
[11.634621] (-) TimerEvent: {}
[11.734933] (-) TimerEvent: {}
[11.835221] (-) TimerEvent: {}
[11.935502] (-) TimerEvent: {}
[12.035777] (-) TimerEvent: {}
[12.136071] (-) TimerEvent: {}
[12.236333] (-) TimerEvent: {}
[12.337481] (-) TimerEvent: {}
[12.363114] (ur_dashboard_msgs) StdoutLine: {'line': b'[ 85%] Built target ur_dashboard_msgs__py\n'}
[12.394095] (ur_dashboard_msgs) StdoutLine: {'line': b'[ 85%] \x1b[32mBuilding C object CMakeFiles/ur_dashboard_msgs__rosidl_generator_py.dir/rosidl_generator_py/ur_dashboard_msgs/msg/_robot_mode_s.c.o\x1b[0m\n'}
[12.394529] (ur_dashboard_msgs) StdoutLine: {'line': b'[ 86%] \x1b[32mBuilding C object CMakeFiles/ur_dashboard_msgs__rosidl_generator_py.dir/rosidl_generator_py/ur_dashboard_msgs/msg/_safety_mode_s.c.o\x1b[0m\n'}
[12.394730] (ur_dashboard_msgs) StdoutLine: {'line': b'[ 86%] \x1b[32mBuilding C object CMakeFiles/ur_dashboard_msgs__rosidl_generator_py.dir/rosidl_generator_py/ur_dashboard_msgs/msg/_operational_mode_s.c.o\x1b[0m\n'}
[12.394867] (ur_dashboard_msgs) StdoutLine: {'line': b'[ 87%] \x1b[32mBuilding C object CMakeFiles/ur_dashboard_msgs__rosidl_generator_py.dir/rosidl_generator_py/ur_dashboard_msgs/msg/_version_information_s.c.o\x1b[0m\n'}
[12.394994] (ur_dashboard_msgs) StdoutLine: {'line': b'[ 87%] \x1b[32mBuilding C object CMakeFiles/ur_dashboard_msgs__rosidl_generator_py.dir/rosidl_generator_py/ur_dashboard_msgs/msg/_user_role_s.c.o\x1b[0m\n'}
[12.395115] (ur_dashboard_msgs) StdoutLine: {'line': b'[ 87%] \x1b[32mBuilding C object CMakeFiles/ur_dashboard_msgs__rosidl_generator_py.dir/rosidl_generator_py/ur_dashboard_msgs/msg/_safety_status_s.c.o\x1b[0m\n'}
[12.395232] (ur_dashboard_msgs) StdoutLine: {'line': b'[ 88%] \x1b[32mBuilding C object CMakeFiles/ur_dashboard_msgs__rosidl_generator_py.dir/rosidl_generator_py/ur_dashboard_msgs/msg/_program_information_s.c.o\x1b[0m\n'}
[12.395347] (ur_dashboard_msgs) StdoutLine: {'line': b'[ 88%] \x1b[32mBuilding C object CMakeFiles/ur_dashboard_msgs__rosidl_generator_py.dir/rosidl_generator_py/ur_dashboard_msgs/msg/_program_state_s.c.o\x1b[0m\n'}
[12.395921] (ur_dashboard_msgs) StdoutLine: {'line': b'[ 89%] \x1b[32mBuilding C object CMakeFiles/ur_dashboard_msgs__rosidl_generator_py.dir/rosidl_generator_py/ur_dashboard_msgs/srv/_download_program_s.c.o\x1b[0m\n'}
[12.396460] (ur_dashboard_msgs) StdoutLine: {'line': b'[ 89%] \x1b[32mBuilding C object CMakeFiles/ur_dashboard_msgs__rosidl_generator_py.dir/rosidl_generator_py/ur_dashboard_msgs/srv/_download_support_file_s.c.o\x1b[0m\n'}
[12.396818] (ur_dashboard_msgs) StdoutLine: {'line': b'[ 89%] \x1b[32mBuilding C object CMakeFiles/ur_dashboard_msgs__rosidl_generator_py.dir/rosidl_generator_py/ur_dashboard_msgs/srv/_get_loaded_program_s.c.o\x1b[0m\n'}
[12.397131] (ur_dashboard_msgs) StdoutLine: {'line': b'[ 89%] \x1b[32mBuilding C object CMakeFiles/ur_dashboard_msgs__rosidl_generator_py.dir/rosidl_generator_py/ur_dashboard_msgs/srv/_get_program_state_s.c.o\x1b[0m\n'}
[12.397858] (ur_dashboard_msgs) StdoutLine: {'line': b'[ 89%] \x1b[32mBuilding C object CMakeFiles/ur_dashboard_msgs__rosidl_generator_py.dir/rosidl_generator_py/ur_dashboard_msgs/srv/_get_robot_mode_s.c.o\x1b[0m\n'}
[12.400227] (ur_dashboard_msgs) StdoutLine: {'line': b'[ 90%] \x1b[32mBuilding C object CMakeFiles/ur_dashboard_msgs__rosidl_generator_py.dir/rosidl_generator_py/ur_dashboard_msgs/srv/_get_safety_mode_s.c.o\x1b[0m\n'}
[12.400488] (ur_dashboard_msgs) StdoutLine: {'line': b'[ 90%] \x1b[32mBuilding C object CMakeFiles/ur_dashboard_msgs__rosidl_generator_py.dir/rosidl_generator_py/ur_dashboard_msgs/srv/_add_to_log_s.c.o\x1b[0m\n'}
[12.401781] (ur_dashboard_msgs) StdoutLine: {'line': b'[ 91%] \x1b[32mBuilding C object CMakeFiles/ur_dashboard_msgs__rosidl_generator_py.dir/rosidl_generator_py/ur_dashboard_msgs/srv/_get_programs_s.c.o\x1b[0m\n'}
[12.439498] (-) TimerEvent: {}
[12.522631] (ur_dashboard_msgs) StdoutLine: {'line': b'[ 91%] \x1b[32mBuilding C object CMakeFiles/ur_dashboard_msgs__rosidl_generator_py.dir/rosidl_generator_py/ur_dashboard_msgs/srv/_is_program_saved_s.c.o\x1b[0m\n'}
[12.522852] (ur_dashboard_msgs) StdoutLine: {'line': b'[ 92%] \x1b[32mBuilding C object CMakeFiles/ur_dashboard_msgs__rosidl_generator_py.dir/rosidl_generator_py/ur_dashboard_msgs/srv/_load_s.c.o\x1b[0m\n'}
[12.523945] (ur_dashboard_msgs) StdoutLine: {'line': b'[ 92%] \x1b[32mBuilding C object CMakeFiles/ur_dashboard_msgs__rosidl_generator_py.dir/rosidl_generator_py/ur_dashboard_msgs/srv/_is_program_running_s.c.o\x1b[0m\n'}
[12.525220] (ur_dashboard_msgs) StdoutLine: {'line': b'[ 92%] \x1b[32mBuilding C object CMakeFiles/ur_dashboard_msgs__rosidl_generator_py.dir/rosidl_generator_py/ur_dashboard_msgs/srv/_raw_request_s.c.o\x1b[0m\n'}
[12.525354] (ur_dashboard_msgs) StdoutLine: {'line': b'[ 92%] \x1b[32mBuilding C object CMakeFiles/ur_dashboard_msgs__rosidl_generator_py.dir/rosidl_generator_py/ur_dashboard_msgs/srv/_popup_s.c.o\x1b[0m\n'}
[12.530636] (ur_dashboard_msgs) StdoutLine: {'line': b'[ 92%] \x1b[32mBuilding C object CMakeFiles/ur_dashboard_msgs__rosidl_generator_py.dir/rosidl_generator_py/ur_dashboard_msgs/srv/_upload_program_s.c.o\x1b[0m\n'}
[12.530830] (ur_dashboard_msgs) StdoutLine: {'line': b'[ 93%] \x1b[32mBuilding C object CMakeFiles/ur_dashboard_msgs__rosidl_generator_py.dir/rosidl_generator_py/ur_dashboard_msgs/srv/_get_user_role_s.c.o\x1b[0m\n'}
[12.530896] (ur_dashboard_msgs) StdoutLine: {'line': b'[ 93%] \x1b[32mBuilding C object CMakeFiles/ur_dashboard_msgs__rosidl_generator_py.dir/rosidl_generator_py/ur_dashboard_msgs/srv/_is_in_remote_control_s.c.o\x1b[0m\n'}
[12.533030] (ur_dashboard_msgs) StdoutLine: {'line': b'[ 94%] \x1b[32mBuilding C object CMakeFiles/ur_dashboard_msgs__rosidl_generator_py.dir/rosidl_generator_py/ur_dashboard_msgs/srv/_get_poly_scope_version_s.c.o\x1b[0m\n'}
[12.533204] (ur_dashboard_msgs) StdoutLine: {'line': b'[ 94%] \x1b[32mBuilding C object CMakeFiles/ur_dashboard_msgs__rosidl_generator_py.dir/rosidl_generator_py/ur_dashboard_msgs/srv/_get_serial_number_s.c.o\x1b[0m\n'}
[12.533342] (ur_dashboard_msgs) StdoutLine: {'line': b'[ 94%] \x1b[32mBuilding C object CMakeFiles/ur_dashboard_msgs__rosidl_generator_py.dir/rosidl_generator_py/ur_dashboard_msgs/srv/_get_operational_mode_s.c.o\x1b[0m\n'}
[12.534178] (ur_dashboard_msgs) StdoutLine: {'line': b'[ 95%] \x1b[32mBuilding C object CMakeFiles/ur_dashboard_msgs__rosidl_generator_py.dir/rosidl_generator_py/ur_dashboard_msgs/srv/_set_operational_mode_s.c.o\x1b[0m\n'}
[12.540505] (ur_dashboard_msgs) StdoutLine: {'line': b'[ 95%] \x1b[32mBuilding C object CMakeFiles/ur_dashboard_msgs__rosidl_generator_py.dir/rosidl_generator_py/ur_dashboard_msgs/srv/_get_robot_model_s.c.o\x1b[0m\n'}
[12.540757] (-) TimerEvent: {}
[12.540871] (ur_dashboard_msgs) StdoutLine: {'line': b'[ 95%] \x1b[32mBuilding C object CMakeFiles/ur_dashboard_msgs__rosidl_generator_py.dir/rosidl_generator_py/ur_dashboard_msgs/srv/_set_user_role_s.c.o\x1b[0m\n'}
[12.540952] (ur_dashboard_msgs) StdoutLine: {'line': b'[ 96%] \x1b[32mBuilding C object CMakeFiles/ur_dashboard_msgs__rosidl_generator_py.dir/rosidl_generator_py/ur_dashboard_msgs/srv/_get_safety_status_s.c.o\x1b[0m\n'}
[12.547516] (ur_dashboard_msgs) StdoutLine: {'line': b'[ 96%] \x1b[32mBuilding C object CMakeFiles/ur_dashboard_msgs__rosidl_generator_py.dir/rosidl_generator_py/ur_dashboard_msgs/srv/_generate_flight_report_s.c.o\x1b[0m\n'}
[12.629364] (ur_dashboard_msgs) StdoutLine: {'line': b'[ 97%] \x1b[32mBuilding C object CMakeFiles/ur_dashboard_msgs__rosidl_generator_py.dir/rosidl_generator_py/ur_dashboard_msgs/action/_set_mode_s.c.o\x1b[0m\n'}
[12.629596] (ur_dashboard_msgs) StdoutLine: {'line': b'[ 97%] \x1b[32mBuilding C object CMakeFiles/ur_dashboard_msgs__rosidl_generator_py.dir/rosidl_generator_py/ur_dashboard_msgs/srv/_generate_support_file_s.c.o\x1b[0m\n'}
[12.641037] (-) TimerEvent: {}
[12.721371] (ur_dashboard_msgs) StdoutLine: {'line': b'[ 97%] \x1b[32m\x1b[1mLinking C shared library rosidl_generator_py/ur_dashboard_msgs/libur_dashboard_msgs__rosidl_generator_py.so\x1b[0m\n'}
[12.741255] (-) TimerEvent: {}
[12.773667] (ur_dashboard_msgs) StdoutLine: {'line': b'[ 97%] Built target ur_dashboard_msgs__rosidl_generator_py\n'}
[12.792077] (ur_dashboard_msgs) StdoutLine: {'line': b'[ 98%] \x1b[32mBuilding C object CMakeFiles/ur_dashboard_msgs__rosidl_typesupport_fastrtps_c__pyext.dir/rosidl_generator_py/ur_dashboard_msgs/_ur_dashboard_msgs_s.ep.rosidl_typesupport_fastrtps_c.c.o\x1b[0m\n'}
[12.795046] (ur_dashboard_msgs) StdoutLine: {'line': b'[ 99%] \x1b[32mBuilding C object CMakeFiles/ur_dashboard_msgs__rosidl_typesupport_c__pyext.dir/rosidl_generator_py/ur_dashboard_msgs/_ur_dashboard_msgs_s.ep.rosidl_typesupport_c.c.o\x1b[0m\n'}
[12.796899] (ur_dashboard_msgs) StdoutLine: {'line': b'[100%] \x1b[32mBuilding C object CMakeFiles/ur_dashboard_msgs__rosidl_typesupport_introspection_c__pyext.dir/rosidl_generator_py/ur_dashboard_msgs/_ur_dashboard_msgs_s.ep.rosidl_typesupport_introspection_c.c.o\x1b[0m\n'}
[12.841446] (-) TimerEvent: {}
[12.941767] (-) TimerEvent: {}
[12.989775] (ur_dashboard_msgs) StdoutLine: {'line': b'[100%] \x1b[32m\x1b[1mLinking C shared library rosidl_generator_py/ur_dashboard_msgs/ur_dashboard_msgs_s__rosidl_typesupport_fastrtps_c.cpython-310-x86_64-linux-gnu.so\x1b[0m\n'}
[12.994321] (ur_dashboard_msgs) StdoutLine: {'line': b'[100%] \x1b[32m\x1b[1mLinking C shared library rosidl_generator_py/ur_dashboard_msgs/ur_dashboard_msgs_s__rosidl_typesupport_introspection_c.cpython-310-x86_64-linux-gnu.so\x1b[0m\n'}
[13.000520] (ur_dashboard_msgs) StdoutLine: {'line': b'[100%] \x1b[32m\x1b[1mLinking C shared library rosidl_generator_py/ur_dashboard_msgs/ur_dashboard_msgs_s__rosidl_typesupport_c.cpython-310-x86_64-linux-gnu.so\x1b[0m\n'}
[13.023044] (ur_dashboard_msgs) StdoutLine: {'line': b'[100%] Built target ur_dashboard_msgs__rosidl_typesupport_fastrtps_c__pyext\n'}
[13.023687] (ur_dashboard_msgs) StdoutLine: {'line': b'[100%] Built target ur_dashboard_msgs__rosidl_typesupport_introspection_c__pyext\n'}
[13.034746] (ur_dashboard_msgs) StdoutLine: {'line': b'[100%] Built target ur_dashboard_msgs__rosidl_typesupport_c__pyext\n'}
[13.041851] (-) TimerEvent: {}
[13.048583] (ur_dashboard_msgs) CommandEnded: {'returncode': 0}
[13.050780] (ur_dashboard_msgs) JobProgress: {'identifier': 'ur_dashboard_msgs', 'progress': 'install'}
[13.050860] (ur_dashboard_msgs) Command: {'cmd': ['/usr/bin/cmake', '--install', '/home/sonvu/ur_ws/build/ur_dashboard_msgs'], 'cwd': '/home/sonvu/ur_ws/build/ur_dashboard_msgs', 'env': OrderedDict([('LESSOPEN', '| /usr/bin/lesspipe %s'), ('LANGUAGE', 'en_US:en'), ('USER', 'sonvu'), ('LC_TIME', 'vi_VN'), ('XDG_SESSION_TYPE', 'wayland'), ('SHLVL', '1'), ('LD_LIBRARY_PATH', '/usr/lib/x86_64-linux-gnu/gazebo-11/plugins:/opt/ros/humble/opt/rviz_ogre_vendor/lib:/opt/ros/humble/lib/x86_64-linux-gnu:/opt/ros/humble/lib'), ('HOME', '/home/sonvu'), ('OLDPWD', '/home/sonvu'), ('DESKTOP_SESSION', 'ubuntu'), ('ROS_PYTHON_VERSION', '3'), ('GNOME_SHELL_SESSION_MODE', 'ubuntu'), ('GTK_MODULES', 'gail:atk-bridge'), ('LC_MONETARY', 'vi_VN'), ('SYSTEMD_EXEC_PID', '1840'), ('DBUS_SESSION_BUS_ADDRESS', 'unix:path=/run/user/1000/bus'), ('COLORTERM', 'truecolor'), ('IM_CONFIG_PHASE', '1'), ('WAYLAND_DISPLAY', 'wayland-0'), ('COLCON_PREFIX_PATH', '/home/sonvu/rtablc_base/install'), ('ROS_DISTRO', 'humble'), ('LOGNAME', 'sonvu'), ('_', '/usr/bin/colcon'), ('ROS_VERSION', '2'), ('XDG_SESSION_CLASS', 'user'), ('USERNAME', 'sonvu'), ('TERM', 'xterm-256color'), ('GNOME_DESKTOP_SESSION_ID', 'this-is-deprecated'), ('ROS_LOCALHOST_ONLY', '0'), ('PATH', '/opt/ros/humble/bin:/home/sonvu/.local/bin:/usr/local/sbin:/usr/local/bin:/usr/sbin:/usr/bin:/sbin:/bin:/usr/games:/usr/local/games:/snap/bin:/snap/bin'), ('SESSION_MANAGER', 'local/sonvu-Thin-15-B13UC:@/tmp/.ICE-unix/1810,unix/sonvu-Thin-15-B13UC:/tmp/.ICE-unix/1810'), ('PAPERSIZE', 'a4'), ('XDG_MENU_PREFIX', 'gnome-'), ('LC_ADDRESS', 'vi_VN'), ('GNOME_TERMINAL_SCREEN', '/org/gnome/Terminal/screen/13a4e776_53ad_4e87_90a5_551c296629db'), ('GNOME_SETUP_DISPLAY', ':1'), ('XDG_RUNTIME_DIR', '/run/user/1000'), ('DISPLAY', ':0'), ('LANG', 'en_US.UTF-8'), ('XDG_CURRENT_DESKTOP', 'ubuntu:GNOME'), ('LC_TELEPHONE', 'vi_VN'), ('XMODIFIERS', '@im=ibus'), ('XDG_SESSION_DESKTOP', 'ubuntu'), ('XAUTHORITY', '/run/user/1000/.mutter-Xwaylandauth.JB0DV3'), ('LS_COLORS', 'rs=0:di=01;34:ln=01;36:mh=00:pi=40;33:so=01;35:do=01;35:bd=40;33;01:cd=40;33;01:or=40;31;01:mi=00:su=37;41:sg=30;43:ca=30;41:tw=30;42:ow=34;42:st=37;44:ex=01;32:*.tar=01;31:*.tgz=01;31:*.arc=01;31:*.arj=01;31:*.taz=01;31:*.lha=01;31:*.lz4=01;31:*.lzh=01;31:*.lzma=01;31:*.tlz=01;31:*.txz=01;31:*.tzo=01;31:*.t7z=01;31:*.zip=01;31:*.z=01;31:*.dz=01;31:*.gz=01;31:*.lrz=01;31:*.lz=01;31:*.lzo=01;31:*.xz=01;31:*.zst=01;31:*.tzst=01;31:*.bz2=01;31:*.bz=01;31:*.tbz=01;31:*.tbz2=01;31:*.tz=01;31:*.deb=01;31:*.rpm=01;31:*.jar=01;31:*.war=01;31:*.ear=01;31:*.sar=01;31:*.rar=01;31:*.alz=01;31:*.ace=01;31:*.zoo=01;31:*.cpio=01;31:*.7z=01;31:*.rz=01;31:*.cab=01;31:*.wim=01;31:*.swm=01;31:*.dwm=01;31:*.esd=01;31:*.jpg=01;35:*.jpeg=01;35:*.mjpg=01;35:*.mjpeg=01;35:*.gif=01;35:*.bmp=01;35:*.pbm=01;35:*.pgm=01;35:*.ppm=01;35:*.tga=01;35:*.xbm=01;35:*.xpm=01;35:*.tif=01;35:*.tiff=01;35:*.png=01;35:*.svg=01;35:*.svgz=01;35:*.mng=01;35:*.pcx=01;35:*.mov=01;35:*.mpg=01;35:*.mpeg=01;35:*.m2v=01;35:*.mkv=01;35:*.webm=01;35:*.webp=01;35:*.ogm=01;35:*.mp4=01;35:*.m4v=01;35:*.mp4v=01;35:*.vob=01;35:*.qt=01;35:*.nuv=01;35:*.wmv=01;35:*.asf=01;35:*.rm=01;35:*.rmvb=01;35:*.flc=01;35:*.avi=01;35:*.fli=01;35:*.flv=01;35:*.gl=01;35:*.dl=01;35:*.xcf=01;35:*.xwd=01;35:*.yuv=01;35:*.cgm=01;35:*.emf=01;35:*.ogv=01;35:*.ogx=01;35:*.aac=00;36:*.au=00;36:*.flac=00;36:*.m4a=00;36:*.mid=00;36:*.midi=00;36:*.mka=00;36:*.mp3=00;36:*.mpc=00;36:*.ogg=00;36:*.ra=00;36:*.wav=00;36:*.oga=00;36:*.opus=00;36:*.spx=00;36:*.xspf=00;36:'), ('GNOME_TERMINAL_SERVICE', ':1.111'), ('SSH_AGENT_LAUNCHER', 'gnome-keyring'), ('SSH_AUTH_SOCK', '/run/user/1000/keyring/ssh'), ('AMENT_PREFIX_PATH', '/home/sonvu/rtablc_base/install/rtablc_experiment:/opt/ros/humble'), ('SHELL', '/bin/bash'), ('LC_NAME', 'vi_VN'), ('QT_ACCESSIBILITY', '1'), ('GDMSESSION', 'ubuntu'), ('LESSCLOSE', '/usr/bin/lesspipe %s %s'), ('LC_MEASUREMENT', 'vi_VN'), ('LC_IDENTIFICATION', 'vi_VN'), ('QT_IM_MODULE', 'ibus'), ('PWD', '/home/sonvu/ur_ws/build/ur_dashboard_msgs'), ('LC_ALL', 'en_US.UTF-8'), ('XDG_CONFIG_DIRS', '/etc/xdg/xdg-ubuntu:/etc/xdg'), ('XDG_DATA_DIRS', '/usr/share/ubuntu:/usr/local/share/:/usr/share/:/var/lib/snapd/desktop'), ('PYTHONPATH', '/home/sonvu/rtablc_base/build/rtablc_experiment:/home/sonvu/rtablc_base/install/rtablc_experiment/lib/python3.10/site-packages:/opt/ros/humble/lib/python3.10/site-packages:/opt/ros/humble/local/lib/python3.10/dist-packages'), ('LC_NUMERIC', 'vi_VN'), ('LC_PAPER', 'vi_VN'), ('COLCON', '1'), ('VTE_VERSION', '6800'), ('CMAKE_PREFIX_PATH', '/home/sonvu/rtablc_base/install/rtablc_experiment:/opt/ros/humble')]), 'shell': False}
[13.061783] (ur_dashboard_msgs) StdoutLine: {'line': b'-- Install configuration: ""\n'}
[13.063191] (ur_dashboard_msgs) StdoutLine: {'line': b'-- Execute custom install script\n'}
[13.063497] (ur_dashboard_msgs) StdoutLine: {'line': b'-- Symlinking: /home/sonvu/ur_ws/install/ur_dashboard_msgs/share/ament_index/resource_index/rosidl_interfaces/ur_dashboard_msgs\n'}
[13.075494] (ur_dashboard_msgs) StdoutLine: {'line': b'-- Symlinking: /home/sonvu/ur_ws/install/ur_dashboard_msgs/include/ur_dashboard_msgs/ur_dashboard_msgs/action/detail/set_mode__functions.h\n'}
[13.093283] (ur_dashboard_msgs) StdoutLine: {'line': b'-- Symlinking: /home/sonvu/ur_ws/install/ur_dashboard_msgs/include/ur_dashboard_msgs/ur_dashboard_msgs/action/detail/set_mode__struct.h\n'}
[13.113618] (ur_dashboard_msgs) StdoutLine: {'line': b'-- Symlinking: /home/sonvu/ur_ws/install/ur_dashboard_msgs/include/ur_dashboard_msgs/ur_dashboard_msgs/action/detail/set_mode__type_support.h\n'}
[13.135788] (ur_dashboard_msgs) StdoutLine: {'line': b'-- Symlinking: /home/sonvu/ur_ws/install/ur_dashboard_msgs/include/ur_dashboard_msgs/ur_dashboard_msgs/action/set_mode.h\n'}
[13.142096] (-) TimerEvent: {}
[13.147745] (ur_dashboard_msgs) StdoutLine: {'line': b'-- Symlinking: /home/sonvu/ur_ws/install/ur_dashboard_msgs/include/ur_dashboard_msgs/ur_dashboard_msgs/msg/detail/operational_mode__functions.h\n'}
[13.170432] (ur_dashboard_msgs) StdoutLine: {'line': b'-- Symlinking: /home/sonvu/ur_ws/install/ur_dashboard_msgs/include/ur_dashboard_msgs/ur_dashboard_msgs/msg/detail/operational_mode__struct.h\n'}
[13.188814] (ur_dashboard_msgs) StdoutLine: {'line': b'-- Symlinking: /home/sonvu/ur_ws/install/ur_dashboard_msgs/include/ur_dashboard_msgs/ur_dashboard_msgs/msg/detail/operational_mode__type_support.h\n'}
[13.199196] (ur_dashboard_msgs) StdoutLine: {'line': b'-- Symlinking: /home/sonvu/ur_ws/install/ur_dashboard_msgs/include/ur_dashboard_msgs/ur_dashboard_msgs/msg/detail/program_information__functions.h\n'}
[13.216268] (ur_dashboard_msgs) StdoutLine: {'line': b'-- Symlinking: /home/sonvu/ur_ws/install/ur_dashboard_msgs/include/ur_dashboard_msgs/ur_dashboard_msgs/msg/detail/program_information__struct.h\n'}
[13.234130] (ur_dashboard_msgs) StdoutLine: {'line': b'-- Symlinking: /home/sonvu/ur_ws/install/ur_dashboard_msgs/include/ur_dashboard_msgs/ur_dashboard_msgs/msg/detail/program_information__type_support.h\n'}
[13.242293] (-) TimerEvent: {}
[13.245591] (ur_dashboard_msgs) StdoutLine: {'line': b'-- Symlinking: /home/sonvu/ur_ws/install/ur_dashboard_msgs/include/ur_dashboard_msgs/ur_dashboard_msgs/msg/detail/program_state__functions.h\n'}
[13.254952] (ur_dashboard_msgs) StdoutLine: {'line': b'-- Symlinking: /home/sonvu/ur_ws/install/ur_dashboard_msgs/include/ur_dashboard_msgs/ur_dashboard_msgs/msg/detail/program_state__struct.h\n'}
[13.270594] (ur_dashboard_msgs) StdoutLine: {'line': b'-- Symlinking: /home/sonvu/ur_ws/install/ur_dashboard_msgs/include/ur_dashboard_msgs/ur_dashboard_msgs/msg/detail/program_state__type_support.h\n'}
[13.281610] (ur_dashboard_msgs) StdoutLine: {'line': b'-- Symlinking: /home/sonvu/ur_ws/install/ur_dashboard_msgs/include/ur_dashboard_msgs/ur_dashboard_msgs/msg/detail/robot_mode__functions.h\n'}
[13.292556] (ur_dashboard_msgs) StdoutLine: {'line': b'-- Symlinking: /home/sonvu/ur_ws/install/ur_dashboard_msgs/include/ur_dashboard_msgs/ur_dashboard_msgs/msg/detail/robot_mode__struct.h\n'}
[13.311092] (ur_dashboard_msgs) StdoutLine: {'line': b'-- Symlinking: /home/sonvu/ur_ws/install/ur_dashboard_msgs/include/ur_dashboard_msgs/ur_dashboard_msgs/msg/detail/robot_mode__type_support.h\n'}
[13.326369] (ur_dashboard_msgs) StdoutLine: {'line': b'-- Symlinking: /home/sonvu/ur_ws/install/ur_dashboard_msgs/include/ur_dashboard_msgs/ur_dashboard_msgs/msg/detail/safety_mode__functions.h\n'}
[13.339052] (ur_dashboard_msgs) StdoutLine: {'line': b'-- Symlinking: /home/sonvu/ur_ws/install/ur_dashboard_msgs/include/ur_dashboard_msgs/ur_dashboard_msgs/msg/detail/safety_mode__struct.h\n'}
[13.342500] (-) TimerEvent: {}
[13.354757] (ur_dashboard_msgs) StdoutLine: {'line': b'-- Symlinking: /home/sonvu/ur_ws/install/ur_dashboard_msgs/include/ur_dashboard_msgs/ur_dashboard_msgs/msg/detail/safety_mode__type_support.h\n'}
[13.371620] (ur_dashboard_msgs) StdoutLine: {'line': b'-- Symlinking: /home/sonvu/ur_ws/install/ur_dashboard_msgs/include/ur_dashboard_msgs/ur_dashboard_msgs/msg/detail/safety_status__functions.h\n'}
[13.393650] (ur_dashboard_msgs) StdoutLine: {'line': b'-- Symlinking: /home/sonvu/ur_ws/install/ur_dashboard_msgs/include/ur_dashboard_msgs/ur_dashboard_msgs/msg/detail/safety_status__struct.h\n'}
[13.406051] (ur_dashboard_msgs) StdoutLine: {'line': b'-- Symlinking: /home/sonvu/ur_ws/install/ur_dashboard_msgs/include/ur_dashboard_msgs/ur_dashboard_msgs/msg/detail/safety_status__type_support.h\n'}
[13.417403] (ur_dashboard_msgs) StdoutLine: {'line': b'-- Symlinking: /home/sonvu/ur_ws/install/ur_dashboard_msgs/include/ur_dashboard_msgs/ur_dashboard_msgs/msg/detail/user_role__functions.h\n'}
[13.430265] (ur_dashboard_msgs) StdoutLine: {'line': b'-- Symlinking: /home/sonvu/ur_ws/install/ur_dashboard_msgs/include/ur_dashboard_msgs/ur_dashboard_msgs/msg/detail/user_role__struct.h\n'}
[13.439930] (ur_dashboard_msgs) StdoutLine: {'line': b'-- Symlinking: /home/sonvu/ur_ws/install/ur_dashboard_msgs/include/ur_dashboard_msgs/ur_dashboard_msgs/msg/detail/user_role__type_support.h\n'}
[13.442559] (-) TimerEvent: {}
[13.445268] (ur_dashboard_msgs) StdoutLine: {'line': b'-- Symlinking: /home/sonvu/ur_ws/install/ur_dashboard_msgs/include/ur_dashboard_msgs/ur_dashboard_msgs/msg/detail/version_information__functions.h\n'}
[13.451243] (ur_dashboard_msgs) StdoutLine: {'line': b'-- Symlinking: /home/sonvu/ur_ws/install/ur_dashboard_msgs/include/ur_dashboard_msgs/ur_dashboard_msgs/msg/detail/version_information__struct.h\n'}
[13.459014] (ur_dashboard_msgs) StdoutLine: {'line': b'-- Symlinking: /home/sonvu/ur_ws/install/ur_dashboard_msgs/include/ur_dashboard_msgs/ur_dashboard_msgs/msg/detail/version_information__type_support.h\n'}
[13.465226] (ur_dashboard_msgs) StdoutLine: {'line': b'-- Symlinking: /home/sonvu/ur_ws/install/ur_dashboard_msgs/include/ur_dashboard_msgs/ur_dashboard_msgs/msg/operational_mode.h\n'}
[13.474856] (ur_dashboard_msgs) StdoutLine: {'line': b'-- Symlinking: /home/sonvu/ur_ws/install/ur_dashboard_msgs/include/ur_dashboard_msgs/ur_dashboard_msgs/msg/program_information.h\n'}
[13.481405] (ur_dashboard_msgs) StdoutLine: {'line': b'-- Symlinking: /home/sonvu/ur_ws/install/ur_dashboard_msgs/include/ur_dashboard_msgs/ur_dashboard_msgs/msg/program_state.h\n'}
[13.490106] (ur_dashboard_msgs) StdoutLine: {'line': b'-- Symlinking: /home/sonvu/ur_ws/install/ur_dashboard_msgs/include/ur_dashboard_msgs/ur_dashboard_msgs/msg/robot_mode.h\n'}
[13.496543] (ur_dashboard_msgs) StdoutLine: {'line': b'-- Symlinking: /home/sonvu/ur_ws/install/ur_dashboard_msgs/include/ur_dashboard_msgs/ur_dashboard_msgs/msg/rosidl_generator_c__visibility_control.h\n'}
[13.504987] (ur_dashboard_msgs) StdoutLine: {'line': b'-- Symlinking: /home/sonvu/ur_ws/install/ur_dashboard_msgs/include/ur_dashboard_msgs/ur_dashboard_msgs/msg/safety_mode.h\n'}
[13.510913] (ur_dashboard_msgs) StdoutLine: {'line': b'-- Symlinking: /home/sonvu/ur_ws/install/ur_dashboard_msgs/include/ur_dashboard_msgs/ur_dashboard_msgs/msg/safety_status.h\n'}
[13.517150] (ur_dashboard_msgs) StdoutLine: {'line': b'-- Symlinking: /home/sonvu/ur_ws/install/ur_dashboard_msgs/include/ur_dashboard_msgs/ur_dashboard_msgs/msg/user_role.h\n'}
[13.524728] (ur_dashboard_msgs) StdoutLine: {'line': b'-- Symlinking: /home/sonvu/ur_ws/install/ur_dashboard_msgs/include/ur_dashboard_msgs/ur_dashboard_msgs/msg/version_information.h\n'}
[13.531553] (ur_dashboard_msgs) StdoutLine: {'line': b'-- Symlinking: /home/sonvu/ur_ws/install/ur_dashboard_msgs/include/ur_dashboard_msgs/ur_dashboard_msgs/srv/add_to_log.h\n'}
[13.539156] (ur_dashboard_msgs) StdoutLine: {'line': b'-- Symlinking: /home/sonvu/ur_ws/install/ur_dashboard_msgs/include/ur_dashboard_msgs/ur_dashboard_msgs/srv/detail/add_to_log__functions.h\n'}
[13.542630] (-) TimerEvent: {}
[13.544722] (ur_dashboard_msgs) StdoutLine: {'line': b'-- Symlinking: /home/sonvu/ur_ws/install/ur_dashboard_msgs/include/ur_dashboard_msgs/ur_dashboard_msgs/srv/detail/add_to_log__struct.h\n'}
[13.550269] (ur_dashboard_msgs) StdoutLine: {'line': b'-- Symlinking: /home/sonvu/ur_ws/install/ur_dashboard_msgs/include/ur_dashboard_msgs/ur_dashboard_msgs/srv/detail/add_to_log__type_support.h\n'}
[13.558066] (ur_dashboard_msgs) StdoutLine: {'line': b'-- Symlinking: /home/sonvu/ur_ws/install/ur_dashboard_msgs/include/ur_dashboard_msgs/ur_dashboard_msgs/srv/detail/download_program__functions.h\n'}
[13.567312] (ur_dashboard_msgs) StdoutLine: {'line': b'-- Symlinking: /home/sonvu/ur_ws/install/ur_dashboard_msgs/include/ur_dashboard_msgs/ur_dashboard_msgs/srv/detail/download_program__struct.h\n'}
[13.583450] (ur_dashboard_msgs) StdoutLine: {'line': b'-- Symlinking: /home/sonvu/ur_ws/install/ur_dashboard_msgs/include/ur_dashboard_msgs/ur_dashboard_msgs/srv/detail/download_program__type_support.h\n'}
[13.601072] (ur_dashboard_msgs) StdoutLine: {'line': b'-- Symlinking: /home/sonvu/ur_ws/install/ur_dashboard_msgs/include/ur_dashboard_msgs/ur_dashboard_msgs/srv/detail/download_support_file__functions.h\n'}
[13.613786] (ur_dashboard_msgs) StdoutLine: {'line': b'-- Symlinking: /home/sonvu/ur_ws/install/ur_dashboard_msgs/include/ur_dashboard_msgs/ur_dashboard_msgs/srv/detail/download_support_file__struct.h\n'}
[13.626069] (ur_dashboard_msgs) StdoutLine: {'line': b'-- Symlinking: /home/sonvu/ur_ws/install/ur_dashboard_msgs/include/ur_dashboard_msgs/ur_dashboard_msgs/srv/detail/download_support_file__type_support.h\n'}
[13.642000] (ur_dashboard_msgs) StdoutLine: {'line': b'-- Symlinking: /home/sonvu/ur_ws/install/ur_dashboard_msgs/include/ur_dashboard_msgs/ur_dashboard_msgs/srv/detail/generate_flight_report__functions.h\n'}
[13.642726] (-) TimerEvent: {}
[13.667371] (ur_dashboard_msgs) StdoutLine: {'line': b'-- Symlinking: /home/sonvu/ur_ws/install/ur_dashboard_msgs/include/ur_dashboard_msgs/ur_dashboard_msgs/srv/detail/generate_flight_report__struct.h\n'}
[13.683178] (ur_dashboard_msgs) StdoutLine: {'line': b'-- Symlinking: /home/sonvu/ur_ws/install/ur_dashboard_msgs/include/ur_dashboard_msgs/ur_dashboard_msgs/srv/detail/generate_flight_report__type_support.h\n'}
[13.693112] (ur_dashboard_msgs) StdoutLine: {'line': b'-- Symlinking: /home/sonvu/ur_ws/install/ur_dashboard_msgs/include/ur_dashboard_msgs/ur_dashboard_msgs/srv/detail/generate_support_file__functions.h\n'}
[13.706783] (ur_dashboard_msgs) StdoutLine: {'line': b'-- Symlinking: /home/sonvu/ur_ws/install/ur_dashboard_msgs/include/ur_dashboard_msgs/ur_dashboard_msgs/srv/detail/generate_support_file__struct.h\n'}
[13.726481] (ur_dashboard_msgs) StdoutLine: {'line': b'-- Symlinking: /home/sonvu/ur_ws/install/ur_dashboard_msgs/include/ur_dashboard_msgs/ur_dashboard_msgs/srv/detail/generate_support_file__type_support.h\n'}
[13.742949] (-) TimerEvent: {}
[13.746201] (ur_dashboard_msgs) StdoutLine: {'line': b'-- Symlinking: /home/sonvu/ur_ws/install/ur_dashboard_msgs/include/ur_dashboard_msgs/ur_dashboard_msgs/srv/detail/get_loaded_program__functions.h\n'}
[13.758841] (ur_dashboard_msgs) StdoutLine: {'line': b'-- Symlinking: /home/sonvu/ur_ws/install/ur_dashboard_msgs/include/ur_dashboard_msgs/ur_dashboard_msgs/srv/detail/get_loaded_program__struct.h\n'}
[13.771247] (ur_dashboard_msgs) StdoutLine: {'line': b'-- Symlinking: /home/sonvu/ur_ws/install/ur_dashboard_msgs/include/ur_dashboard_msgs/ur_dashboard_msgs/srv/detail/get_loaded_program__type_support.h\n'}
[13.787462] (ur_dashboard_msgs) StdoutLine: {'line': b'-- Symlinking: /home/sonvu/ur_ws/install/ur_dashboard_msgs/include/ur_dashboard_msgs/ur_dashboard_msgs/srv/detail/get_operational_mode__functions.h\n'}
[13.804628] (ur_dashboard_msgs) StdoutLine: {'line': b'-- Symlinking: /home/sonvu/ur_ws/install/ur_dashboard_msgs/include/ur_dashboard_msgs/ur_dashboard_msgs/srv/detail/get_operational_mode__struct.h\n'}
[13.824453] (ur_dashboard_msgs) StdoutLine: {'line': b'-- Symlinking: /home/sonvu/ur_ws/install/ur_dashboard_msgs/include/ur_dashboard_msgs/ur_dashboard_msgs/srv/detail/get_operational_mode__type_support.h\n'}
[13.840230] (ur_dashboard_msgs) StdoutLine: {'line': b'-- Symlinking: /home/sonvu/ur_ws/install/ur_dashboard_msgs/include/ur_dashboard_msgs/ur_dashboard_msgs/srv/detail/get_poly_scope_version__functions.h\n'}
[13.843030] (-) TimerEvent: {}
[13.853980] (ur_dashboard_msgs) StdoutLine: {'line': b'-- Symlinking: /home/sonvu/ur_ws/install/ur_dashboard_msgs/include/ur_dashboard_msgs/ur_dashboard_msgs/srv/detail/get_poly_scope_version__struct.h\n'}
[13.875026] (ur_dashboard_msgs) StdoutLine: {'line': b'-- Symlinking: /home/sonvu/ur_ws/install/ur_dashboard_msgs/include/ur_dashboard_msgs/ur_dashboard_msgs/srv/detail/get_poly_scope_version__type_support.h\n'}
[13.895200] (ur_dashboard_msgs) StdoutLine: {'line': b'-- Symlinking: /home/sonvu/ur_ws/install/ur_dashboard_msgs/include/ur_dashboard_msgs/ur_dashboard_msgs/srv/detail/get_program_state__functions.h\n'}
[13.913350] (ur_dashboard_msgs) StdoutLine: {'line': b'-- Symlinking: /home/sonvu/ur_ws/install/ur_dashboard_msgs/include/ur_dashboard_msgs/ur_dashboard_msgs/srv/detail/get_program_state__struct.h\n'}
[13.921090] (ur_dashboard_msgs) StdoutLine: {'line': b'-- Symlinking: /home/sonvu/ur_ws/install/ur_dashboard_msgs/include/ur_dashboard_msgs/ur_dashboard_msgs/srv/detail/get_program_state__type_support.h\n'}
[13.932213] (ur_dashboard_msgs) StdoutLine: {'line': b'-- Symlinking: /home/sonvu/ur_ws/install/ur_dashboard_msgs/include/ur_dashboard_msgs/ur_dashboard_msgs/srv/detail/get_programs__functions.h\n'}
[13.942257] (ur_dashboard_msgs) StdoutLine: {'line': b'-- Symlinking: /home/sonvu/ur_ws/install/ur_dashboard_msgs/include/ur_dashboard_msgs/ur_dashboard_msgs/srv/detail/get_programs__struct.h\n'}
[13.943198] (-) TimerEvent: {}
[13.949522] (ur_dashboard_msgs) StdoutLine: {'line': b'-- Symlinking: /home/sonvu/ur_ws/install/ur_dashboard_msgs/include/ur_dashboard_msgs/ur_dashboard_msgs/srv/detail/get_programs__type_support.h\n'}
[13.957953] (ur_dashboard_msgs) StdoutLine: {'line': b'-- Symlinking: /home/sonvu/ur_ws/install/ur_dashboard_msgs/include/ur_dashboard_msgs/ur_dashboard_msgs/srv/detail/get_robot_mode__functions.h\n'}
[13.964183] (ur_dashboard_msgs) StdoutLine: {'line': b'-- Symlinking: /home/sonvu/ur_ws/install/ur_dashboard_msgs/include/ur_dashboard_msgs/ur_dashboard_msgs/srv/detail/get_robot_mode__struct.h\n'}
[13.971071] (ur_dashboard_msgs) StdoutLine: {'line': b'-- Symlinking: /home/sonvu/ur_ws/install/ur_dashboard_msgs/include/ur_dashboard_msgs/ur_dashboard_msgs/srv/detail/get_robot_mode__type_support.h\n'}
[13.983677] (ur_dashboard_msgs) StdoutLine: {'line': b'-- Symlinking: /home/sonvu/ur_ws/install/ur_dashboard_msgs/include/ur_dashboard_msgs/ur_dashboard_msgs/srv/detail/get_robot_model__functions.h\n'}
[13.997794] (ur_dashboard_msgs) StdoutLine: {'line': b'-- Symlinking: /home/sonvu/ur_ws/install/ur_dashboard_msgs/include/ur_dashboard_msgs/ur_dashboard_msgs/srv/detail/get_robot_model__struct.h\n'}
[14.012251] (ur_dashboard_msgs) StdoutLine: {'line': b'-- Symlinking: /home/sonvu/ur_ws/install/ur_dashboard_msgs/include/ur_dashboard_msgs/ur_dashboard_msgs/srv/detail/get_robot_model__type_support.h\n'}
[14.026178] (ur_dashboard_msgs) StdoutLine: {'line': b'-- Symlinking: /home/sonvu/ur_ws/install/ur_dashboard_msgs/include/ur_dashboard_msgs/ur_dashboard_msgs/srv/detail/get_safety_mode__functions.h\n'}
[14.041235] (ur_dashboard_msgs) StdoutLine: {'line': b'-- Symlinking: /home/sonvu/ur_ws/install/ur_dashboard_msgs/include/ur_dashboard_msgs/ur_dashboard_msgs/srv/detail/get_safety_mode__struct.h\n'}
[14.043481] (-) TimerEvent: {}
[14.066241] (ur_dashboard_msgs) StdoutLine: {'line': b'-- Symlinking: /home/sonvu/ur_ws/install/ur_dashboard_msgs/include/ur_dashboard_msgs/ur_dashboard_msgs/srv/detail/get_safety_mode__type_support.h\n'}
[14.087129] (ur_dashboard_msgs) StdoutLine: {'line': b'-- Symlinking: /home/sonvu/ur_ws/install/ur_dashboard_msgs/include/ur_dashboard_msgs/ur_dashboard_msgs/srv/detail/get_safety_status__functions.h\n'}
[14.108353] (ur_dashboard_msgs) StdoutLine: {'line': b'-- Symlinking: /home/sonvu/ur_ws/install/ur_dashboard_msgs/include/ur_dashboard_msgs/ur_dashboard_msgs/srv/detail/get_safety_status__struct.h\n'}
[14.119125] (ur_dashboard_msgs) StdoutLine: {'line': b'-- Symlinking: /home/sonvu/ur_ws/install/ur_dashboard_msgs/include/ur_dashboard_msgs/ur_dashboard_msgs/srv/detail/get_safety_status__type_support.h\n'}
[14.133104] (ur_dashboard_msgs) StdoutLine: {'line': b'-- Symlinking: /home/sonvu/ur_ws/install/ur_dashboard_msgs/include/ur_dashboard_msgs/ur_dashboard_msgs/srv/detail/get_serial_number__functions.h\n'}
[14.143598] (-) TimerEvent: {}
[14.149717] (ur_dashboard_msgs) StdoutLine: {'line': b'-- Symlinking: /home/sonvu/ur_ws/install/ur_dashboard_msgs/include/ur_dashboard_msgs/ur_dashboard_msgs/srv/detail/get_serial_number__struct.h\n'}
[14.172481] (ur_dashboard_msgs) StdoutLine: {'line': b'-- Symlinking: /home/sonvu/ur_ws/install/ur_dashboard_msgs/include/ur_dashboard_msgs/ur_dashboard_msgs/srv/detail/get_serial_number__type_support.h\n'}
[14.192736] (ur_dashboard_msgs) StdoutLine: {'line': b'-- Symlinking: /home/sonvu/ur_ws/install/ur_dashboard_msgs/include/ur_dashboard_msgs/ur_dashboard_msgs/srv/detail/get_user_role__functions.h\n'}
[14.208235] (ur_dashboard_msgs) StdoutLine: {'line': b'-- Symlinking: /home/sonvu/ur_ws/install/ur_dashboard_msgs/include/ur_dashboard_msgs/ur_dashboard_msgs/srv/detail/get_user_role__struct.h\n'}
[14.223579] (ur_dashboard_msgs) StdoutLine: {'line': b'-- Symlinking: /home/sonvu/ur_ws/install/ur_dashboard_msgs/include/ur_dashboard_msgs/ur_dashboard_msgs/srv/detail/get_user_role__type_support.h\n'}
[14.231526] (ur_dashboard_msgs) StdoutLine: {'line': b'-- Symlinking: /home/sonvu/ur_ws/install/ur_dashboard_msgs/include/ur_dashboard_msgs/ur_dashboard_msgs/srv/detail/is_in_remote_control__functions.h\n'}
[14.243097] (ur_dashboard_msgs) StdoutLine: {'line': b'-- Symlinking: /home/sonvu/ur_ws/install/ur_dashboard_msgs/include/ur_dashboard_msgs/ur_dashboard_msgs/srv/detail/is_in_remote_control__struct.h\n'}
[14.243674] (-) TimerEvent: {}
[14.260703] (ur_dashboard_msgs) StdoutLine: {'line': b'-- Symlinking: /home/sonvu/ur_ws/install/ur_dashboard_msgs/include/ur_dashboard_msgs/ur_dashboard_msgs/srv/detail/is_in_remote_control__type_support.h\n'}
[14.276125] (ur_dashboard_msgs) StdoutLine: {'line': b'-- Symlinking: /home/sonvu/ur_ws/install/ur_dashboard_msgs/include/ur_dashboard_msgs/ur_dashboard_msgs/srv/detail/is_program_running__functions.h\n'}
[14.288249] (ur_dashboard_msgs) StdoutLine: {'line': b'-- Symlinking: /home/sonvu/ur_ws/install/ur_dashboard_msgs/include/ur_dashboard_msgs/ur_dashboard_msgs/srv/detail/is_program_running__struct.h\n'}
[14.299212] (ur_dashboard_msgs) StdoutLine: {'line': b'-- Symlinking: /home/sonvu/ur_ws/install/ur_dashboard_msgs/include/ur_dashboard_msgs/ur_dashboard_msgs/srv/detail/is_program_running__type_support.h\n'}
[14.314290] (ur_dashboard_msgs) StdoutLine: {'line': b'-- Symlinking: /home/sonvu/ur_ws/install/ur_dashboard_msgs/include/ur_dashboard_msgs/ur_dashboard_msgs/srv/detail/is_program_saved__functions.h\n'}
[14.328914] (ur_dashboard_msgs) StdoutLine: {'line': b'-- Symlinking: /home/sonvu/ur_ws/install/ur_dashboard_msgs/include/ur_dashboard_msgs/ur_dashboard_msgs/srv/detail/is_program_saved__struct.h\n'}
[14.343939] (-) TimerEvent: {}
[14.347195] (ur_dashboard_msgs) StdoutLine: {'line': b'-- Symlinking: /home/sonvu/ur_ws/install/ur_dashboard_msgs/include/ur_dashboard_msgs/ur_dashboard_msgs/srv/detail/is_program_saved__type_support.h\n'}
[14.367656] (ur_dashboard_msgs) StdoutLine: {'line': b'-- Symlinking: /home/sonvu/ur_ws/install/ur_dashboard_msgs/include/ur_dashboard_msgs/ur_dashboard_msgs/srv/detail/load__functions.h\n'}
[14.381647] (ur_dashboard_msgs) StdoutLine: {'line': b'-- Symlinking: /home/sonvu/ur_ws/install/ur_dashboard_msgs/include/ur_dashboard_msgs/ur_dashboard_msgs/srv/detail/load__struct.h\n'}
[14.394227] (ur_dashboard_msgs) StdoutLine: {'line': b'-- Symlinking: /home/sonvu/ur_ws/install/ur_dashboard_msgs/include/ur_dashboard_msgs/ur_dashboard_msgs/srv/detail/load__type_support.h\n'}
[14.409911] (ur_dashboard_msgs) StdoutLine: {'line': b'-- Symlinking: /home/sonvu/ur_ws/install/ur_dashboard_msgs/include/ur_dashboard_msgs/ur_dashboard_msgs/srv/detail/popup__functions.h\n'}
[14.424430] (ur_dashboard_msgs) StdoutLine: {'line': b'-- Symlinking: /home/sonvu/ur_ws/install/ur_dashboard_msgs/include/ur_dashboard_msgs/ur_dashboard_msgs/srv/detail/popup__struct.h\n'}
[14.433135] (ur_dashboard_msgs) StdoutLine: {'line': b'-- Symlinking: /home/sonvu/ur_ws/install/ur_dashboard_msgs/include/ur_dashboard_msgs/ur_dashboard_msgs/srv/detail/popup__type_support.h\n'}
[14.443264] (ur_dashboard_msgs) StdoutLine: {'line': b'-- Symlinking: /home/sonvu/ur_ws/install/ur_dashboard_msgs/include/ur_dashboard_msgs/ur_dashboard_msgs/srv/detail/raw_request__functions.h\n'}
[14.444128] (-) TimerEvent: {}
[14.454512] (ur_dashboard_msgs) StdoutLine: {'line': b'-- Symlinking: /home/sonvu/ur_ws/install/ur_dashboard_msgs/include/ur_dashboard_msgs/ur_dashboard_msgs/srv/detail/raw_request__struct.h\n'}
[14.465124] (ur_dashboard_msgs) StdoutLine: {'line': b'-- Symlinking: /home/sonvu/ur_ws/install/ur_dashboard_msgs/include/ur_dashboard_msgs/ur_dashboard_msgs/srv/detail/raw_request__type_support.h\n'}
[14.477688] (ur_dashboard_msgs) StdoutLine: {'line': b'-- Symlinking: /home/sonvu/ur_ws/install/ur_dashboard_msgs/include/ur_dashboard_msgs/ur_dashboard_msgs/srv/detail/set_operational_mode__functions.h\n'}
[14.494395] (ur_dashboard_msgs) StdoutLine: {'line': b'-- Symlinking: /home/sonvu/ur_ws/install/ur_dashboard_msgs/include/ur_dashboard_msgs/ur_dashboard_msgs/srv/detail/set_operational_mode__struct.h\n'}
[14.510370] (ur_dashboard_msgs) StdoutLine: {'line': b'-- Symlinking: /home/sonvu/ur_ws/install/ur_dashboard_msgs/include/ur_dashboard_msgs/ur_dashboard_msgs/srv/detail/set_operational_mode__type_support.h\n'}
[14.525209] (ur_dashboard_msgs) StdoutLine: {'line': b'-- Symlinking: /home/sonvu/ur_ws/install/ur_dashboard_msgs/include/ur_dashboard_msgs/ur_dashboard_msgs/srv/detail/set_user_role__functions.h\n'}
[14.539915] (ur_dashboard_msgs) StdoutLine: {'line': b'-- Symlinking: /home/sonvu/ur_ws/install/ur_dashboard_msgs/include/ur_dashboard_msgs/ur_dashboard_msgs/srv/detail/set_user_role__struct.h\n'}
[14.544339] (-) TimerEvent: {}
[14.556061] (ur_dashboard_msgs) StdoutLine: {'line': b'-- Symlinking: /home/sonvu/ur_ws/install/ur_dashboard_msgs/include/ur_dashboard_msgs/ur_dashboard_msgs/srv/detail/set_user_role__type_support.h\n'}
[14.576066] (ur_dashboard_msgs) StdoutLine: {'line': b'-- Symlinking: /home/sonvu/ur_ws/install/ur_dashboard_msgs/include/ur_dashboard_msgs/ur_dashboard_msgs/srv/detail/upload_program__functions.h\n'}
[14.585887] (ur_dashboard_msgs) StdoutLine: {'line': b'-- Symlinking: /home/sonvu/ur_ws/install/ur_dashboard_msgs/include/ur_dashboard_msgs/ur_dashboard_msgs/srv/detail/upload_program__struct.h\n'}
[14.594588] (ur_dashboard_msgs) StdoutLine: {'line': b'-- Symlinking: /home/sonvu/ur_ws/install/ur_dashboard_msgs/include/ur_dashboard_msgs/ur_dashboard_msgs/srv/detail/upload_program__type_support.h\n'}
[14.610295] (ur_dashboard_msgs) StdoutLine: {'line': b'-- Symlinking: /home/sonvu/ur_ws/install/ur_dashboard_msgs/include/ur_dashboard_msgs/ur_dashboard_msgs/srv/download_program.h\n'}
[14.623727] (ur_dashboard_msgs) StdoutLine: {'line': b'-- Symlinking: /home/sonvu/ur_ws/install/ur_dashboard_msgs/include/ur_dashboard_msgs/ur_dashboard_msgs/srv/download_support_file.h\n'}
[14.638130] (ur_dashboard_msgs) StdoutLine: {'line': b'-- Symlinking: /home/sonvu/ur_ws/install/ur_dashboard_msgs/include/ur_dashboard_msgs/ur_dashboard_msgs/srv/generate_flight_report.h\n'}
[14.644586] (-) TimerEvent: {}
[14.655915] (ur_dashboard_msgs) StdoutLine: {'line': b'-- Symlinking: /home/sonvu/ur_ws/install/ur_dashboard_msgs/include/ur_dashboard_msgs/ur_dashboard_msgs/srv/generate_support_file.h\n'}
[14.666553] (ur_dashboard_msgs) StdoutLine: {'line': b'-- Symlinking: /home/sonvu/ur_ws/install/ur_dashboard_msgs/include/ur_dashboard_msgs/ur_dashboard_msgs/srv/get_loaded_program.h\n'}
[14.672116] (ur_dashboard_msgs) StdoutLine: {'line': b'-- Symlinking: /home/sonvu/ur_ws/install/ur_dashboard_msgs/include/ur_dashboard_msgs/ur_dashboard_msgs/srv/get_operational_mode.h\n'}
[14.679064] (ur_dashboard_msgs) StdoutLine: {'line': b'-- Symlinking: /home/sonvu/ur_ws/install/ur_dashboard_msgs/include/ur_dashboard_msgs/ur_dashboard_msgs/srv/get_poly_scope_version.h\n'}
[14.687559] (ur_dashboard_msgs) StdoutLine: {'line': b'-- Symlinking: /home/sonvu/ur_ws/install/ur_dashboard_msgs/include/ur_dashboard_msgs/ur_dashboard_msgs/srv/get_program_state.h\n'}
[14.696125] (ur_dashboard_msgs) StdoutLine: {'line': b'-- Symlinking: /home/sonvu/ur_ws/install/ur_dashboard_msgs/include/ur_dashboard_msgs/ur_dashboard_msgs/srv/get_programs.h\n'}
[14.709045] (ur_dashboard_msgs) StdoutLine: {'line': b'-- Symlinking: /home/sonvu/ur_ws/install/ur_dashboard_msgs/include/ur_dashboard_msgs/ur_dashboard_msgs/srv/get_robot_mode.h\n'}
[14.721950] (ur_dashboard_msgs) StdoutLine: {'line': b'-- Symlinking: /home/sonvu/ur_ws/install/ur_dashboard_msgs/include/ur_dashboard_msgs/ur_dashboard_msgs/srv/get_robot_model.h\n'}
[14.734121] (ur_dashboard_msgs) StdoutLine: {'line': b'-- Symlinking: /home/sonvu/ur_ws/install/ur_dashboard_msgs/include/ur_dashboard_msgs/ur_dashboard_msgs/srv/get_safety_mode.h\n'}
[14.744649] (-) TimerEvent: {}
[14.745237] (ur_dashboard_msgs) StdoutLine: {'line': b'-- Symlinking: /home/sonvu/ur_ws/install/ur_dashboard_msgs/include/ur_dashboard_msgs/ur_dashboard_msgs/srv/get_safety_status.h\n'}
[14.752661] (ur_dashboard_msgs) StdoutLine: {'line': b'-- Symlinking: /home/sonvu/ur_ws/install/ur_dashboard_msgs/include/ur_dashboard_msgs/ur_dashboard_msgs/srv/get_serial_number.h\n'}
[14.760006] (ur_dashboard_msgs) StdoutLine: {'line': b'-- Symlinking: /home/sonvu/ur_ws/install/ur_dashboard_msgs/include/ur_dashboard_msgs/ur_dashboard_msgs/srv/get_user_role.h\n'}
[14.766786] (ur_dashboard_msgs) StdoutLine: {'line': b'-- Symlinking: /home/sonvu/ur_ws/install/ur_dashboard_msgs/include/ur_dashboard_msgs/ur_dashboard_msgs/srv/is_in_remote_control.h\n'}
[14.774770] (ur_dashboard_msgs) StdoutLine: {'line': b'-- Symlinking: /home/sonvu/ur_ws/install/ur_dashboard_msgs/include/ur_dashboard_msgs/ur_dashboard_msgs/srv/is_program_running.h\n'}
[14.780297] (ur_dashboard_msgs) StdoutLine: {'line': b'-- Symlinking: /home/sonvu/ur_ws/install/ur_dashboard_msgs/include/ur_dashboard_msgs/ur_dashboard_msgs/srv/is_program_saved.h\n'}
[14.789074] (ur_dashboard_msgs) StdoutLine: {'line': b'-- Symlinking: /home/sonvu/ur_ws/install/ur_dashboard_msgs/include/ur_dashboard_msgs/ur_dashboard_msgs/srv/load.h\n'}
[14.795146] (ur_dashboard_msgs) StdoutLine: {'line': b'-- Symlinking: /home/sonvu/ur_ws/install/ur_dashboard_msgs/include/ur_dashboard_msgs/ur_dashboard_msgs/srv/popup.h\n'}
[14.801094] (ur_dashboard_msgs) StdoutLine: {'line': b'-- Symlinking: /home/sonvu/ur_ws/install/ur_dashboard_msgs/include/ur_dashboard_msgs/ur_dashboard_msgs/srv/raw_request.h\n'}
[14.806732] (ur_dashboard_msgs) StdoutLine: {'line': b'-- Symlinking: /home/sonvu/ur_ws/install/ur_dashboard_msgs/include/ur_dashboard_msgs/ur_dashboard_msgs/srv/set_operational_mode.h\n'}
[14.813166] (ur_dashboard_msgs) StdoutLine: {'line': b'-- Symlinking: /home/sonvu/ur_ws/install/ur_dashboard_msgs/include/ur_dashboard_msgs/ur_dashboard_msgs/srv/set_user_role.h\n'}
[14.819188] (ur_dashboard_msgs) StdoutLine: {'line': b'-- Symlinking: /home/sonvu/ur_ws/install/ur_dashboard_msgs/include/ur_dashboard_msgs/ur_dashboard_msgs/srv/upload_program.h\n'}
[14.825059] (ur_dashboard_msgs) StdoutLine: {'line': b'-- Symlinking: /home/sonvu/ur_ws/install/ur_dashboard_msgs/share/ur_dashboard_msgs/environment/library_path.sh\n'}
[14.830324] (ur_dashboard_msgs) StdoutLine: {'line': b'-- Symlinking: /home/sonvu/ur_ws/install/ur_dashboard_msgs/share/ur_dashboard_msgs/environment/library_path.dsv\n'}
[14.837570] (ur_dashboard_msgs) StdoutLine: {'line': b'-- Symlinking: /home/sonvu/ur_ws/install/ur_dashboard_msgs/include/ur_dashboard_msgs/ur_dashboard_msgs/action/detail/set_mode__rosidl_typesupport_fastrtps_c.h\n'}
[14.843960] (ur_dashboard_msgs) StdoutLine: {'line': b'-- Symlinking: /home/sonvu/ur_ws/install/ur_dashboard_msgs/include/ur_dashboard_msgs/ur_dashboard_msgs/msg/detail/operational_mode__rosidl_typesupport_fastrtps_c.h\n'}
[14.844709] (-) TimerEvent: {}
[14.849284] (ur_dashboard_msgs) StdoutLine: {'line': b'-- Symlinking: /home/sonvu/ur_ws/install/ur_dashboard_msgs/include/ur_dashboard_msgs/ur_dashboard_msgs/msg/detail/program_information__rosidl_typesupport_fastrtps_c.h\n'}
[14.855888] (ur_dashboard_msgs) StdoutLine: {'line': b'-- Symlinking: /home/sonvu/ur_ws/install/ur_dashboard_msgs/include/ur_dashboard_msgs/ur_dashboard_msgs/msg/detail/program_state__rosidl_typesupport_fastrtps_c.h\n'}
[14.861869] (ur_dashboard_msgs) StdoutLine: {'line': b'-- Symlinking: /home/sonvu/ur_ws/install/ur_dashboard_msgs/include/ur_dashboard_msgs/ur_dashboard_msgs/msg/detail/robot_mode__rosidl_typesupport_fastrtps_c.h\n'}
[14.870427] (ur_dashboard_msgs) StdoutLine: {'line': b'-- Symlinking: /home/sonvu/ur_ws/install/ur_dashboard_msgs/include/ur_dashboard_msgs/ur_dashboard_msgs/msg/detail/safety_mode__rosidl_typesupport_fastrtps_c.h\n'}
[14.877820] (ur_dashboard_msgs) StdoutLine: {'line': b'-- Symlinking: /home/sonvu/ur_ws/install/ur_dashboard_msgs/include/ur_dashboard_msgs/ur_dashboard_msgs/msg/detail/safety_status__rosidl_typesupport_fastrtps_c.h\n'}
[14.884019] (ur_dashboard_msgs) StdoutLine: {'line': b'-- Symlinking: /home/sonvu/ur_ws/install/ur_dashboard_msgs/include/ur_dashboard_msgs/ur_dashboard_msgs/msg/detail/user_role__rosidl_typesupport_fastrtps_c.h\n'}
[14.891287] (ur_dashboard_msgs) StdoutLine: {'line': b'-- Symlinking: /home/sonvu/ur_ws/install/ur_dashboard_msgs/include/ur_dashboard_msgs/ur_dashboard_msgs/msg/detail/version_information__rosidl_typesupport_fastrtps_c.h\n'}
[14.897100] (ur_dashboard_msgs) StdoutLine: {'line': b'-- Symlinking: /home/sonvu/ur_ws/install/ur_dashboard_msgs/include/ur_dashboard_msgs/ur_dashboard_msgs/msg/rosidl_typesupport_fastrtps_c__visibility_control.h\n'}
[14.903054] (ur_dashboard_msgs) StdoutLine: {'line': b'-- Symlinking: /home/sonvu/ur_ws/install/ur_dashboard_msgs/include/ur_dashboard_msgs/ur_dashboard_msgs/srv/detail/add_to_log__rosidl_typesupport_fastrtps_c.h\n'}
[14.908858] (ur_dashboard_msgs) StdoutLine: {'line': b'-- Symlinking: /home/sonvu/ur_ws/install/ur_dashboard_msgs/include/ur_dashboard_msgs/ur_dashboard_msgs/srv/detail/download_program__rosidl_typesupport_fastrtps_c.h\n'}
[14.915489] (ur_dashboard_msgs) StdoutLine: {'line': b'-- Symlinking: /home/sonvu/ur_ws/install/ur_dashboard_msgs/include/ur_dashboard_msgs/ur_dashboard_msgs/srv/detail/download_support_file__rosidl_typesupport_fastrtps_c.h\n'}
[14.922138] (ur_dashboard_msgs) StdoutLine: {'line': b'-- Symlinking: /home/sonvu/ur_ws/install/ur_dashboard_msgs/include/ur_dashboard_msgs/ur_dashboard_msgs/srv/detail/generate_flight_report__rosidl_typesupport_fastrtps_c.h\n'}
[14.929277] (ur_dashboard_msgs) StdoutLine: {'line': b'-- Symlinking: /home/sonvu/ur_ws/install/ur_dashboard_msgs/include/ur_dashboard_msgs/ur_dashboard_msgs/srv/detail/generate_support_file__rosidl_typesupport_fastrtps_c.h\n'}
[14.934902] (ur_dashboard_msgs) StdoutLine: {'line': b'-- Symlinking: /home/sonvu/ur_ws/install/ur_dashboard_msgs/include/ur_dashboard_msgs/ur_dashboard_msgs/srv/detail/get_loaded_program__rosidl_typesupport_fastrtps_c.h\n'}
[14.940379] (ur_dashboard_msgs) StdoutLine: {'line': b'-- Symlinking: /home/sonvu/ur_ws/install/ur_dashboard_msgs/include/ur_dashboard_msgs/ur_dashboard_msgs/srv/detail/get_operational_mode__rosidl_typesupport_fastrtps_c.h\n'}
[14.944812] (-) TimerEvent: {}
[14.946624] (ur_dashboard_msgs) StdoutLine: {'line': b'-- Symlinking: /home/sonvu/ur_ws/install/ur_dashboard_msgs/include/ur_dashboard_msgs/ur_dashboard_msgs/srv/detail/get_poly_scope_version__rosidl_typesupport_fastrtps_c.h\n'}
[14.952484] (ur_dashboard_msgs) StdoutLine: {'line': b'-- Symlinking: /home/sonvu/ur_ws/install/ur_dashboard_msgs/include/ur_dashboard_msgs/ur_dashboard_msgs/srv/detail/get_program_state__rosidl_typesupport_fastrtps_c.h\n'}
[14.959147] (ur_dashboard_msgs) StdoutLine: {'line': b'-- Symlinking: /home/sonvu/ur_ws/install/ur_dashboard_msgs/include/ur_dashboard_msgs/ur_dashboard_msgs/srv/detail/get_programs__rosidl_typesupport_fastrtps_c.h\n'}
[14.964848] (ur_dashboard_msgs) StdoutLine: {'line': b'-- Symlinking: /home/sonvu/ur_ws/install/ur_dashboard_msgs/include/ur_dashboard_msgs/ur_dashboard_msgs/srv/detail/get_robot_mode__rosidl_typesupport_fastrtps_c.h\n'}
[14.971523] (ur_dashboard_msgs) StdoutLine: {'line': b'-- Symlinking: /home/sonvu/ur_ws/install/ur_dashboard_msgs/include/ur_dashboard_msgs/ur_dashboard_msgs/srv/detail/get_robot_model__rosidl_typesupport_fastrtps_c.h\n'}
[14.977439] (ur_dashboard_msgs) StdoutLine: {'line': b'-- Symlinking: /home/sonvu/ur_ws/install/ur_dashboard_msgs/include/ur_dashboard_msgs/ur_dashboard_msgs/srv/detail/get_safety_mode__rosidl_typesupport_fastrtps_c.h\n'}
[14.983783] (ur_dashboard_msgs) StdoutLine: {'line': b'-- Symlinking: /home/sonvu/ur_ws/install/ur_dashboard_msgs/include/ur_dashboard_msgs/ur_dashboard_msgs/srv/detail/get_safety_status__rosidl_typesupport_fastrtps_c.h\n'}
[14.989391] (ur_dashboard_msgs) StdoutLine: {'line': b'-- Symlinking: /home/sonvu/ur_ws/install/ur_dashboard_msgs/include/ur_dashboard_msgs/ur_dashboard_msgs/srv/detail/get_serial_number__rosidl_typesupport_fastrtps_c.h\n'}
[14.996748] (ur_dashboard_msgs) StdoutLine: {'line': b'-- Symlinking: /home/sonvu/ur_ws/install/ur_dashboard_msgs/include/ur_dashboard_msgs/ur_dashboard_msgs/srv/detail/get_user_role__rosidl_typesupport_fastrtps_c.h\n'}
[15.002673] (ur_dashboard_msgs) StdoutLine: {'line': b'-- Symlinking: /home/sonvu/ur_ws/install/ur_dashboard_msgs/include/ur_dashboard_msgs/ur_dashboard_msgs/srv/detail/is_in_remote_control__rosidl_typesupport_fastrtps_c.h\n'}
[15.009578] (ur_dashboard_msgs) StdoutLine: {'line': b'-- Symlinking: /home/sonvu/ur_ws/install/ur_dashboard_msgs/include/ur_dashboard_msgs/ur_dashboard_msgs/srv/detail/is_program_running__rosidl_typesupport_fastrtps_c.h\n'}
[15.016818] (ur_dashboard_msgs) StdoutLine: {'line': b'-- Symlinking: /home/sonvu/ur_ws/install/ur_dashboard_msgs/include/ur_dashboard_msgs/ur_dashboard_msgs/srv/detail/is_program_saved__rosidl_typesupport_fastrtps_c.h\n'}
[15.025063] (ur_dashboard_msgs) StdoutLine: {'line': b'-- Symlinking: /home/sonvu/ur_ws/install/ur_dashboard_msgs/include/ur_dashboard_msgs/ur_dashboard_msgs/srv/detail/load__rosidl_typesupport_fastrtps_c.h\n'}
[15.030775] (ur_dashboard_msgs) StdoutLine: {'line': b'-- Symlinking: /home/sonvu/ur_ws/install/ur_dashboard_msgs/include/ur_dashboard_msgs/ur_dashboard_msgs/srv/detail/popup__rosidl_typesupport_fastrtps_c.h\n'}
[15.036713] (ur_dashboard_msgs) StdoutLine: {'line': b'-- Symlinking: /home/sonvu/ur_ws/install/ur_dashboard_msgs/include/ur_dashboard_msgs/ur_dashboard_msgs/srv/detail/raw_request__rosidl_typesupport_fastrtps_c.h\n'}
[15.044299] (ur_dashboard_msgs) StdoutLine: {'line': b'-- Symlinking: /home/sonvu/ur_ws/install/ur_dashboard_msgs/include/ur_dashboard_msgs/ur_dashboard_msgs/srv/detail/set_operational_mode__rosidl_typesupport_fastrtps_c.h\n'}
[15.044943] (-) TimerEvent: {}
[15.051731] (ur_dashboard_msgs) StdoutLine: {'line': b'-- Symlinking: /home/sonvu/ur_ws/install/ur_dashboard_msgs/include/ur_dashboard_msgs/ur_dashboard_msgs/srv/detail/set_user_role__rosidl_typesupport_fastrtps_c.h\n'}
[15.058587] (ur_dashboard_msgs) StdoutLine: {'line': b'-- Symlinking: /home/sonvu/ur_ws/install/ur_dashboard_msgs/include/ur_dashboard_msgs/ur_dashboard_msgs/srv/detail/upload_program__rosidl_typesupport_fastrtps_c.h\n'}
[15.066281] (ur_dashboard_msgs) StdoutLine: {'line': b'-- Symlinking: /home/sonvu/ur_ws/install/ur_dashboard_msgs/include/ur_dashboard_msgs/ur_dashboard_msgs/action/detail/set_mode__rosidl_typesupport_introspection_c.h\n'}
[15.074701] (ur_dashboard_msgs) StdoutLine: {'line': b'-- Symlinking: /home/sonvu/ur_ws/install/ur_dashboard_msgs/include/ur_dashboard_msgs/ur_dashboard_msgs/msg/detail/operational_mode__rosidl_typesupport_introspection_c.h\n'}
[15.083273] (ur_dashboard_msgs) StdoutLine: {'line': b'-- Symlinking: /home/sonvu/ur_ws/install/ur_dashboard_msgs/include/ur_dashboard_msgs/ur_dashboard_msgs/msg/detail/program_information__rosidl_typesupport_introspection_c.h\n'}
[15.089804] (ur_dashboard_msgs) StdoutLine: {'line': b'-- Symlinking: /home/sonvu/ur_ws/install/ur_dashboard_msgs/include/ur_dashboard_msgs/ur_dashboard_msgs/msg/detail/program_state__rosidl_typesupport_introspection_c.h\n'}
[15.096105] (ur_dashboard_msgs) StdoutLine: {'line': b'-- Symlinking: /home/sonvu/ur_ws/install/ur_dashboard_msgs/include/ur_dashboard_msgs/ur_dashboard_msgs/msg/detail/robot_mode__rosidl_typesupport_introspection_c.h\n'}
[15.101636] (ur_dashboard_msgs) StdoutLine: {'line': b'-- Symlinking: /home/sonvu/ur_ws/install/ur_dashboard_msgs/include/ur_dashboard_msgs/ur_dashboard_msgs/msg/detail/safety_mode__rosidl_typesupport_introspection_c.h\n'}
[15.107349] (ur_dashboard_msgs) StdoutLine: {'line': b'-- Symlinking: /home/sonvu/ur_ws/install/ur_dashboard_msgs/include/ur_dashboard_msgs/ur_dashboard_msgs/msg/detail/safety_status__rosidl_typesupport_introspection_c.h\n'}
[15.113788] (ur_dashboard_msgs) StdoutLine: {'line': b'-- Symlinking: /home/sonvu/ur_ws/install/ur_dashboard_msgs/include/ur_dashboard_msgs/ur_dashboard_msgs/msg/detail/user_role__rosidl_typesupport_introspection_c.h\n'}
[15.119336] (ur_dashboard_msgs) StdoutLine: {'line': b'-- Symlinking: /home/sonvu/ur_ws/install/ur_dashboard_msgs/include/ur_dashboard_msgs/ur_dashboard_msgs/msg/detail/version_information__rosidl_typesupport_introspection_c.h\n'}
[15.125391] (ur_dashboard_msgs) StdoutLine: {'line': b'-- Symlinking: /home/sonvu/ur_ws/install/ur_dashboard_msgs/include/ur_dashboard_msgs/ur_dashboard_msgs/msg/rosidl_typesupport_introspection_c__visibility_control.h\n'}
[15.131370] (ur_dashboard_msgs) StdoutLine: {'line': b'-- Symlinking: /home/sonvu/ur_ws/install/ur_dashboard_msgs/include/ur_dashboard_msgs/ur_dashboard_msgs/srv/detail/add_to_log__rosidl_typesupport_introspection_c.h\n'}
[15.136421] (ur_dashboard_msgs) StdoutLine: {'line': b'-- Symlinking: /home/sonvu/ur_ws/install/ur_dashboard_msgs/include/ur_dashboard_msgs/ur_dashboard_msgs/srv/detail/download_program__rosidl_typesupport_introspection_c.h\n'}
[15.142462] (ur_dashboard_msgs) StdoutLine: {'line': b'-- Symlinking: /home/sonvu/ur_ws/install/ur_dashboard_msgs/include/ur_dashboard_msgs/ur_dashboard_msgs/srv/detail/download_support_file__rosidl_typesupport_introspection_c.h\n'}
[15.145024] (-) TimerEvent: {}
[15.150331] (ur_dashboard_msgs) StdoutLine: {'line': b'-- Symlinking: /home/sonvu/ur_ws/install/ur_dashboard_msgs/include/ur_dashboard_msgs/ur_dashboard_msgs/srv/detail/generate_flight_report__rosidl_typesupport_introspection_c.h\n'}
[15.158752] (ur_dashboard_msgs) StdoutLine: {'line': b'-- Symlinking: /home/sonvu/ur_ws/install/ur_dashboard_msgs/include/ur_dashboard_msgs/ur_dashboard_msgs/srv/detail/generate_support_file__rosidl_typesupport_introspection_c.h\n'}
[15.165011] (ur_dashboard_msgs) StdoutLine: {'line': b'-- Symlinking: /home/sonvu/ur_ws/install/ur_dashboard_msgs/include/ur_dashboard_msgs/ur_dashboard_msgs/srv/detail/get_loaded_program__rosidl_typesupport_introspection_c.h\n'}
[15.170925] (ur_dashboard_msgs) StdoutLine: {'line': b'-- Symlinking: /home/sonvu/ur_ws/install/ur_dashboard_msgs/include/ur_dashboard_msgs/ur_dashboard_msgs/srv/detail/get_operational_mode__rosidl_typesupport_introspection_c.h\n'}
[15.178126] (ur_dashboard_msgs) StdoutLine: {'line': b'-- Symlinking: /home/sonvu/ur_ws/install/ur_dashboard_msgs/include/ur_dashboard_msgs/ur_dashboard_msgs/srv/detail/get_poly_scope_version__rosidl_typesupport_introspection_c.h\n'}
[15.184710] (ur_dashboard_msgs) StdoutLine: {'line': b'-- Symlinking: /home/sonvu/ur_ws/install/ur_dashboard_msgs/include/ur_dashboard_msgs/ur_dashboard_msgs/srv/detail/get_program_state__rosidl_typesupport_introspection_c.h\n'}
[15.191641] (ur_dashboard_msgs) StdoutLine: {'line': b'-- Symlinking: /home/sonvu/ur_ws/install/ur_dashboard_msgs/include/ur_dashboard_msgs/ur_dashboard_msgs/srv/detail/get_programs__rosidl_typesupport_introspection_c.h\n'}
[15.200202] (ur_dashboard_msgs) StdoutLine: {'line': b'-- Symlinking: /home/sonvu/ur_ws/install/ur_dashboard_msgs/include/ur_dashboard_msgs/ur_dashboard_msgs/srv/detail/get_robot_mode__rosidl_typesupport_introspection_c.h\n'}
[15.205816] (ur_dashboard_msgs) StdoutLine: {'line': b'-- Symlinking: /home/sonvu/ur_ws/install/ur_dashboard_msgs/include/ur_dashboard_msgs/ur_dashboard_msgs/srv/detail/get_robot_model__rosidl_typesupport_introspection_c.h\n'}
[15.214760] (ur_dashboard_msgs) StdoutLine: {'line': b'-- Symlinking: /home/sonvu/ur_ws/install/ur_dashboard_msgs/include/ur_dashboard_msgs/ur_dashboard_msgs/srv/detail/get_safety_mode__rosidl_typesupport_introspection_c.h\n'}
[15.221430] (ur_dashboard_msgs) StdoutLine: {'line': b'-- Symlinking: /home/sonvu/ur_ws/install/ur_dashboard_msgs/include/ur_dashboard_msgs/ur_dashboard_msgs/srv/detail/get_safety_status__rosidl_typesupport_introspection_c.h\n'}
[15.228036] (ur_dashboard_msgs) StdoutLine: {'line': b'-- Symlinking: /home/sonvu/ur_ws/install/ur_dashboard_msgs/include/ur_dashboard_msgs/ur_dashboard_msgs/srv/detail/get_serial_number__rosidl_typesupport_introspection_c.h\n'}
[15.234048] (ur_dashboard_msgs) StdoutLine: {'line': b'-- Symlinking: /home/sonvu/ur_ws/install/ur_dashboard_msgs/include/ur_dashboard_msgs/ur_dashboard_msgs/srv/detail/get_user_role__rosidl_typesupport_introspection_c.h\n'}
[15.239343] (ur_dashboard_msgs) StdoutLine: {'line': b'-- Symlinking: /home/sonvu/ur_ws/install/ur_dashboard_msgs/include/ur_dashboard_msgs/ur_dashboard_msgs/srv/detail/is_in_remote_control__rosidl_typesupport_introspection_c.h\n'}
[15.245120] (-) TimerEvent: {}
[15.248699] (ur_dashboard_msgs) StdoutLine: {'line': b'-- Symlinking: /home/sonvu/ur_ws/install/ur_dashboard_msgs/include/ur_dashboard_msgs/ur_dashboard_msgs/srv/detail/is_program_running__rosidl_typesupport_introspection_c.h\n'}
[15.255911] (ur_dashboard_msgs) StdoutLine: {'line': b'-- Symlinking: /home/sonvu/ur_ws/install/ur_dashboard_msgs/include/ur_dashboard_msgs/ur_dashboard_msgs/srv/detail/is_program_saved__rosidl_typesupport_introspection_c.h\n'}
[15.263942] (ur_dashboard_msgs) StdoutLine: {'line': b'-- Symlinking: /home/sonvu/ur_ws/install/ur_dashboard_msgs/include/ur_dashboard_msgs/ur_dashboard_msgs/srv/detail/load__rosidl_typesupport_introspection_c.h\n'}
[15.269253] (ur_dashboard_msgs) StdoutLine: {'line': b'-- Symlinking: /home/sonvu/ur_ws/install/ur_dashboard_msgs/include/ur_dashboard_msgs/ur_dashboard_msgs/srv/detail/popup__rosidl_typesupport_introspection_c.h\n'}
[15.274139] (ur_dashboard_msgs) StdoutLine: {'line': b'-- Symlinking: /home/sonvu/ur_ws/install/ur_dashboard_msgs/include/ur_dashboard_msgs/ur_dashboard_msgs/srv/detail/raw_request__rosidl_typesupport_introspection_c.h\n'}
[15.281475] (ur_dashboard_msgs) StdoutLine: {'line': b'-- Symlinking: /home/sonvu/ur_ws/install/ur_dashboard_msgs/include/ur_dashboard_msgs/ur_dashboard_msgs/srv/detail/set_operational_mode__rosidl_typesupport_introspection_c.h\n'}
[15.288067] (ur_dashboard_msgs) StdoutLine: {'line': b'-- Symlinking: /home/sonvu/ur_ws/install/ur_dashboard_msgs/include/ur_dashboard_msgs/ur_dashboard_msgs/srv/detail/set_user_role__rosidl_typesupport_introspection_c.h\n'}
[15.296447] (ur_dashboard_msgs) StdoutLine: {'line': b'-- Symlinking: /home/sonvu/ur_ws/install/ur_dashboard_msgs/include/ur_dashboard_msgs/ur_dashboard_msgs/srv/detail/upload_program__rosidl_typesupport_introspection_c.h\n'}
[15.307403] (ur_dashboard_msgs) StdoutLine: {'line': b'-- Symlinking: /home/sonvu/ur_ws/install/ur_dashboard_msgs/include/ur_dashboard_msgs/ur_dashboard_msgs/action/detail/set_mode__builder.hpp\n'}
[15.325726] (ur_dashboard_msgs) StdoutLine: {'line': b'-- Symlinking: /home/sonvu/ur_ws/install/ur_dashboard_msgs/include/ur_dashboard_msgs/ur_dashboard_msgs/action/detail/set_mode__struct.hpp\n'}
[15.338179] (ur_dashboard_msgs) StdoutLine: {'line': b'-- Symlinking: /home/sonvu/ur_ws/install/ur_dashboard_msgs/include/ur_dashboard_msgs/ur_dashboard_msgs/action/detail/set_mode__traits.hpp\n'}
[15.345328] (-) TimerEvent: {}
[15.348911] (ur_dashboard_msgs) StdoutLine: {'line': b'-- Symlinking: /home/sonvu/ur_ws/install/ur_dashboard_msgs/include/ur_dashboard_msgs/ur_dashboard_msgs/action/detail/set_mode__type_support.hpp\n'}
[15.357757] (ur_dashboard_msgs) StdoutLine: {'line': b'-- Symlinking: /home/sonvu/ur_ws/install/ur_dashboard_msgs/include/ur_dashboard_msgs/ur_dashboard_msgs/action/set_mode.hpp\n'}
[15.371457] (ur_dashboard_msgs) StdoutLine: {'line': b'-- Symlinking: /home/sonvu/ur_ws/install/ur_dashboard_msgs/include/ur_dashboard_msgs/ur_dashboard_msgs/msg/detail/operational_mode__builder.hpp\n'}
[15.386425] (ur_dashboard_msgs) StdoutLine: {'line': b'-- Symlinking: /home/sonvu/ur_ws/install/ur_dashboard_msgs/include/ur_dashboard_msgs/ur_dashboard_msgs/msg/detail/operational_mode__struct.hpp\n'}
[15.401198] (ur_dashboard_msgs) StdoutLine: {'line': b'-- Symlinking: /home/sonvu/ur_ws/install/ur_dashboard_msgs/include/ur_dashboard_msgs/ur_dashboard_msgs/msg/detail/operational_mode__traits.hpp\n'}
[15.416279] (ur_dashboard_msgs) StdoutLine: {'line': b'-- Symlinking: /home/sonvu/ur_ws/install/ur_dashboard_msgs/include/ur_dashboard_msgs/ur_dashboard_msgs/msg/detail/operational_mode__type_support.hpp\n'}
[15.430855] (ur_dashboard_msgs) StdoutLine: {'line': b'-- Symlinking: /home/sonvu/ur_ws/install/ur_dashboard_msgs/include/ur_dashboard_msgs/ur_dashboard_msgs/msg/detail/program_information__builder.hpp\n'}
[15.445199] (ur_dashboard_msgs) StdoutLine: {'line': b'-- Symlinking: /home/sonvu/ur_ws/install/ur_dashboard_msgs/include/ur_dashboard_msgs/ur_dashboard_msgs/msg/detail/program_information__struct.hpp\n'}
[15.445374] (-) TimerEvent: {}
[15.454663] (ur_dashboard_msgs) StdoutLine: {'line': b'-- Symlinking: /home/sonvu/ur_ws/install/ur_dashboard_msgs/include/ur_dashboard_msgs/ur_dashboard_msgs/msg/detail/program_information__traits.hpp\n'}
[15.472601] (ur_dashboard_msgs) StdoutLine: {'line': b'-- Symlinking: /home/sonvu/ur_ws/install/ur_dashboard_msgs/include/ur_dashboard_msgs/ur_dashboard_msgs/msg/detail/program_information__type_support.hpp\n'}
[15.481690] (ur_dashboard_msgs) StdoutLine: {'line': b'-- Symlinking: /home/sonvu/ur_ws/install/ur_dashboard_msgs/include/ur_dashboard_msgs/ur_dashboard_msgs/msg/detail/program_state__builder.hpp\n'}
[15.490349] (ur_dashboard_msgs) StdoutLine: {'line': b'-- Symlinking: /home/sonvu/ur_ws/install/ur_dashboard_msgs/include/ur_dashboard_msgs/ur_dashboard_msgs/msg/detail/program_state__struct.hpp\n'}
[15.508393] (ur_dashboard_msgs) StdoutLine: {'line': b'-- Symlinking: /home/sonvu/ur_ws/install/ur_dashboard_msgs/include/ur_dashboard_msgs/ur_dashboard_msgs/msg/detail/program_state__traits.hpp\n'}
[15.521497] (ur_dashboard_msgs) StdoutLine: {'line': b'-- Symlinking: /home/sonvu/ur_ws/install/ur_dashboard_msgs/include/ur_dashboard_msgs/ur_dashboard_msgs/msg/detail/program_state__type_support.hpp\n'}
[15.535546] (ur_dashboard_msgs) StdoutLine: {'line': b'-- Symlinking: /home/sonvu/ur_ws/install/ur_dashboard_msgs/include/ur_dashboard_msgs/ur_dashboard_msgs/msg/detail/robot_mode__builder.hpp\n'}
[15.545658] (-) TimerEvent: {}
[15.548892] (ur_dashboard_msgs) StdoutLine: {'line': b'-- Symlinking: /home/sonvu/ur_ws/install/ur_dashboard_msgs/include/ur_dashboard_msgs/ur_dashboard_msgs/msg/detail/robot_mode__struct.hpp\n'}
[15.565327] (ur_dashboard_msgs) StdoutLine: {'line': b'-- Symlinking: /home/sonvu/ur_ws/install/ur_dashboard_msgs/include/ur_dashboard_msgs/ur_dashboard_msgs/msg/detail/robot_mode__traits.hpp\n'}
[15.578658] (ur_dashboard_msgs) StdoutLine: {'line': b'-- Symlinking: /home/sonvu/ur_ws/install/ur_dashboard_msgs/include/ur_dashboard_msgs/ur_dashboard_msgs/msg/detail/robot_mode__type_support.hpp\n'}
[15.587284] (ur_dashboard_msgs) StdoutLine: {'line': b'-- Symlinking: /home/sonvu/ur_ws/install/ur_dashboard_msgs/include/ur_dashboard_msgs/ur_dashboard_msgs/msg/detail/safety_mode__builder.hpp\n'}
[15.601692] (ur_dashboard_msgs) StdoutLine: {'line': b'-- Symlinking: /home/sonvu/ur_ws/install/ur_dashboard_msgs/include/ur_dashboard_msgs/ur_dashboard_msgs/msg/detail/safety_mode__struct.hpp\n'}
[15.609563] (ur_dashboard_msgs) StdoutLine: {'line': b'-- Symlinking: /home/sonvu/ur_ws/install/ur_dashboard_msgs/include/ur_dashboard_msgs/ur_dashboard_msgs/msg/detail/safety_mode__traits.hpp\n'}
[15.618835] (ur_dashboard_msgs) StdoutLine: {'line': b'-- Symlinking: /home/sonvu/ur_ws/install/ur_dashboard_msgs/include/ur_dashboard_msgs/ur_dashboard_msgs/msg/detail/safety_mode__type_support.hpp\n'}
[15.628136] (ur_dashboard_msgs) StdoutLine: {'line': b'-- Symlinking: /home/sonvu/ur_ws/install/ur_dashboard_msgs/include/ur_dashboard_msgs/ur_dashboard_msgs/msg/detail/safety_status__builder.hpp\n'}
[15.636279] (ur_dashboard_msgs) StdoutLine: {'line': b'-- Symlinking: /home/sonvu/ur_ws/install/ur_dashboard_msgs/include/ur_dashboard_msgs/ur_dashboard_msgs/msg/detail/safety_status__struct.hpp\n'}
[15.643258] (ur_dashboard_msgs) StdoutLine: {'line': b'-- Symlinking: /home/sonvu/ur_ws/install/ur_dashboard_msgs/include/ur_dashboard_msgs/ur_dashboard_msgs/msg/detail/safety_status__traits.hpp\n'}
[15.645739] (-) TimerEvent: {}
[15.651153] (ur_dashboard_msgs) StdoutLine: {'line': b'-- Symlinking: /home/sonvu/ur_ws/install/ur_dashboard_msgs/include/ur_dashboard_msgs/ur_dashboard_msgs/msg/detail/safety_status__type_support.hpp\n'}
[15.659715] (ur_dashboard_msgs) StdoutLine: {'line': b'-- Symlinking: /home/sonvu/ur_ws/install/ur_dashboard_msgs/include/ur_dashboard_msgs/ur_dashboard_msgs/msg/detail/user_role__builder.hpp\n'}
[15.667277] (ur_dashboard_msgs) StdoutLine: {'line': b'-- Symlinking: /home/sonvu/ur_ws/install/ur_dashboard_msgs/include/ur_dashboard_msgs/ur_dashboard_msgs/msg/detail/user_role__struct.hpp\n'}
[15.673678] (ur_dashboard_msgs) StdoutLine: {'line': b'-- Symlinking: /home/sonvu/ur_ws/install/ur_dashboard_msgs/include/ur_dashboard_msgs/ur_dashboard_msgs/msg/detail/user_role__traits.hpp\n'}
[15.680124] (ur_dashboard_msgs) StdoutLine: {'line': b'-- Symlinking: /home/sonvu/ur_ws/install/ur_dashboard_msgs/include/ur_dashboard_msgs/ur_dashboard_msgs/msg/detail/user_role__type_support.hpp\n'}
[15.685144] (ur_dashboard_msgs) StdoutLine: {'line': b'-- Symlinking: /home/sonvu/ur_ws/install/ur_dashboard_msgs/include/ur_dashboard_msgs/ur_dashboard_msgs/msg/detail/version_information__builder.hpp\n'}
[15.691489] (ur_dashboard_msgs) StdoutLine: {'line': b'-- Symlinking: /home/sonvu/ur_ws/install/ur_dashboard_msgs/include/ur_dashboard_msgs/ur_dashboard_msgs/msg/detail/version_information__struct.hpp\n'}
[15.696594] (ur_dashboard_msgs) StdoutLine: {'line': b'-- Symlinking: /home/sonvu/ur_ws/install/ur_dashboard_msgs/include/ur_dashboard_msgs/ur_dashboard_msgs/msg/detail/version_information__traits.hpp\n'}
[15.701539] (ur_dashboard_msgs) StdoutLine: {'line': b'-- Symlinking: /home/sonvu/ur_ws/install/ur_dashboard_msgs/include/ur_dashboard_msgs/ur_dashboard_msgs/msg/detail/version_information__type_support.hpp\n'}
[15.706466] (ur_dashboard_msgs) StdoutLine: {'line': b'-- Symlinking: /home/sonvu/ur_ws/install/ur_dashboard_msgs/include/ur_dashboard_msgs/ur_dashboard_msgs/msg/operational_mode.hpp\n'}
[15.711349] (ur_dashboard_msgs) StdoutLine: {'line': b'-- Symlinking: /home/sonvu/ur_ws/install/ur_dashboard_msgs/include/ur_dashboard_msgs/ur_dashboard_msgs/msg/program_information.hpp\n'}
[15.718804] (ur_dashboard_msgs) StdoutLine: {'line': b'-- Symlinking: /home/sonvu/ur_ws/install/ur_dashboard_msgs/include/ur_dashboard_msgs/ur_dashboard_msgs/msg/program_state.hpp\n'}
[15.723742] (ur_dashboard_msgs) StdoutLine: {'line': b'-- Symlinking: /home/sonvu/ur_ws/install/ur_dashboard_msgs/include/ur_dashboard_msgs/ur_dashboard_msgs/msg/robot_mode.hpp\n'}
[15.732136] (ur_dashboard_msgs) StdoutLine: {'line': b'-- Symlinking: /home/sonvu/ur_ws/install/ur_dashboard_msgs/include/ur_dashboard_msgs/ur_dashboard_msgs/msg/rosidl_generator_cpp__visibility_control.hpp\n'}
[15.736753] (ur_dashboard_msgs) StdoutLine: {'line': b'-- Symlinking: /home/sonvu/ur_ws/install/ur_dashboard_msgs/include/ur_dashboard_msgs/ur_dashboard_msgs/msg/safety_mode.hpp\n'}
[15.741489] (ur_dashboard_msgs) StdoutLine: {'line': b'-- Symlinking: /home/sonvu/ur_ws/install/ur_dashboard_msgs/include/ur_dashboard_msgs/ur_dashboard_msgs/msg/safety_status.hpp\n'}
[15.745838] (-) TimerEvent: {}
[15.748500] (ur_dashboard_msgs) StdoutLine: {'line': b'-- Symlinking: /home/sonvu/ur_ws/install/ur_dashboard_msgs/include/ur_dashboard_msgs/ur_dashboard_msgs/msg/user_role.hpp\n'}
[15.755325] (ur_dashboard_msgs) StdoutLine: {'line': b'-- Symlinking: /home/sonvu/ur_ws/install/ur_dashboard_msgs/include/ur_dashboard_msgs/ur_dashboard_msgs/msg/version_information.hpp\n'}
[15.760777] (ur_dashboard_msgs) StdoutLine: {'line': b'-- Symlinking: /home/sonvu/ur_ws/install/ur_dashboard_msgs/include/ur_dashboard_msgs/ur_dashboard_msgs/srv/add_to_log.hpp\n'}
[15.766423] (ur_dashboard_msgs) StdoutLine: {'line': b'-- Symlinking: /home/sonvu/ur_ws/install/ur_dashboard_msgs/include/ur_dashboard_msgs/ur_dashboard_msgs/srv/detail/add_to_log__builder.hpp\n'}
[15.772188] (ur_dashboard_msgs) StdoutLine: {'line': b'-- Symlinking: /home/sonvu/ur_ws/install/ur_dashboard_msgs/include/ur_dashboard_msgs/ur_dashboard_msgs/srv/detail/add_to_log__struct.hpp\n'}
[15.781031] (ur_dashboard_msgs) StdoutLine: {'line': b'-- Symlinking: /home/sonvu/ur_ws/install/ur_dashboard_msgs/include/ur_dashboard_msgs/ur_dashboard_msgs/srv/detail/add_to_log__traits.hpp\n'}
[15.786271] (ur_dashboard_msgs) StdoutLine: {'line': b'-- Symlinking: /home/sonvu/ur_ws/install/ur_dashboard_msgs/include/ur_dashboard_msgs/ur_dashboard_msgs/srv/detail/add_to_log__type_support.hpp\n'}
[15.793674] (ur_dashboard_msgs) StdoutLine: {'line': b'-- Symlinking: /home/sonvu/ur_ws/install/ur_dashboard_msgs/include/ur_dashboard_msgs/ur_dashboard_msgs/srv/detail/download_program__builder.hpp\n'}
[15.799294] (ur_dashboard_msgs) StdoutLine: {'line': b'-- Symlinking: /home/sonvu/ur_ws/install/ur_dashboard_msgs/include/ur_dashboard_msgs/ur_dashboard_msgs/srv/detail/download_program__struct.hpp\n'}
[15.805755] (ur_dashboard_msgs) StdoutLine: {'line': b'-- Symlinking: /home/sonvu/ur_ws/install/ur_dashboard_msgs/include/ur_dashboard_msgs/ur_dashboard_msgs/srv/detail/download_program__traits.hpp\n'}
[15.811597] (ur_dashboard_msgs) StdoutLine: {'line': b'-- Symlinking: /home/sonvu/ur_ws/install/ur_dashboard_msgs/include/ur_dashboard_msgs/ur_dashboard_msgs/srv/detail/download_program__type_support.hpp\n'}
[15.819969] (ur_dashboard_msgs) StdoutLine: {'line': b'-- Symlinking: /home/sonvu/ur_ws/install/ur_dashboard_msgs/include/ur_dashboard_msgs/ur_dashboard_msgs/srv/detail/download_support_file__builder.hpp\n'}
[15.832345] (ur_dashboard_msgs) StdoutLine: {'line': b'-- Symlinking: /home/sonvu/ur_ws/install/ur_dashboard_msgs/include/ur_dashboard_msgs/ur_dashboard_msgs/srv/detail/download_support_file__struct.hpp\n'}
[15.839959] (ur_dashboard_msgs) StdoutLine: {'line': b'-- Symlinking: /home/sonvu/ur_ws/install/ur_dashboard_msgs/include/ur_dashboard_msgs/ur_dashboard_msgs/srv/detail/download_support_file__traits.hpp\n'}
[15.845514] (ur_dashboard_msgs) StdoutLine: {'line': b'-- Symlinking: /home/sonvu/ur_ws/install/ur_dashboard_msgs/include/ur_dashboard_msgs/ur_dashboard_msgs/srv/detail/download_support_file__type_support.hpp\n'}
[15.845910] (-) TimerEvent: {}
[15.850929] (ur_dashboard_msgs) StdoutLine: {'line': b'-- Symlinking: /home/sonvu/ur_ws/install/ur_dashboard_msgs/include/ur_dashboard_msgs/ur_dashboard_msgs/srv/detail/generate_flight_report__builder.hpp\n'}
[15.858166] (ur_dashboard_msgs) StdoutLine: {'line': b'-- Symlinking: /home/sonvu/ur_ws/install/ur_dashboard_msgs/include/ur_dashboard_msgs/ur_dashboard_msgs/srv/detail/generate_flight_report__struct.hpp\n'}
[15.864853] (ur_dashboard_msgs) StdoutLine: {'line': b'-- Symlinking: /home/sonvu/ur_ws/install/ur_dashboard_msgs/include/ur_dashboard_msgs/ur_dashboard_msgs/srv/detail/generate_flight_report__traits.hpp\n'}
[15.870362] (ur_dashboard_msgs) StdoutLine: {'line': b'-- Symlinking: /home/sonvu/ur_ws/install/ur_dashboard_msgs/include/ur_dashboard_msgs/ur_dashboard_msgs/srv/detail/generate_flight_report__type_support.hpp\n'}
[15.878226] (ur_dashboard_msgs) StdoutLine: {'line': b'-- Symlinking: /home/sonvu/ur_ws/install/ur_dashboard_msgs/include/ur_dashboard_msgs/ur_dashboard_msgs/srv/detail/generate_support_file__builder.hpp\n'}
[15.885608] (ur_dashboard_msgs) StdoutLine: {'line': b'-- Symlinking: /home/sonvu/ur_ws/install/ur_dashboard_msgs/include/ur_dashboard_msgs/ur_dashboard_msgs/srv/detail/generate_support_file__struct.hpp\n'}
[15.894612] (ur_dashboard_msgs) StdoutLine: {'line': b'-- Symlinking: /home/sonvu/ur_ws/install/ur_dashboard_msgs/include/ur_dashboard_msgs/ur_dashboard_msgs/srv/detail/generate_support_file__traits.hpp\n'}
[15.905043] (ur_dashboard_msgs) StdoutLine: {'line': b'-- Symlinking: /home/sonvu/ur_ws/install/ur_dashboard_msgs/include/ur_dashboard_msgs/ur_dashboard_msgs/srv/detail/generate_support_file__type_support.hpp\n'}
[15.918824] (ur_dashboard_msgs) StdoutLine: {'line': b'-- Symlinking: /home/sonvu/ur_ws/install/ur_dashboard_msgs/include/ur_dashboard_msgs/ur_dashboard_msgs/srv/detail/get_loaded_program__builder.hpp\n'}
[15.930851] (ur_dashboard_msgs) StdoutLine: {'line': b'-- Symlinking: /home/sonvu/ur_ws/install/ur_dashboard_msgs/include/ur_dashboard_msgs/ur_dashboard_msgs/srv/detail/get_loaded_program__struct.hpp\n'}
[15.938518] (ur_dashboard_msgs) StdoutLine: {'line': b'-- Symlinking: /home/sonvu/ur_ws/install/ur_dashboard_msgs/include/ur_dashboard_msgs/ur_dashboard_msgs/srv/detail/get_loaded_program__traits.hpp\n'}
[15.946127] (-) TimerEvent: {}
[15.948917] (ur_dashboard_msgs) StdoutLine: {'line': b'-- Symlinking: /home/sonvu/ur_ws/install/ur_dashboard_msgs/include/ur_dashboard_msgs/ur_dashboard_msgs/srv/detail/get_loaded_program__type_support.hpp\n'}
[15.962334] (ur_dashboard_msgs) StdoutLine: {'line': b'-- Symlinking: /home/sonvu/ur_ws/install/ur_dashboard_msgs/include/ur_dashboard_msgs/ur_dashboard_msgs/srv/detail/get_operational_mode__builder.hpp\n'}
[15.967857] (ur_dashboard_msgs) StdoutLine: {'line': b'-- Symlinking: /home/sonvu/ur_ws/install/ur_dashboard_msgs/include/ur_dashboard_msgs/ur_dashboard_msgs/srv/detail/get_operational_mode__struct.hpp\n'}
[15.974465] (ur_dashboard_msgs) StdoutLine: {'line': b'-- Symlinking: /home/sonvu/ur_ws/install/ur_dashboard_msgs/include/ur_dashboard_msgs/ur_dashboard_msgs/srv/detail/get_operational_mode__traits.hpp\n'}
[15.979730] (ur_dashboard_msgs) StdoutLine: {'line': b'-- Symlinking: /home/sonvu/ur_ws/install/ur_dashboard_msgs/include/ur_dashboard_msgs/ur_dashboard_msgs/srv/detail/get_operational_mode__type_support.hpp\n'}
[15.987068] (ur_dashboard_msgs) StdoutLine: {'line': b'-- Symlinking: /home/sonvu/ur_ws/install/ur_dashboard_msgs/include/ur_dashboard_msgs/ur_dashboard_msgs/srv/detail/get_poly_scope_version__builder.hpp\n'}
[15.996474] (ur_dashboard_msgs) StdoutLine: {'line': b'-- Symlinking: /home/sonvu/ur_ws/install/ur_dashboard_msgs/include/ur_dashboard_msgs/ur_dashboard_msgs/srv/detail/get_poly_scope_version__struct.hpp\n'}
[16.005067] (ur_dashboard_msgs) StdoutLine: {'line': b'-- Symlinking: /home/sonvu/ur_ws/install/ur_dashboard_msgs/include/ur_dashboard_msgs/ur_dashboard_msgs/srv/detail/get_poly_scope_version__traits.hpp\n'}
[16.010901] (ur_dashboard_msgs) StdoutLine: {'line': b'-- Symlinking: /home/sonvu/ur_ws/install/ur_dashboard_msgs/include/ur_dashboard_msgs/ur_dashboard_msgs/srv/detail/get_poly_scope_version__type_support.hpp\n'}
[16.015524] (ur_dashboard_msgs) StdoutLine: {'line': b'-- Symlinking: /home/sonvu/ur_ws/install/ur_dashboard_msgs/include/ur_dashboard_msgs/ur_dashboard_msgs/srv/detail/get_program_state__builder.hpp\n'}
[16.046382] (-) TimerEvent: {}
[16.051020] (ur_dashboard_msgs) StdoutLine: {'line': b'-- Symlinking: /home/sonvu/ur_ws/install/ur_dashboard_msgs/include/ur_dashboard_msgs/ur_dashboard_msgs/srv/detail/get_program_state__struct.hpp\n'}
[16.073396] (ur_dashboard_msgs) StdoutLine: {'line': b'-- Symlinking: /home/sonvu/ur_ws/install/ur_dashboard_msgs/include/ur_dashboard_msgs/ur_dashboard_msgs/srv/detail/get_program_state__traits.hpp\n'}
[16.087465] (ur_dashboard_msgs) StdoutLine: {'line': b'-- Symlinking: /home/sonvu/ur_ws/install/ur_dashboard_msgs/include/ur_dashboard_msgs/ur_dashboard_msgs/srv/detail/get_program_state__type_support.hpp\n'}
[16.099101] (ur_dashboard_msgs) StdoutLine: {'line': b'-- Symlinking: /home/sonvu/ur_ws/install/ur_dashboard_msgs/include/ur_dashboard_msgs/ur_dashboard_msgs/srv/detail/get_programs__builder.hpp\n'}
[16.106531] (ur_dashboard_msgs) StdoutLine: {'line': b'-- Symlinking: /home/sonvu/ur_ws/install/ur_dashboard_msgs/include/ur_dashboard_msgs/ur_dashboard_msgs/srv/detail/get_programs__struct.hpp\n'}
[16.112925] (ur_dashboard_msgs) StdoutLine: {'line': b'-- Symlinking: /home/sonvu/ur_ws/install/ur_dashboard_msgs/include/ur_dashboard_msgs/ur_dashboard_msgs/srv/detail/get_programs__traits.hpp\n'}
[16.118132] (ur_dashboard_msgs) StdoutLine: {'line': b'-- Symlinking: /home/sonvu/ur_ws/install/ur_dashboard_msgs/include/ur_dashboard_msgs/ur_dashboard_msgs/srv/detail/get_programs__type_support.hpp\n'}
[16.122799] (ur_dashboard_msgs) StdoutLine: {'line': b'-- Symlinking: /home/sonvu/ur_ws/install/ur_dashboard_msgs/include/ur_dashboard_msgs/ur_dashboard_msgs/srv/detail/get_robot_mode__builder.hpp\n'}
[16.128852] (ur_dashboard_msgs) StdoutLine: {'line': b'-- Symlinking: /home/sonvu/ur_ws/install/ur_dashboard_msgs/include/ur_dashboard_msgs/ur_dashboard_msgs/srv/detail/get_robot_mode__struct.hpp\n'}
[16.136857] (ur_dashboard_msgs) StdoutLine: {'line': b'-- Symlinking: /home/sonvu/ur_ws/install/ur_dashboard_msgs/include/ur_dashboard_msgs/ur_dashboard_msgs/srv/detail/get_robot_mode__traits.hpp\n'}
[16.142734] (ur_dashboard_msgs) StdoutLine: {'line': b'-- Symlinking: /home/sonvu/ur_ws/install/ur_dashboard_msgs/include/ur_dashboard_msgs/ur_dashboard_msgs/srv/detail/get_robot_mode__type_support.hpp\n'}
[16.146523] (-) TimerEvent: {}
[16.147758] (ur_dashboard_msgs) StdoutLine: {'line': b'-- Symlinking: /home/sonvu/ur_ws/install/ur_dashboard_msgs/include/ur_dashboard_msgs/ur_dashboard_msgs/srv/detail/get_robot_model__builder.hpp\n'}
[16.156523] (ur_dashboard_msgs) StdoutLine: {'line': b'-- Symlinking: /home/sonvu/ur_ws/install/ur_dashboard_msgs/include/ur_dashboard_msgs/ur_dashboard_msgs/srv/detail/get_robot_model__struct.hpp\n'}
[16.162381] (ur_dashboard_msgs) StdoutLine: {'line': b'-- Symlinking: /home/sonvu/ur_ws/install/ur_dashboard_msgs/include/ur_dashboard_msgs/ur_dashboard_msgs/srv/detail/get_robot_model__traits.hpp\n'}
[16.171410] (ur_dashboard_msgs) StdoutLine: {'line': b'-- Symlinking: /home/sonvu/ur_ws/install/ur_dashboard_msgs/include/ur_dashboard_msgs/ur_dashboard_msgs/srv/detail/get_robot_model__type_support.hpp\n'}
[16.179331] (ur_dashboard_msgs) StdoutLine: {'line': b'-- Symlinking: /home/sonvu/ur_ws/install/ur_dashboard_msgs/include/ur_dashboard_msgs/ur_dashboard_msgs/srv/detail/get_safety_mode__builder.hpp\n'}
[16.187491] (ur_dashboard_msgs) StdoutLine: {'line': b'-- Symlinking: /home/sonvu/ur_ws/install/ur_dashboard_msgs/include/ur_dashboard_msgs/ur_dashboard_msgs/srv/detail/get_safety_mode__struct.hpp\n'}
[16.201203] (ur_dashboard_msgs) StdoutLine: {'line': b'-- Symlinking: /home/sonvu/ur_ws/install/ur_dashboard_msgs/include/ur_dashboard_msgs/ur_dashboard_msgs/srv/detail/get_safety_mode__traits.hpp\n'}
[16.214928] (ur_dashboard_msgs) StdoutLine: {'line': b'-- Symlinking: /home/sonvu/ur_ws/install/ur_dashboard_msgs/include/ur_dashboard_msgs/ur_dashboard_msgs/srv/detail/get_safety_mode__type_support.hpp\n'}
[16.234133] (ur_dashboard_msgs) StdoutLine: {'line': b'-- Symlinking: /home/sonvu/ur_ws/install/ur_dashboard_msgs/include/ur_dashboard_msgs/ur_dashboard_msgs/srv/detail/get_safety_status__builder.hpp\n'}
[16.240465] (ur_dashboard_msgs) StdoutLine: {'line': b'-- Symlinking: /home/sonvu/ur_ws/install/ur_dashboard_msgs/include/ur_dashboard_msgs/ur_dashboard_msgs/srv/detail/get_safety_status__struct.hpp\n'}
[16.246707] (-) TimerEvent: {}
[16.247635] (ur_dashboard_msgs) StdoutLine: {'line': b'-- Symlinking: /home/sonvu/ur_ws/install/ur_dashboard_msgs/include/ur_dashboard_msgs/ur_dashboard_msgs/srv/detail/get_safety_status__traits.hpp\n'}
[16.256116] (ur_dashboard_msgs) StdoutLine: {'line': b'-- Symlinking: /home/sonvu/ur_ws/install/ur_dashboard_msgs/include/ur_dashboard_msgs/ur_dashboard_msgs/srv/detail/get_safety_status__type_support.hpp\n'}
[16.266695] (ur_dashboard_msgs) StdoutLine: {'line': b'-- Symlinking: /home/sonvu/ur_ws/install/ur_dashboard_msgs/include/ur_dashboard_msgs/ur_dashboard_msgs/srv/detail/get_serial_number__builder.hpp\n'}
[16.272885] (ur_dashboard_msgs) StdoutLine: {'line': b'-- Symlinking: /home/sonvu/ur_ws/install/ur_dashboard_msgs/include/ur_dashboard_msgs/ur_dashboard_msgs/srv/detail/get_serial_number__struct.hpp\n'}
[16.279826] (ur_dashboard_msgs) StdoutLine: {'line': b'-- Symlinking: /home/sonvu/ur_ws/install/ur_dashboard_msgs/include/ur_dashboard_msgs/ur_dashboard_msgs/srv/detail/get_serial_number__traits.hpp\n'}
[16.286303] (ur_dashboard_msgs) StdoutLine: {'line': b'-- Symlinking: /home/sonvu/ur_ws/install/ur_dashboard_msgs/include/ur_dashboard_msgs/ur_dashboard_msgs/srv/detail/get_serial_number__type_support.hpp\n'}
[16.295279] (ur_dashboard_msgs) StdoutLine: {'line': b'-- Symlinking: /home/sonvu/ur_ws/install/ur_dashboard_msgs/include/ur_dashboard_msgs/ur_dashboard_msgs/srv/detail/get_user_role__builder.hpp\n'}
[16.303615] (ur_dashboard_msgs) StdoutLine: {'line': b'-- Symlinking: /home/sonvu/ur_ws/install/ur_dashboard_msgs/include/ur_dashboard_msgs/ur_dashboard_msgs/srv/detail/get_user_role__struct.hpp\n'}
[16.308688] (ur_dashboard_msgs) StdoutLine: {'line': b'-- Symlinking: /home/sonvu/ur_ws/install/ur_dashboard_msgs/include/ur_dashboard_msgs/ur_dashboard_msgs/srv/detail/get_user_role__traits.hpp\n'}
[16.317355] (ur_dashboard_msgs) StdoutLine: {'line': b'-- Symlinking: /home/sonvu/ur_ws/install/ur_dashboard_msgs/include/ur_dashboard_msgs/ur_dashboard_msgs/srv/detail/get_user_role__type_support.hpp\n'}
[16.323549] (ur_dashboard_msgs) StdoutLine: {'line': b'-- Symlinking: /home/sonvu/ur_ws/install/ur_dashboard_msgs/include/ur_dashboard_msgs/ur_dashboard_msgs/srv/detail/is_in_remote_control__builder.hpp\n'}
[16.328678] (ur_dashboard_msgs) StdoutLine: {'line': b'-- Symlinking: /home/sonvu/ur_ws/install/ur_dashboard_msgs/include/ur_dashboard_msgs/ur_dashboard_msgs/srv/detail/is_in_remote_control__struct.hpp\n'}
[16.337156] (ur_dashboard_msgs) StdoutLine: {'line': b'-- Symlinking: /home/sonvu/ur_ws/install/ur_dashboard_msgs/include/ur_dashboard_msgs/ur_dashboard_msgs/srv/detail/is_in_remote_control__traits.hpp\n'}
[16.343659] (ur_dashboard_msgs) StdoutLine: {'line': b'-- Symlinking: /home/sonvu/ur_ws/install/ur_dashboard_msgs/include/ur_dashboard_msgs/ur_dashboard_msgs/srv/detail/is_in_remote_control__type_support.hpp\n'}
[16.346775] (-) TimerEvent: {}
[16.350448] (ur_dashboard_msgs) StdoutLine: {'line': b'-- Symlinking: /home/sonvu/ur_ws/install/ur_dashboard_msgs/include/ur_dashboard_msgs/ur_dashboard_msgs/srv/detail/is_program_running__builder.hpp\n'}
[16.355368] (ur_dashboard_msgs) StdoutLine: {'line': b'-- Symlinking: /home/sonvu/ur_ws/install/ur_dashboard_msgs/include/ur_dashboard_msgs/ur_dashboard_msgs/srv/detail/is_program_running__struct.hpp\n'}
[16.361380] (ur_dashboard_msgs) StdoutLine: {'line': b'-- Symlinking: /home/sonvu/ur_ws/install/ur_dashboard_msgs/include/ur_dashboard_msgs/ur_dashboard_msgs/srv/detail/is_program_running__traits.hpp\n'}
[16.368105] (ur_dashboard_msgs) StdoutLine: {'line': b'-- Symlinking: /home/sonvu/ur_ws/install/ur_dashboard_msgs/include/ur_dashboard_msgs/ur_dashboard_msgs/srv/detail/is_program_running__type_support.hpp\n'}
[16.373219] (ur_dashboard_msgs) StdoutLine: {'line': b'-- Symlinking: /home/sonvu/ur_ws/install/ur_dashboard_msgs/include/ur_dashboard_msgs/ur_dashboard_msgs/srv/detail/is_program_saved__builder.hpp\n'}
[16.380274] (ur_dashboard_msgs) StdoutLine: {'line': b'-- Symlinking: /home/sonvu/ur_ws/install/ur_dashboard_msgs/include/ur_dashboard_msgs/ur_dashboard_msgs/srv/detail/is_program_saved__struct.hpp\n'}
[16.389324] (ur_dashboard_msgs) StdoutLine: {'line': b'-- Symlinking: /home/sonvu/ur_ws/install/ur_dashboard_msgs/include/ur_dashboard_msgs/ur_dashboard_msgs/srv/detail/is_program_saved__traits.hpp\n'}
[16.399559] (ur_dashboard_msgs) StdoutLine: {'line': b'-- Symlinking: /home/sonvu/ur_ws/install/ur_dashboard_msgs/include/ur_dashboard_msgs/ur_dashboard_msgs/srv/detail/is_program_saved__type_support.hpp\n'}
[16.408583] (ur_dashboard_msgs) StdoutLine: {'line': b'-- Symlinking: /home/sonvu/ur_ws/install/ur_dashboard_msgs/include/ur_dashboard_msgs/ur_dashboard_msgs/srv/detail/load__builder.hpp\n'}
[16.420915] (ur_dashboard_msgs) StdoutLine: {'line': b'-- Symlinking: /home/sonvu/ur_ws/install/ur_dashboard_msgs/include/ur_dashboard_msgs/ur_dashboard_msgs/srv/detail/load__struct.hpp\n'}
[16.430227] (ur_dashboard_msgs) StdoutLine: {'line': b'-- Symlinking: /home/sonvu/ur_ws/install/ur_dashboard_msgs/include/ur_dashboard_msgs/ur_dashboard_msgs/srv/detail/load__traits.hpp\n'}
[16.440899] (ur_dashboard_msgs) StdoutLine: {'line': b'-- Symlinking: /home/sonvu/ur_ws/install/ur_dashboard_msgs/include/ur_dashboard_msgs/ur_dashboard_msgs/srv/detail/load__type_support.hpp\n'}
[16.446889] (-) TimerEvent: {}
[16.452697] (ur_dashboard_msgs) StdoutLine: {'line': b'-- Symlinking: /home/sonvu/ur_ws/install/ur_dashboard_msgs/include/ur_dashboard_msgs/ur_dashboard_msgs/srv/detail/popup__builder.hpp\n'}
[16.461086] (ur_dashboard_msgs) StdoutLine: {'line': b'-- Symlinking: /home/sonvu/ur_ws/install/ur_dashboard_msgs/include/ur_dashboard_msgs/ur_dashboard_msgs/srv/detail/popup__struct.hpp\n'}
[16.468291] (ur_dashboard_msgs) StdoutLine: {'line': b'-- Symlinking: /home/sonvu/ur_ws/install/ur_dashboard_msgs/include/ur_dashboard_msgs/ur_dashboard_msgs/srv/detail/popup__traits.hpp\n'}
[16.475296] (ur_dashboard_msgs) StdoutLine: {'line': b'-- Symlinking: /home/sonvu/ur_ws/install/ur_dashboard_msgs/include/ur_dashboard_msgs/ur_dashboard_msgs/srv/detail/popup__type_support.hpp\n'}
[16.483688] (ur_dashboard_msgs) StdoutLine: {'line': b'-- Symlinking: /home/sonvu/ur_ws/install/ur_dashboard_msgs/include/ur_dashboard_msgs/ur_dashboard_msgs/srv/detail/raw_request__builder.hpp\n'}
[16.489012] (ur_dashboard_msgs) StdoutLine: {'line': b'-- Symlinking: /home/sonvu/ur_ws/install/ur_dashboard_msgs/include/ur_dashboard_msgs/ur_dashboard_msgs/srv/detail/raw_request__struct.hpp\n'}
[16.498054] (ur_dashboard_msgs) StdoutLine: {'line': b'-- Symlinking: /home/sonvu/ur_ws/install/ur_dashboard_msgs/include/ur_dashboard_msgs/ur_dashboard_msgs/srv/detail/raw_request__traits.hpp\n'}
[16.503154] (ur_dashboard_msgs) StdoutLine: {'line': b'-- Symlinking: /home/sonvu/ur_ws/install/ur_dashboard_msgs/include/ur_dashboard_msgs/ur_dashboard_msgs/srv/detail/raw_request__type_support.hpp\n'}
[16.508486] (ur_dashboard_msgs) StdoutLine: {'line': b'-- Symlinking: /home/sonvu/ur_ws/install/ur_dashboard_msgs/include/ur_dashboard_msgs/ur_dashboard_msgs/srv/detail/set_operational_mode__builder.hpp\n'}
[16.516551] (ur_dashboard_msgs) StdoutLine: {'line': b'-- Symlinking: /home/sonvu/ur_ws/install/ur_dashboard_msgs/include/ur_dashboard_msgs/ur_dashboard_msgs/srv/detail/set_operational_mode__struct.hpp\n'}
[16.522486] (ur_dashboard_msgs) StdoutLine: {'line': b'-- Symlinking: /home/sonvu/ur_ws/install/ur_dashboard_msgs/include/ur_dashboard_msgs/ur_dashboard_msgs/srv/detail/set_operational_mode__traits.hpp\n'}
[16.530029] (ur_dashboard_msgs) StdoutLine: {'line': b'-- Symlinking: /home/sonvu/ur_ws/install/ur_dashboard_msgs/include/ur_dashboard_msgs/ur_dashboard_msgs/srv/detail/set_operational_mode__type_support.hpp\n'}
[16.534810] (ur_dashboard_msgs) StdoutLine: {'line': b'-- Symlinking: /home/sonvu/ur_ws/install/ur_dashboard_msgs/include/ur_dashboard_msgs/ur_dashboard_msgs/srv/detail/set_user_role__builder.hpp\n'}
[16.540196] (ur_dashboard_msgs) StdoutLine: {'line': b'-- Symlinking: /home/sonvu/ur_ws/install/ur_dashboard_msgs/include/ur_dashboard_msgs/ur_dashboard_msgs/srv/detail/set_user_role__struct.hpp\n'}
[16.546986] (ur_dashboard_msgs) StdoutLine: {'line': b'-- Symlinking: /home/sonvu/ur_ws/install/ur_dashboard_msgs/include/ur_dashboard_msgs/ur_dashboard_msgs/srv/detail/set_user_role__traits.hpp\n'}
[16.547043] (-) TimerEvent: {}
[16.554404] (ur_dashboard_msgs) StdoutLine: {'line': b'-- Symlinking: /home/sonvu/ur_ws/install/ur_dashboard_msgs/include/ur_dashboard_msgs/ur_dashboard_msgs/srv/detail/set_user_role__type_support.hpp\n'}
[16.559310] (ur_dashboard_msgs) StdoutLine: {'line': b'-- Symlinking: /home/sonvu/ur_ws/install/ur_dashboard_msgs/include/ur_dashboard_msgs/ur_dashboard_msgs/srv/detail/upload_program__builder.hpp\n'}
[16.566633] (ur_dashboard_msgs) StdoutLine: {'line': b'-- Symlinking: /home/sonvu/ur_ws/install/ur_dashboard_msgs/include/ur_dashboard_msgs/ur_dashboard_msgs/srv/detail/upload_program__struct.hpp\n'}
[16.571744] (ur_dashboard_msgs) StdoutLine: {'line': b'-- Symlinking: /home/sonvu/ur_ws/install/ur_dashboard_msgs/include/ur_dashboard_msgs/ur_dashboard_msgs/srv/detail/upload_program__traits.hpp\n'}
[16.578936] (ur_dashboard_msgs) StdoutLine: {'line': b'-- Symlinking: /home/sonvu/ur_ws/install/ur_dashboard_msgs/include/ur_dashboard_msgs/ur_dashboard_msgs/srv/detail/upload_program__type_support.hpp\n'}
[16.584692] (ur_dashboard_msgs) StdoutLine: {'line': b'-- Symlinking: /home/sonvu/ur_ws/install/ur_dashboard_msgs/include/ur_dashboard_msgs/ur_dashboard_msgs/srv/download_program.hpp\n'}
[16.593109] (ur_dashboard_msgs) StdoutLine: {'line': b'-- Symlinking: /home/sonvu/ur_ws/install/ur_dashboard_msgs/include/ur_dashboard_msgs/ur_dashboard_msgs/srv/download_support_file.hpp\n'}
[16.599171] (ur_dashboard_msgs) StdoutLine: {'line': b'-- Symlinking: /home/sonvu/ur_ws/install/ur_dashboard_msgs/include/ur_dashboard_msgs/ur_dashboard_msgs/srv/generate_flight_report.hpp\n'}
[16.604384] (ur_dashboard_msgs) StdoutLine: {'line': b'-- Symlinking: /home/sonvu/ur_ws/install/ur_dashboard_msgs/include/ur_dashboard_msgs/ur_dashboard_msgs/srv/generate_support_file.hpp\n'}
[16.610631] (ur_dashboard_msgs) StdoutLine: {'line': b'-- Symlinking: /home/sonvu/ur_ws/install/ur_dashboard_msgs/include/ur_dashboard_msgs/ur_dashboard_msgs/srv/get_loaded_program.hpp\n'}
[16.618642] (ur_dashboard_msgs) StdoutLine: {'line': b'-- Symlinking: /home/sonvu/ur_ws/install/ur_dashboard_msgs/include/ur_dashboard_msgs/ur_dashboard_msgs/srv/get_operational_mode.hpp\n'}
[16.623455] (ur_dashboard_msgs) StdoutLine: {'line': b'-- Symlinking: /home/sonvu/ur_ws/install/ur_dashboard_msgs/include/ur_dashboard_msgs/ur_dashboard_msgs/srv/get_poly_scope_version.hpp\n'}
[16.630626] (ur_dashboard_msgs) StdoutLine: {'line': b'-- Symlinking: /home/sonvu/ur_ws/install/ur_dashboard_msgs/include/ur_dashboard_msgs/ur_dashboard_msgs/srv/get_program_state.hpp\n'}
[16.636534] (ur_dashboard_msgs) StdoutLine: {'line': b'-- Symlinking: /home/sonvu/ur_ws/install/ur_dashboard_msgs/include/ur_dashboard_msgs/ur_dashboard_msgs/srv/get_programs.hpp\n'}
[16.644931] (ur_dashboard_msgs) StdoutLine: {'line': b'-- Symlinking: /home/sonvu/ur_ws/install/ur_dashboard_msgs/include/ur_dashboard_msgs/ur_dashboard_msgs/srv/get_robot_mode.hpp\n'}
[16.647117] (-) TimerEvent: {}
[16.651394] (ur_dashboard_msgs) StdoutLine: {'line': b'-- Symlinking: /home/sonvu/ur_ws/install/ur_dashboard_msgs/include/ur_dashboard_msgs/ur_dashboard_msgs/srv/get_robot_model.hpp\n'}
[16.659964] (ur_dashboard_msgs) StdoutLine: {'line': b'-- Symlinking: /home/sonvu/ur_ws/install/ur_dashboard_msgs/include/ur_dashboard_msgs/ur_dashboard_msgs/srv/get_safety_mode.hpp\n'}
[16.665365] (ur_dashboard_msgs) StdoutLine: {'line': b'-- Symlinking: /home/sonvu/ur_ws/install/ur_dashboard_msgs/include/ur_dashboard_msgs/ur_dashboard_msgs/srv/get_safety_status.hpp\n'}
[16.670009] (ur_dashboard_msgs) StdoutLine: {'line': b'-- Symlinking: /home/sonvu/ur_ws/install/ur_dashboard_msgs/include/ur_dashboard_msgs/ur_dashboard_msgs/srv/get_serial_number.hpp\n'}
[16.677647] (ur_dashboard_msgs) StdoutLine: {'line': b'-- Symlinking: /home/sonvu/ur_ws/install/ur_dashboard_msgs/include/ur_dashboard_msgs/ur_dashboard_msgs/srv/get_user_role.hpp\n'}
[16.685079] (ur_dashboard_msgs) StdoutLine: {'line': b'-- Symlinking: /home/sonvu/ur_ws/install/ur_dashboard_msgs/include/ur_dashboard_msgs/ur_dashboard_msgs/srv/is_in_remote_control.hpp\n'}
[16.694614] (ur_dashboard_msgs) StdoutLine: {'line': b'-- Symlinking: /home/sonvu/ur_ws/install/ur_dashboard_msgs/include/ur_dashboard_msgs/ur_dashboard_msgs/srv/is_program_running.hpp\n'}
[16.700695] (ur_dashboard_msgs) StdoutLine: {'line': b'-- Symlinking: /home/sonvu/ur_ws/install/ur_dashboard_msgs/include/ur_dashboard_msgs/ur_dashboard_msgs/srv/is_program_saved.hpp\n'}
[16.709383] (ur_dashboard_msgs) StdoutLine: {'line': b'-- Symlinking: /home/sonvu/ur_ws/install/ur_dashboard_msgs/include/ur_dashboard_msgs/ur_dashboard_msgs/srv/load.hpp\n'}
[16.715895] (ur_dashboard_msgs) StdoutLine: {'line': b'-- Symlinking: /home/sonvu/ur_ws/install/ur_dashboard_msgs/include/ur_dashboard_msgs/ur_dashboard_msgs/srv/popup.hpp\n'}
[16.724761] (ur_dashboard_msgs) StdoutLine: {'line': b'-- Symlinking: /home/sonvu/ur_ws/install/ur_dashboard_msgs/include/ur_dashboard_msgs/ur_dashboard_msgs/srv/raw_request.hpp\n'}
[16.733597] (ur_dashboard_msgs) StdoutLine: {'line': b'-- Symlinking: /home/sonvu/ur_ws/install/ur_dashboard_msgs/include/ur_dashboard_msgs/ur_dashboard_msgs/srv/set_operational_mode.hpp\n'}
[16.745700] (ur_dashboard_msgs) StdoutLine: {'line': b'-- Symlinking: /home/sonvu/ur_ws/install/ur_dashboard_msgs/include/ur_dashboard_msgs/ur_dashboard_msgs/srv/set_user_role.hpp\n'}
[16.747319] (-) TimerEvent: {}
[16.755117] (ur_dashboard_msgs) StdoutLine: {'line': b'-- Symlinking: /home/sonvu/ur_ws/install/ur_dashboard_msgs/include/ur_dashboard_msgs/ur_dashboard_msgs/srv/upload_program.hpp\n'}
[16.764762] (ur_dashboard_msgs) StdoutLine: {'line': b'-- Symlinking: /home/sonvu/ur_ws/install/ur_dashboard_msgs/include/ur_dashboard_msgs/ur_dashboard_msgs/action/detail/set_mode__rosidl_typesupport_fastrtps_cpp.hpp\n'}
[16.774738] (ur_dashboard_msgs) StdoutLine: {'line': b'-- Symlinking: /home/sonvu/ur_ws/install/ur_dashboard_msgs/include/ur_dashboard_msgs/ur_dashboard_msgs/msg/detail/operational_mode__rosidl_typesupport_fastrtps_cpp.hpp\n'}
[16.780307] (ur_dashboard_msgs) StdoutLine: {'line': b'-- Symlinking: /home/sonvu/ur_ws/install/ur_dashboard_msgs/include/ur_dashboard_msgs/ur_dashboard_msgs/msg/detail/program_information__rosidl_typesupport_fastrtps_cpp.hpp\n'}
[16.787523] (ur_dashboard_msgs) StdoutLine: {'line': b'-- Symlinking: /home/sonvu/ur_ws/install/ur_dashboard_msgs/include/ur_dashboard_msgs/ur_dashboard_msgs/msg/detail/program_state__rosidl_typesupport_fastrtps_cpp.hpp\n'}
[16.795270] (ur_dashboard_msgs) StdoutLine: {'line': b'-- Symlinking: /home/sonvu/ur_ws/install/ur_dashboard_msgs/include/ur_dashboard_msgs/ur_dashboard_msgs/msg/detail/robot_mode__rosidl_typesupport_fastrtps_cpp.hpp\n'}
[16.802110] (ur_dashboard_msgs) StdoutLine: {'line': b'-- Symlinking: /home/sonvu/ur_ws/install/ur_dashboard_msgs/include/ur_dashboard_msgs/ur_dashboard_msgs/msg/detail/safety_mode__rosidl_typesupport_fastrtps_cpp.hpp\n'}
[16.810607] (ur_dashboard_msgs) StdoutLine: {'line': b'-- Symlinking: /home/sonvu/ur_ws/install/ur_dashboard_msgs/include/ur_dashboard_msgs/ur_dashboard_msgs/msg/detail/safety_status__rosidl_typesupport_fastrtps_cpp.hpp\n'}
[16.816510] (ur_dashboard_msgs) StdoutLine: {'line': b'-- Symlinking: /home/sonvu/ur_ws/install/ur_dashboard_msgs/include/ur_dashboard_msgs/ur_dashboard_msgs/msg/detail/user_role__rosidl_typesupport_fastrtps_cpp.hpp\n'}
[16.824973] (ur_dashboard_msgs) StdoutLine: {'line': b'-- Symlinking: /home/sonvu/ur_ws/install/ur_dashboard_msgs/include/ur_dashboard_msgs/ur_dashboard_msgs/msg/detail/version_information__rosidl_typesupport_fastrtps_cpp.hpp\n'}
[16.830004] (ur_dashboard_msgs) StdoutLine: {'line': b'-- Symlinking: /home/sonvu/ur_ws/install/ur_dashboard_msgs/include/ur_dashboard_msgs/ur_dashboard_msgs/msg/rosidl_typesupport_fastrtps_cpp__visibility_control.h\n'}
[16.836135] (ur_dashboard_msgs) StdoutLine: {'line': b'-- Symlinking: /home/sonvu/ur_ws/install/ur_dashboard_msgs/include/ur_dashboard_msgs/ur_dashboard_msgs/srv/detail/add_to_log__rosidl_typesupport_fastrtps_cpp.hpp\n'}
[16.843031] (ur_dashboard_msgs) StdoutLine: {'line': b'-- Symlinking: /home/sonvu/ur_ws/install/ur_dashboard_msgs/include/ur_dashboard_msgs/ur_dashboard_msgs/srv/detail/download_program__rosidl_typesupport_fastrtps_cpp.hpp\n'}
[16.847385] (-) TimerEvent: {}
[16.850524] (ur_dashboard_msgs) StdoutLine: {'line': b'-- Symlinking: /home/sonvu/ur_ws/install/ur_dashboard_msgs/include/ur_dashboard_msgs/ur_dashboard_msgs/srv/detail/download_support_file__rosidl_typesupport_fastrtps_cpp.hpp\n'}
[16.858420] (ur_dashboard_msgs) StdoutLine: {'line': b'-- Symlinking: /home/sonvu/ur_ws/install/ur_dashboard_msgs/include/ur_dashboard_msgs/ur_dashboard_msgs/srv/detail/generate_flight_report__rosidl_typesupport_fastrtps_cpp.hpp\n'}
[16.863721] (ur_dashboard_msgs) StdoutLine: {'line': b'-- Symlinking: /home/sonvu/ur_ws/install/ur_dashboard_msgs/include/ur_dashboard_msgs/ur_dashboard_msgs/srv/detail/generate_support_file__rosidl_typesupport_fastrtps_cpp.hpp\n'}
[16.868640] (ur_dashboard_msgs) StdoutLine: {'line': b'-- Symlinking: /home/sonvu/ur_ws/install/ur_dashboard_msgs/include/ur_dashboard_msgs/ur_dashboard_msgs/srv/detail/get_loaded_program__rosidl_typesupport_fastrtps_cpp.hpp\n'}
[16.874509] (ur_dashboard_msgs) StdoutLine: {'line': b'-- Symlinking: /home/sonvu/ur_ws/install/ur_dashboard_msgs/include/ur_dashboard_msgs/ur_dashboard_msgs/srv/detail/get_operational_mode__rosidl_typesupport_fastrtps_cpp.hpp\n'}
[16.880958] (ur_dashboard_msgs) StdoutLine: {'line': b'-- Symlinking: /home/sonvu/ur_ws/install/ur_dashboard_msgs/include/ur_dashboard_msgs/ur_dashboard_msgs/srv/detail/get_poly_scope_version__rosidl_typesupport_fastrtps_cpp.hpp\n'}
[16.888245] (ur_dashboard_msgs) StdoutLine: {'line': b'-- Symlinking: /home/sonvu/ur_ws/install/ur_dashboard_msgs/include/ur_dashboard_msgs/ur_dashboard_msgs/srv/detail/get_program_state__rosidl_typesupport_fastrtps_cpp.hpp\n'}
[16.895314] (ur_dashboard_msgs) StdoutLine: {'line': b'-- Symlinking: /home/sonvu/ur_ws/install/ur_dashboard_msgs/include/ur_dashboard_msgs/ur_dashboard_msgs/srv/detail/get_programs__rosidl_typesupport_fastrtps_cpp.hpp\n'}
[16.900255] (ur_dashboard_msgs) StdoutLine: {'line': b'-- Symlinking: /home/sonvu/ur_ws/install/ur_dashboard_msgs/include/ur_dashboard_msgs/ur_dashboard_msgs/srv/detail/get_robot_mode__rosidl_typesupport_fastrtps_cpp.hpp\n'}
[16.906705] (ur_dashboard_msgs) StdoutLine: {'line': b'-- Symlinking: /home/sonvu/ur_ws/install/ur_dashboard_msgs/include/ur_dashboard_msgs/ur_dashboard_msgs/srv/detail/get_robot_model__rosidl_typesupport_fastrtps_cpp.hpp\n'}
[16.915118] (ur_dashboard_msgs) StdoutLine: {'line': b'-- Symlinking: /home/sonvu/ur_ws/install/ur_dashboard_msgs/include/ur_dashboard_msgs/ur_dashboard_msgs/srv/detail/get_safety_mode__rosidl_typesupport_fastrtps_cpp.hpp\n'}
[16.920379] (ur_dashboard_msgs) StdoutLine: {'line': b'-- Symlinking: /home/sonvu/ur_ws/install/ur_dashboard_msgs/include/ur_dashboard_msgs/ur_dashboard_msgs/srv/detail/get_safety_status__rosidl_typesupport_fastrtps_cpp.hpp\n'}
[16.926605] (ur_dashboard_msgs) StdoutLine: {'line': b'-- Symlinking: /home/sonvu/ur_ws/install/ur_dashboard_msgs/include/ur_dashboard_msgs/ur_dashboard_msgs/srv/detail/get_serial_number__rosidl_typesupport_fastrtps_cpp.hpp\n'}
[16.934162] (ur_dashboard_msgs) StdoutLine: {'line': b'-- Symlinking: /home/sonvu/ur_ws/install/ur_dashboard_msgs/include/ur_dashboard_msgs/ur_dashboard_msgs/srv/detail/get_user_role__rosidl_typesupport_fastrtps_cpp.hpp\n'}
[16.942788] (ur_dashboard_msgs) StdoutLine: {'line': b'-- Symlinking: /home/sonvu/ur_ws/install/ur_dashboard_msgs/include/ur_dashboard_msgs/ur_dashboard_msgs/srv/detail/is_in_remote_control__rosidl_typesupport_fastrtps_cpp.hpp\n'}
[16.947560] (-) TimerEvent: {}
[16.951619] (ur_dashboard_msgs) StdoutLine: {'line': b'-- Symlinking: /home/sonvu/ur_ws/install/ur_dashboard_msgs/include/ur_dashboard_msgs/ur_dashboard_msgs/srv/detail/is_program_running__rosidl_typesupport_fastrtps_cpp.hpp\n'}
[16.960177] (ur_dashboard_msgs) StdoutLine: {'line': b'-- Symlinking: /home/sonvu/ur_ws/install/ur_dashboard_msgs/include/ur_dashboard_msgs/ur_dashboard_msgs/srv/detail/is_program_saved__rosidl_typesupport_fastrtps_cpp.hpp\n'}
[16.969206] (ur_dashboard_msgs) StdoutLine: {'line': b'-- Symlinking: /home/sonvu/ur_ws/install/ur_dashboard_msgs/include/ur_dashboard_msgs/ur_dashboard_msgs/srv/detail/load__rosidl_typesupport_fastrtps_cpp.hpp\n'}
[16.974329] (ur_dashboard_msgs) StdoutLine: {'line': b'-- Symlinking: /home/sonvu/ur_ws/install/ur_dashboard_msgs/include/ur_dashboard_msgs/ur_dashboard_msgs/srv/detail/popup__rosidl_typesupport_fastrtps_cpp.hpp\n'}
[16.981232] (ur_dashboard_msgs) StdoutLine: {'line': b'-- Symlinking: /home/sonvu/ur_ws/install/ur_dashboard_msgs/include/ur_dashboard_msgs/ur_dashboard_msgs/srv/detail/raw_request__rosidl_typesupport_fastrtps_cpp.hpp\n'}
[16.989315] (ur_dashboard_msgs) StdoutLine: {'line': b'-- Symlinking: /home/sonvu/ur_ws/install/ur_dashboard_msgs/include/ur_dashboard_msgs/ur_dashboard_msgs/srv/detail/set_operational_mode__rosidl_typesupport_fastrtps_cpp.hpp\n'}
[16.995718] (ur_dashboard_msgs) StdoutLine: {'line': b'-- Symlinking: /home/sonvu/ur_ws/install/ur_dashboard_msgs/include/ur_dashboard_msgs/ur_dashboard_msgs/srv/detail/set_user_role__rosidl_typesupport_fastrtps_cpp.hpp\n'}
[17.005814] (ur_dashboard_msgs) StdoutLine: {'line': b'-- Symlinking: /home/sonvu/ur_ws/install/ur_dashboard_msgs/include/ur_dashboard_msgs/ur_dashboard_msgs/srv/detail/upload_program__rosidl_typesupport_fastrtps_cpp.hpp\n'}
[17.016262] (ur_dashboard_msgs) StdoutLine: {'line': b'-- Symlinking: /home/sonvu/ur_ws/install/ur_dashboard_msgs/include/ur_dashboard_msgs/ur_dashboard_msgs/action/detail/set_mode__rosidl_typesupport_introspection_cpp.hpp\n'}
[17.022121] (ur_dashboard_msgs) StdoutLine: {'line': b'-- Symlinking: /home/sonvu/ur_ws/install/ur_dashboard_msgs/include/ur_dashboard_msgs/ur_dashboard_msgs/msg/detail/operational_mode__rosidl_typesupport_introspection_cpp.hpp\n'}
[17.027423] (ur_dashboard_msgs) StdoutLine: {'line': b'-- Symlinking: /home/sonvu/ur_ws/install/ur_dashboard_msgs/include/ur_dashboard_msgs/ur_dashboard_msgs/msg/detail/program_information__rosidl_typesupport_introspection_cpp.hpp\n'}
[17.033699] (ur_dashboard_msgs) StdoutLine: {'line': b'-- Symlinking: /home/sonvu/ur_ws/install/ur_dashboard_msgs/include/ur_dashboard_msgs/ur_dashboard_msgs/msg/detail/program_state__rosidl_typesupport_introspection_cpp.hpp\n'}
[17.039930] (ur_dashboard_msgs) StdoutLine: {'line': b'-- Symlinking: /home/sonvu/ur_ws/install/ur_dashboard_msgs/include/ur_dashboard_msgs/ur_dashboard_msgs/msg/detail/robot_mode__rosidl_typesupport_introspection_cpp.hpp\n'}
[17.046782] (ur_dashboard_msgs) StdoutLine: {'line': b'-- Symlinking: /home/sonvu/ur_ws/install/ur_dashboard_msgs/include/ur_dashboard_msgs/ur_dashboard_msgs/msg/detail/safety_mode__rosidl_typesupport_introspection_cpp.hpp\n'}
[17.047624] (-) TimerEvent: {}
[17.053048] (ur_dashboard_msgs) StdoutLine: {'line': b'-- Symlinking: /home/sonvu/ur_ws/install/ur_dashboard_msgs/include/ur_dashboard_msgs/ur_dashboard_msgs/msg/detail/safety_status__rosidl_typesupport_introspection_cpp.hpp\n'}
[17.058570] (ur_dashboard_msgs) StdoutLine: {'line': b'-- Symlinking: /home/sonvu/ur_ws/install/ur_dashboard_msgs/include/ur_dashboard_msgs/ur_dashboard_msgs/msg/detail/user_role__rosidl_typesupport_introspection_cpp.hpp\n'}
[17.066300] (ur_dashboard_msgs) StdoutLine: {'line': b'-- Symlinking: /home/sonvu/ur_ws/install/ur_dashboard_msgs/include/ur_dashboard_msgs/ur_dashboard_msgs/msg/detail/version_information__rosidl_typesupport_introspection_cpp.hpp\n'}
[17.070981] (ur_dashboard_msgs) StdoutLine: {'line': b'-- Symlinking: /home/sonvu/ur_ws/install/ur_dashboard_msgs/include/ur_dashboard_msgs/ur_dashboard_msgs/srv/detail/add_to_log__rosidl_typesupport_introspection_cpp.hpp\n'}
[17.077239] (ur_dashboard_msgs) StdoutLine: {'line': b'-- Symlinking: /home/sonvu/ur_ws/install/ur_dashboard_msgs/include/ur_dashboard_msgs/ur_dashboard_msgs/srv/detail/download_program__rosidl_typesupport_introspection_cpp.hpp\n'}
[17.085767] (ur_dashboard_msgs) StdoutLine: {'line': b'-- Symlinking: /home/sonvu/ur_ws/install/ur_dashboard_msgs/include/ur_dashboard_msgs/ur_dashboard_msgs/srv/detail/download_support_file__rosidl_typesupport_introspection_cpp.hpp\n'}
[17.093928] (ur_dashboard_msgs) StdoutLine: {'line': b'-- Symlinking: /home/sonvu/ur_ws/install/ur_dashboard_msgs/include/ur_dashboard_msgs/ur_dashboard_msgs/srv/detail/generate_flight_report__rosidl_typesupport_introspection_cpp.hpp\n'}
[17.102396] (ur_dashboard_msgs) StdoutLine: {'line': b'-- Symlinking: /home/sonvu/ur_ws/install/ur_dashboard_msgs/include/ur_dashboard_msgs/ur_dashboard_msgs/srv/detail/generate_support_file__rosidl_typesupport_introspection_cpp.hpp\n'}
[17.109673] (ur_dashboard_msgs) StdoutLine: {'line': b'-- Symlinking: /home/sonvu/ur_ws/install/ur_dashboard_msgs/include/ur_dashboard_msgs/ur_dashboard_msgs/srv/detail/get_loaded_program__rosidl_typesupport_introspection_cpp.hpp\n'}
[17.119203] (ur_dashboard_msgs) StdoutLine: {'line': b'-- Symlinking: /home/sonvu/ur_ws/install/ur_dashboard_msgs/include/ur_dashboard_msgs/ur_dashboard_msgs/srv/detail/get_operational_mode__rosidl_typesupport_introspection_cpp.hpp\n'}
[17.127636] (ur_dashboard_msgs) StdoutLine: {'line': b'-- Symlinking: /home/sonvu/ur_ws/install/ur_dashboard_msgs/include/ur_dashboard_msgs/ur_dashboard_msgs/srv/detail/get_poly_scope_version__rosidl_typesupport_introspection_cpp.hpp\n'}
[17.133821] (ur_dashboard_msgs) StdoutLine: {'line': b'-- Symlinking: /home/sonvu/ur_ws/install/ur_dashboard_msgs/include/ur_dashboard_msgs/ur_dashboard_msgs/srv/detail/get_program_state__rosidl_typesupport_introspection_cpp.hpp\n'}
[17.140529] (ur_dashboard_msgs) StdoutLine: {'line': b'-- Symlinking: /home/sonvu/ur_ws/install/ur_dashboard_msgs/include/ur_dashboard_msgs/ur_dashboard_msgs/srv/detail/get_programs__rosidl_typesupport_introspection_cpp.hpp\n'}
[17.146192] (ur_dashboard_msgs) StdoutLine: {'line': b'-- Symlinking: /home/sonvu/ur_ws/install/ur_dashboard_msgs/include/ur_dashboard_msgs/ur_dashboard_msgs/srv/detail/get_robot_mode__rosidl_typesupport_introspection_cpp.hpp\n'}
[17.147694] (-) TimerEvent: {}
[17.150912] (ur_dashboard_msgs) StdoutLine: {'line': b'-- Symlinking: /home/sonvu/ur_ws/install/ur_dashboard_msgs/include/ur_dashboard_msgs/ur_dashboard_msgs/srv/detail/get_robot_model__rosidl_typesupport_introspection_cpp.hpp\n'}
[17.158907] (ur_dashboard_msgs) StdoutLine: {'line': b'-- Symlinking: /home/sonvu/ur_ws/install/ur_dashboard_msgs/include/ur_dashboard_msgs/ur_dashboard_msgs/srv/detail/get_safety_mode__rosidl_typesupport_introspection_cpp.hpp\n'}
[17.164994] (ur_dashboard_msgs) StdoutLine: {'line': b'-- Symlinking: /home/sonvu/ur_ws/install/ur_dashboard_msgs/include/ur_dashboard_msgs/ur_dashboard_msgs/srv/detail/get_safety_status__rosidl_typesupport_introspection_cpp.hpp\n'}
[17.169747] (ur_dashboard_msgs) StdoutLine: {'line': b'-- Symlinking: /home/sonvu/ur_ws/install/ur_dashboard_msgs/include/ur_dashboard_msgs/ur_dashboard_msgs/srv/detail/get_serial_number__rosidl_typesupport_introspection_cpp.hpp\n'}
[17.175241] (ur_dashboard_msgs) StdoutLine: {'line': b'-- Symlinking: /home/sonvu/ur_ws/install/ur_dashboard_msgs/include/ur_dashboard_msgs/ur_dashboard_msgs/srv/detail/get_user_role__rosidl_typesupport_introspection_cpp.hpp\n'}
[17.184028] (ur_dashboard_msgs) StdoutLine: {'line': b'-- Symlinking: /home/sonvu/ur_ws/install/ur_dashboard_msgs/include/ur_dashboard_msgs/ur_dashboard_msgs/srv/detail/is_in_remote_control__rosidl_typesupport_introspection_cpp.hpp\n'}
[17.192543] (ur_dashboard_msgs) StdoutLine: {'line': b'-- Symlinking: /home/sonvu/ur_ws/install/ur_dashboard_msgs/include/ur_dashboard_msgs/ur_dashboard_msgs/srv/detail/is_program_running__rosidl_typesupport_introspection_cpp.hpp\n'}
[17.201060] (ur_dashboard_msgs) StdoutLine: {'line': b'-- Symlinking: /home/sonvu/ur_ws/install/ur_dashboard_msgs/include/ur_dashboard_msgs/ur_dashboard_msgs/srv/detail/is_program_saved__rosidl_typesupport_introspection_cpp.hpp\n'}
[17.208624] (ur_dashboard_msgs) StdoutLine: {'line': b'-- Symlinking: /home/sonvu/ur_ws/install/ur_dashboard_msgs/include/ur_dashboard_msgs/ur_dashboard_msgs/srv/detail/load__rosidl_typesupport_introspection_cpp.hpp\n'}
[17.216728] (ur_dashboard_msgs) StdoutLine: {'line': b'-- Symlinking: /home/sonvu/ur_ws/install/ur_dashboard_msgs/include/ur_dashboard_msgs/ur_dashboard_msgs/srv/detail/popup__rosidl_typesupport_introspection_cpp.hpp\n'}
[17.224002] (ur_dashboard_msgs) StdoutLine: {'line': b'-- Symlinking: /home/sonvu/ur_ws/install/ur_dashboard_msgs/include/ur_dashboard_msgs/ur_dashboard_msgs/srv/detail/raw_request__rosidl_typesupport_introspection_cpp.hpp\n'}
[17.230969] (ur_dashboard_msgs) StdoutLine: {'line': b'-- Symlinking: /home/sonvu/ur_ws/install/ur_dashboard_msgs/include/ur_dashboard_msgs/ur_dashboard_msgs/srv/detail/set_operational_mode__rosidl_typesupport_introspection_cpp.hpp\n'}
[17.235718] (ur_dashboard_msgs) StdoutLine: {'line': b'-- Symlinking: /home/sonvu/ur_ws/install/ur_dashboard_msgs/include/ur_dashboard_msgs/ur_dashboard_msgs/srv/detail/set_user_role__rosidl_typesupport_introspection_cpp.hpp\n'}
[17.241015] (ur_dashboard_msgs) StdoutLine: {'line': b'-- Symlinking: /home/sonvu/ur_ws/install/ur_dashboard_msgs/include/ur_dashboard_msgs/ur_dashboard_msgs/srv/detail/upload_program__rosidl_typesupport_introspection_cpp.hpp\n'}
[17.247767] (-) TimerEvent: {}
[17.248471] (ur_dashboard_msgs) StdoutLine: {'line': b'-- Symlinking: /home/sonvu/ur_ws/install/ur_dashboard_msgs/share/ur_dashboard_msgs/environment/pythonpath.sh\n'}
[17.253076] (ur_dashboard_msgs) StdoutLine: {'line': b'-- Symlinking: /home/sonvu/ur_ws/install/ur_dashboard_msgs/share/ur_dashboard_msgs/environment/pythonpath.dsv\n'}
[17.260944] (ur_dashboard_msgs) StdoutLine: {'line': b'-- Symlinking: /home/sonvu/ur_ws/install/ur_dashboard_msgs/local/lib/python3.10/dist-packages/ur_dashboard_msgs-2.15.0-py3.10.egg-info/PKG-INFO\n'}
[17.266499] (ur_dashboard_msgs) StdoutLine: {'line': b'-- Symlinking: /home/sonvu/ur_ws/install/ur_dashboard_msgs/local/lib/python3.10/dist-packages/ur_dashboard_msgs-2.15.0-py3.10.egg-info/SOURCES.txt\n'}
[17.273502] (ur_dashboard_msgs) StdoutLine: {'line': b'-- Symlinking: /home/sonvu/ur_ws/install/ur_dashboard_msgs/local/lib/python3.10/dist-packages/ur_dashboard_msgs-2.15.0-py3.10.egg-info/dependency_links.txt\n'}
[17.279993] (ur_dashboard_msgs) StdoutLine: {'line': b'-- Symlinking: /home/sonvu/ur_ws/install/ur_dashboard_msgs/local/lib/python3.10/dist-packages/ur_dashboard_msgs-2.15.0-py3.10.egg-info/top_level.txt\n'}
[17.286453] (ur_dashboard_msgs) StdoutLine: {'line': b'-- Symlinking: /home/sonvu/ur_ws/install/ur_dashboard_msgs/local/lib/python3.10/dist-packages/ur_dashboard_msgs/__init__.py\n'}
[17.292190] (ur_dashboard_msgs) StdoutLine: {'line': b'-- Symlinking: /home/sonvu/ur_ws/install/ur_dashboard_msgs/local/lib/python3.10/dist-packages/ur_dashboard_msgs/_ur_dashboard_msgs_s.ep.rosidl_typesupport_c.c\n'}
[17.298731] (ur_dashboard_msgs) StdoutLine: {'line': b'-- Symlinking: /home/sonvu/ur_ws/install/ur_dashboard_msgs/local/lib/python3.10/dist-packages/ur_dashboard_msgs/_ur_dashboard_msgs_s.ep.rosidl_typesupport_fastrtps_c.c\n'}
[17.305359] (ur_dashboard_msgs) StdoutLine: {'line': b'-- Symlinking: /home/sonvu/ur_ws/install/ur_dashboard_msgs/local/lib/python3.10/dist-packages/ur_dashboard_msgs/_ur_dashboard_msgs_s.ep.rosidl_typesupport_introspection_c.c\n'}
[17.311419] (ur_dashboard_msgs) StdoutLine: {'line': b'-- Symlinking: /home/sonvu/ur_ws/install/ur_dashboard_msgs/local/lib/python3.10/dist-packages/ur_dashboard_msgs/action/__init__.py\n'}
[17.316442] (ur_dashboard_msgs) StdoutLine: {'line': b'-- Symlinking: /home/sonvu/ur_ws/install/ur_dashboard_msgs/local/lib/python3.10/dist-packages/ur_dashboard_msgs/action/_set_mode.py\n'}
[17.322951] (ur_dashboard_msgs) StdoutLine: {'line': b'-- Symlinking: /home/sonvu/ur_ws/install/ur_dashboard_msgs/local/lib/python3.10/dist-packages/ur_dashboard_msgs/action/_set_mode_s.c\n'}
[17.327850] (ur_dashboard_msgs) StdoutLine: {'line': b'-- Symlinking: /home/sonvu/ur_ws/install/ur_dashboard_msgs/local/lib/python3.10/dist-packages/ur_dashboard_msgs/libur_dashboard_msgs__rosidl_generator_py.so\n'}
[17.334189] (ur_dashboard_msgs) StdoutLine: {'line': b'-- Symlinking: /home/sonvu/ur_ws/install/ur_dashboard_msgs/local/lib/python3.10/dist-packages/ur_dashboard_msgs/msg/__init__.py\n'}
[17.339580] (ur_dashboard_msgs) StdoutLine: {'line': b'-- Symlinking: /home/sonvu/ur_ws/install/ur_dashboard_msgs/local/lib/python3.10/dist-packages/ur_dashboard_msgs/msg/_operational_mode.py\n'}
[17.345773] (ur_dashboard_msgs) StdoutLine: {'line': b'-- Symlinking: /home/sonvu/ur_ws/install/ur_dashboard_msgs/local/lib/python3.10/dist-packages/ur_dashboard_msgs/msg/_operational_mode_s.c\n'}
[17.347860] (-) TimerEvent: {}
[17.350651] (ur_dashboard_msgs) StdoutLine: {'line': b'-- Symlinking: /home/sonvu/ur_ws/install/ur_dashboard_msgs/local/lib/python3.10/dist-packages/ur_dashboard_msgs/msg/_program_information.py\n'}
[17.355842] (ur_dashboard_msgs) StdoutLine: {'line': b'-- Symlinking: /home/sonvu/ur_ws/install/ur_dashboard_msgs/local/lib/python3.10/dist-packages/ur_dashboard_msgs/msg/_program_information_s.c\n'}
[17.360633] (ur_dashboard_msgs) StdoutLine: {'line': b'-- Symlinking: /home/sonvu/ur_ws/install/ur_dashboard_msgs/local/lib/python3.10/dist-packages/ur_dashboard_msgs/msg/_program_state.py\n'}
[17.366467] (ur_dashboard_msgs) StdoutLine: {'line': b'-- Symlinking: /home/sonvu/ur_ws/install/ur_dashboard_msgs/local/lib/python3.10/dist-packages/ur_dashboard_msgs/msg/_program_state_s.c\n'}
[17.371500] (ur_dashboard_msgs) StdoutLine: {'line': b'-- Symlinking: /home/sonvu/ur_ws/install/ur_dashboard_msgs/local/lib/python3.10/dist-packages/ur_dashboard_msgs/msg/_robot_mode.py\n'}
[17.376609] (ur_dashboard_msgs) StdoutLine: {'line': b'-- Symlinking: /home/sonvu/ur_ws/install/ur_dashboard_msgs/local/lib/python3.10/dist-packages/ur_dashboard_msgs/msg/_robot_mode_s.c\n'}
[17.382979] (ur_dashboard_msgs) StdoutLine: {'line': b'-- Symlinking: /home/sonvu/ur_ws/install/ur_dashboard_msgs/local/lib/python3.10/dist-packages/ur_dashboard_msgs/msg/_safety_mode.py\n'}
[17.388867] (ur_dashboard_msgs) StdoutLine: {'line': b'-- Symlinking: /home/sonvu/ur_ws/install/ur_dashboard_msgs/local/lib/python3.10/dist-packages/ur_dashboard_msgs/msg/_safety_mode_s.c\n'}
[17.398456] (ur_dashboard_msgs) StdoutLine: {'line': b'-- Symlinking: /home/sonvu/ur_ws/install/ur_dashboard_msgs/local/lib/python3.10/dist-packages/ur_dashboard_msgs/msg/_safety_status.py\n'}
[17.408319] (ur_dashboard_msgs) StdoutLine: {'line': b'-- Symlinking: /home/sonvu/ur_ws/install/ur_dashboard_msgs/local/lib/python3.10/dist-packages/ur_dashboard_msgs/msg/_safety_status_s.c\n'}
[17.425697] (ur_dashboard_msgs) StdoutLine: {'line': b'-- Symlinking: /home/sonvu/ur_ws/install/ur_dashboard_msgs/local/lib/python3.10/dist-packages/ur_dashboard_msgs/msg/_user_role.py\n'}
[17.439304] (ur_dashboard_msgs) StdoutLine: {'line': b'-- Symlinking: /home/sonvu/ur_ws/install/ur_dashboard_msgs/local/lib/python3.10/dist-packages/ur_dashboard_msgs/msg/_user_role_s.c\n'}
[17.446506] (ur_dashboard_msgs) StdoutLine: {'line': b'-- Symlinking: /home/sonvu/ur_ws/install/ur_dashboard_msgs/local/lib/python3.10/dist-packages/ur_dashboard_msgs/msg/_version_information.py\n'}
[17.447931] (-) TimerEvent: {}
[17.455562] (ur_dashboard_msgs) StdoutLine: {'line': b'-- Symlinking: /home/sonvu/ur_ws/install/ur_dashboard_msgs/local/lib/python3.10/dist-packages/ur_dashboard_msgs/msg/_version_information_s.c\n'}
[17.468723] (ur_dashboard_msgs) StdoutLine: {'line': b'-- Symlinking: /home/sonvu/ur_ws/install/ur_dashboard_msgs/local/lib/python3.10/dist-packages/ur_dashboard_msgs/srv/__init__.py\n'}
[17.480526] (ur_dashboard_msgs) StdoutLine: {'line': b'-- Symlinking: /home/sonvu/ur_ws/install/ur_dashboard_msgs/local/lib/python3.10/dist-packages/ur_dashboard_msgs/srv/_add_to_log.py\n'}
[17.493051] (ur_dashboard_msgs) StdoutLine: {'line': b'-- Symlinking: /home/sonvu/ur_ws/install/ur_dashboard_msgs/local/lib/python3.10/dist-packages/ur_dashboard_msgs/srv/_add_to_log_s.c\n'}
[17.508614] (ur_dashboard_msgs) StdoutLine: {'line': b'-- Symlinking: /home/sonvu/ur_ws/install/ur_dashboard_msgs/local/lib/python3.10/dist-packages/ur_dashboard_msgs/srv/_download_program.py\n'}
[17.523731] (ur_dashboard_msgs) StdoutLine: {'line': b'-- Symlinking: /home/sonvu/ur_ws/install/ur_dashboard_msgs/local/lib/python3.10/dist-packages/ur_dashboard_msgs/srv/_download_program_s.c\n'}
[17.537094] (ur_dashboard_msgs) StdoutLine: {'line': b'-- Symlinking: /home/sonvu/ur_ws/install/ur_dashboard_msgs/local/lib/python3.10/dist-packages/ur_dashboard_msgs/srv/_download_support_file.py\n'}
[17.548185] (-) TimerEvent: {}
[17.551023] (ur_dashboard_msgs) StdoutLine: {'line': b'-- Symlinking: /home/sonvu/ur_ws/install/ur_dashboard_msgs/local/lib/python3.10/dist-packages/ur_dashboard_msgs/srv/_download_support_file_s.c\n'}
[17.574256] (ur_dashboard_msgs) StdoutLine: {'line': b'-- Symlinking: /home/sonvu/ur_ws/install/ur_dashboard_msgs/local/lib/python3.10/dist-packages/ur_dashboard_msgs/srv/_generate_flight_report.py\n'}
[17.587888] (ur_dashboard_msgs) StdoutLine: {'line': b'-- Symlinking: /home/sonvu/ur_ws/install/ur_dashboard_msgs/local/lib/python3.10/dist-packages/ur_dashboard_msgs/srv/_generate_flight_report_s.c\n'}
[17.601056] (ur_dashboard_msgs) StdoutLine: {'line': b'-- Symlinking: /home/sonvu/ur_ws/install/ur_dashboard_msgs/local/lib/python3.10/dist-packages/ur_dashboard_msgs/srv/_generate_support_file.py\n'}
[17.613604] (ur_dashboard_msgs) StdoutLine: {'line': b'-- Symlinking: /home/sonvu/ur_ws/install/ur_dashboard_msgs/local/lib/python3.10/dist-packages/ur_dashboard_msgs/srv/_generate_support_file_s.c\n'}
[17.634687] (ur_dashboard_msgs) StdoutLine: {'line': b'-- Symlinking: /home/sonvu/ur_ws/install/ur_dashboard_msgs/local/lib/python3.10/dist-packages/ur_dashboard_msgs/srv/_get_loaded_program.py\n'}
[17.648475] (-) TimerEvent: {}
[17.654410] (ur_dashboard_msgs) StdoutLine: {'line': b'-- Symlinking: /home/sonvu/ur_ws/install/ur_dashboard_msgs/local/lib/python3.10/dist-packages/ur_dashboard_msgs/srv/_get_loaded_program_s.c\n'}
[17.667026] (ur_dashboard_msgs) StdoutLine: {'line': b'-- Symlinking: /home/sonvu/ur_ws/install/ur_dashboard_msgs/local/lib/python3.10/dist-packages/ur_dashboard_msgs/srv/_get_operational_mode.py\n'}
[17.678266] (ur_dashboard_msgs) StdoutLine: {'line': b'-- Symlinking: /home/sonvu/ur_ws/install/ur_dashboard_msgs/local/lib/python3.10/dist-packages/ur_dashboard_msgs/srv/_get_operational_mode_s.c\n'}
[17.689197] (ur_dashboard_msgs) StdoutLine: {'line': b'-- Symlinking: /home/sonvu/ur_ws/install/ur_dashboard_msgs/local/lib/python3.10/dist-packages/ur_dashboard_msgs/srv/_get_poly_scope_version.py\n'}
[17.698585] (ur_dashboard_msgs) StdoutLine: {'line': b'-- Symlinking: /home/sonvu/ur_ws/install/ur_dashboard_msgs/local/lib/python3.10/dist-packages/ur_dashboard_msgs/srv/_get_poly_scope_version_s.c\n'}
[17.711628] (ur_dashboard_msgs) StdoutLine: {'line': b'-- Symlinking: /home/sonvu/ur_ws/install/ur_dashboard_msgs/local/lib/python3.10/dist-packages/ur_dashboard_msgs/srv/_get_program_state.py\n'}
[17.728380] (ur_dashboard_msgs) StdoutLine: {'line': b'-- Symlinking: /home/sonvu/ur_ws/install/ur_dashboard_msgs/local/lib/python3.10/dist-packages/ur_dashboard_msgs/srv/_get_program_state_s.c\n'}
[17.746252] (ur_dashboard_msgs) StdoutLine: {'line': b'-- Symlinking: /home/sonvu/ur_ws/install/ur_dashboard_msgs/local/lib/python3.10/dist-packages/ur_dashboard_msgs/srv/_get_programs.py\n'}
[17.748585] (-) TimerEvent: {}
[17.759118] (ur_dashboard_msgs) StdoutLine: {'line': b'-- Symlinking: /home/sonvu/ur_ws/install/ur_dashboard_msgs/local/lib/python3.10/dist-packages/ur_dashboard_msgs/srv/_get_programs_s.c\n'}
[17.773275] (ur_dashboard_msgs) StdoutLine: {'line': b'-- Symlinking: /home/sonvu/ur_ws/install/ur_dashboard_msgs/local/lib/python3.10/dist-packages/ur_dashboard_msgs/srv/_get_robot_mode.py\n'}
[17.798946] (ur_dashboard_msgs) StdoutLine: {'line': b'-- Symlinking: /home/sonvu/ur_ws/install/ur_dashboard_msgs/local/lib/python3.10/dist-packages/ur_dashboard_msgs/srv/_get_robot_mode_s.c\n'}
[17.813905] (ur_dashboard_msgs) StdoutLine: {'line': b'-- Symlinking: /home/sonvu/ur_ws/install/ur_dashboard_msgs/local/lib/python3.10/dist-packages/ur_dashboard_msgs/srv/_get_robot_model.py\n'}
[17.825894] (ur_dashboard_msgs) StdoutLine: {'line': b'-- Symlinking: /home/sonvu/ur_ws/install/ur_dashboard_msgs/local/lib/python3.10/dist-packages/ur_dashboard_msgs/srv/_get_robot_model_s.c\n'}
[17.837769] (ur_dashboard_msgs) StdoutLine: {'line': b'-- Symlinking: /home/sonvu/ur_ws/install/ur_dashboard_msgs/local/lib/python3.10/dist-packages/ur_dashboard_msgs/srv/_get_safety_mode.py\n'}
[17.848768] (-) TimerEvent: {}
[17.851053] (ur_dashboard_msgs) StdoutLine: {'line': b'-- Symlinking: /home/sonvu/ur_ws/install/ur_dashboard_msgs/local/lib/python3.10/dist-packages/ur_dashboard_msgs/srv/_get_safety_mode_s.c\n'}
[17.862505] (ur_dashboard_msgs) StdoutLine: {'line': b'-- Symlinking: /home/sonvu/ur_ws/install/ur_dashboard_msgs/local/lib/python3.10/dist-packages/ur_dashboard_msgs/srv/_get_safety_status.py\n'}
[17.873902] (ur_dashboard_msgs) StdoutLine: {'line': b'-- Symlinking: /home/sonvu/ur_ws/install/ur_dashboard_msgs/local/lib/python3.10/dist-packages/ur_dashboard_msgs/srv/_get_safety_status_s.c\n'}
[17.885686] (ur_dashboard_msgs) StdoutLine: {'line': b'-- Symlinking: /home/sonvu/ur_ws/install/ur_dashboard_msgs/local/lib/python3.10/dist-packages/ur_dashboard_msgs/srv/_get_serial_number.py\n'}
[17.895241] (ur_dashboard_msgs) StdoutLine: {'line': b'-- Symlinking: /home/sonvu/ur_ws/install/ur_dashboard_msgs/local/lib/python3.10/dist-packages/ur_dashboard_msgs/srv/_get_serial_number_s.c\n'}
[17.900307] (ur_dashboard_msgs) StdoutLine: {'line': b'-- Symlinking: /home/sonvu/ur_ws/install/ur_dashboard_msgs/local/lib/python3.10/dist-packages/ur_dashboard_msgs/srv/_get_user_role.py\n'}
[17.908214] (ur_dashboard_msgs) StdoutLine: {'line': b'-- Symlinking: /home/sonvu/ur_ws/install/ur_dashboard_msgs/local/lib/python3.10/dist-packages/ur_dashboard_msgs/srv/_get_user_role_s.c\n'}
[17.916508] (ur_dashboard_msgs) StdoutLine: {'line': b'-- Symlinking: /home/sonvu/ur_ws/install/ur_dashboard_msgs/local/lib/python3.10/dist-packages/ur_dashboard_msgs/srv/_is_in_remote_control.py\n'}
[17.924276] (ur_dashboard_msgs) StdoutLine: {'line': b'-- Symlinking: /home/sonvu/ur_ws/install/ur_dashboard_msgs/local/lib/python3.10/dist-packages/ur_dashboard_msgs/srv/_is_in_remote_control_s.c\n'}
[17.929281] (ur_dashboard_msgs) StdoutLine: {'line': b'-- Symlinking: /home/sonvu/ur_ws/install/ur_dashboard_msgs/local/lib/python3.10/dist-packages/ur_dashboard_msgs/srv/_is_program_running.py\n'}
[17.936038] (ur_dashboard_msgs) StdoutLine: {'line': b'-- Symlinking: /home/sonvu/ur_ws/install/ur_dashboard_msgs/local/lib/python3.10/dist-packages/ur_dashboard_msgs/srv/_is_program_running_s.c\n'}
[17.946221] (ur_dashboard_msgs) StdoutLine: {'line': b'-- Symlinking: /home/sonvu/ur_ws/install/ur_dashboard_msgs/local/lib/python3.10/dist-packages/ur_dashboard_msgs/srv/_is_program_saved.py\n'}
[17.948950] (-) TimerEvent: {}
[17.954728] (ur_dashboard_msgs) StdoutLine: {'line': b'-- Symlinking: /home/sonvu/ur_ws/install/ur_dashboard_msgs/local/lib/python3.10/dist-packages/ur_dashboard_msgs/srv/_is_program_saved_s.c\n'}
[17.963688] (ur_dashboard_msgs) StdoutLine: {'line': b'-- Symlinking: /home/sonvu/ur_ws/install/ur_dashboard_msgs/local/lib/python3.10/dist-packages/ur_dashboard_msgs/srv/_load.py\n'}
[17.973170] (ur_dashboard_msgs) StdoutLine: {'line': b'-- Symlinking: /home/sonvu/ur_ws/install/ur_dashboard_msgs/local/lib/python3.10/dist-packages/ur_dashboard_msgs/srv/_load_s.c\n'}
[17.988697] (ur_dashboard_msgs) StdoutLine: {'line': b'-- Symlinking: /home/sonvu/ur_ws/install/ur_dashboard_msgs/local/lib/python3.10/dist-packages/ur_dashboard_msgs/srv/_popup.py\n'}
[18.007931] (ur_dashboard_msgs) StdoutLine: {'line': b'-- Symlinking: /home/sonvu/ur_ws/install/ur_dashboard_msgs/local/lib/python3.10/dist-packages/ur_dashboard_msgs/srv/_popup_s.c\n'}
[18.023009] (ur_dashboard_msgs) StdoutLine: {'line': b'-- Symlinking: /home/sonvu/ur_ws/install/ur_dashboard_msgs/local/lib/python3.10/dist-packages/ur_dashboard_msgs/srv/_raw_request.py\n'}
[18.035812] (ur_dashboard_msgs) StdoutLine: {'line': b'-- Symlinking: /home/sonvu/ur_ws/install/ur_dashboard_msgs/local/lib/python3.10/dist-packages/ur_dashboard_msgs/srv/_raw_request_s.c\n'}
[18.047308] (ur_dashboard_msgs) StdoutLine: {'line': b'-- Symlinking: /home/sonvu/ur_ws/install/ur_dashboard_msgs/local/lib/python3.10/dist-packages/ur_dashboard_msgs/srv/_set_operational_mode.py\n'}
[18.049096] (-) TimerEvent: {}
[18.060154] (ur_dashboard_msgs) StdoutLine: {'line': b'-- Symlinking: /home/sonvu/ur_ws/install/ur_dashboard_msgs/local/lib/python3.10/dist-packages/ur_dashboard_msgs/srv/_set_operational_mode_s.c\n'}
[18.071701] (ur_dashboard_msgs) StdoutLine: {'line': b'-- Symlinking: /home/sonvu/ur_ws/install/ur_dashboard_msgs/local/lib/python3.10/dist-packages/ur_dashboard_msgs/srv/_set_user_role.py\n'}
[18.084140] (ur_dashboard_msgs) StdoutLine: {'line': b'-- Symlinking: /home/sonvu/ur_ws/install/ur_dashboard_msgs/local/lib/python3.10/dist-packages/ur_dashboard_msgs/srv/_set_user_role_s.c\n'}
[18.090947] (ur_dashboard_msgs) StdoutLine: {'line': b'-- Symlinking: /home/sonvu/ur_ws/install/ur_dashboard_msgs/local/lib/python3.10/dist-packages/ur_dashboard_msgs/srv/_upload_program.py\n'}
[18.105630] (ur_dashboard_msgs) StdoutLine: {'line': b'-- Symlinking: /home/sonvu/ur_ws/install/ur_dashboard_msgs/local/lib/python3.10/dist-packages/ur_dashboard_msgs/srv/_upload_program_s.c\n'}
[18.123263] (ur_dashboard_msgs) StdoutLine: {'line': b'-- Symlinking: /home/sonvu/ur_ws/install/ur_dashboard_msgs/local/lib/python3.10/dist-packages/ur_dashboard_msgs/ur_dashboard_msgs_s__rosidl_typesupport_c.cpython-310-x86_64-linux-gnu.so\n'}
[18.134789] (ur_dashboard_msgs) StdoutLine: {'line': b'-- Symlinking: /home/sonvu/ur_ws/install/ur_dashboard_msgs/local/lib/python3.10/dist-packages/ur_dashboard_msgs/ur_dashboard_msgs_s__rosidl_typesupport_fastrtps_c.cpython-310-x86_64-linux-gnu.so\n'}
[18.149350] (-) TimerEvent: {}
[18.152508] (ur_dashboard_msgs) StdoutLine: {'line': b'-- Symlinking: /home/sonvu/ur_ws/install/ur_dashboard_msgs/local/lib/python3.10/dist-packages/ur_dashboard_msgs/ur_dashboard_msgs_s__rosidl_typesupport_introspection_c.cpython-310-x86_64-linux-gnu.so\n'}
[18.174589] (ur_dashboard_msgs) StdoutLine: {'line': b'-- Up-to-date symlink: /home/sonvu/ur_ws/install/ur_dashboard_msgs/local/lib/python3.10/dist-packages/ur_dashboard_msgs/ur_dashboard_msgs_s__rosidl_typesupport_fastrtps_c.cpython-310-x86_64-linux-gnu.so\n'}
[18.175064] (ur_dashboard_msgs) StdoutLine: {'line': b'-- Up-to-date symlink: /home/sonvu/ur_ws/install/ur_dashboard_msgs/local/lib/python3.10/dist-packages/ur_dashboard_msgs/ur_dashboard_msgs_s__rosidl_typesupport_introspection_c.cpython-310-x86_64-linux-gnu.so\n'}
[18.175349] (ur_dashboard_msgs) StdoutLine: {'line': b'-- Up-to-date symlink: /home/sonvu/ur_ws/install/ur_dashboard_msgs/local/lib/python3.10/dist-packages/ur_dashboard_msgs/ur_dashboard_msgs_s__rosidl_typesupport_c.cpython-310-x86_64-linux-gnu.so\n'}
[18.175576] (ur_dashboard_msgs) StdoutLine: {'line': b'-- Symlinking: /home/sonvu/ur_ws/install/ur_dashboard_msgs/share/ament_index/resource_index/rust_packages/ur_dashboard_msgs\n'}
[18.188822] (ur_dashboard_msgs) StdoutLine: {'line': b'-- Symlinking: /home/sonvu/ur_ws/install/ur_dashboard_msgs/share/ur_dashboard_msgs/rust/Cargo.toml\n'}
[18.195808] (ur_dashboard_msgs) StdoutLine: {'line': b'-- Symlinking: /home/sonvu/ur_ws/install/ur_dashboard_msgs/share/ur_dashboard_msgs/rust/build.rs\n'}
[18.200751] (ur_dashboard_msgs) StdoutLine: {'line': b'-- Symlinking: /home/sonvu/ur_ws/install/ur_dashboard_msgs/share/ur_dashboard_msgs/rust/src/action.rs\n'}
[18.208159] (ur_dashboard_msgs) StdoutLine: {'line': b'-- Symlinking: /home/sonvu/ur_ws/install/ur_dashboard_msgs/share/ur_dashboard_msgs/rust/src/action/rmw.rs\n'}
[18.213072] (ur_dashboard_msgs) StdoutLine: {'line': b'-- Symlinking: /home/sonvu/ur_ws/install/ur_dashboard_msgs/share/ur_dashboard_msgs/rust/src/lib.rs\n'}
[18.219925] (ur_dashboard_msgs) StdoutLine: {'line': b'-- Symlinking: /home/sonvu/ur_ws/install/ur_dashboard_msgs/share/ur_dashboard_msgs/rust/src/msg.rs\n'}
[18.224866] (ur_dashboard_msgs) StdoutLine: {'line': b'-- Symlinking: /home/sonvu/ur_ws/install/ur_dashboard_msgs/share/ur_dashboard_msgs/rust/src/msg/rmw.rs\n'}
[18.229783] (ur_dashboard_msgs) StdoutLine: {'line': b'-- Symlinking: /home/sonvu/ur_ws/install/ur_dashboard_msgs/share/ur_dashboard_msgs/rust/src/srv.rs\n'}
[18.235461] (ur_dashboard_msgs) StdoutLine: {'line': b'-- Symlinking: /home/sonvu/ur_ws/install/ur_dashboard_msgs/share/ur_dashboard_msgs/rust/src/srv/rmw.rs\n'}
[18.240076] (ur_dashboard_msgs) StdoutLine: {'line': b'-- Symlinking: /home/sonvu/ur_ws/install/ur_dashboard_msgs/share/ur_dashboard_msgs/msg/ProgramInformation.idl\n'}
[18.245862] (ur_dashboard_msgs) StdoutLine: {'line': b'-- Symlinking: /home/sonvu/ur_ws/install/ur_dashboard_msgs/share/ur_dashboard_msgs/msg/ProgramState.idl\n'}
[18.249496] (-) TimerEvent: {}
[18.250559] (ur_dashboard_msgs) StdoutLine: {'line': b'-- Symlinking: /home/sonvu/ur_ws/install/ur_dashboard_msgs/share/ur_dashboard_msgs/msg/RobotMode.idl\n'}
[18.257268] (ur_dashboard_msgs) StdoutLine: {'line': b'-- Symlinking: /home/sonvu/ur_ws/install/ur_dashboard_msgs/share/ur_dashboard_msgs/msg/SafetyMode.idl\n'}
[18.263744] (ur_dashboard_msgs) StdoutLine: {'line': b'-- Symlinking: /home/sonvu/ur_ws/install/ur_dashboard_msgs/share/ur_dashboard_msgs/msg/OperationalMode.idl\n'}
[18.274219] (ur_dashboard_msgs) StdoutLine: {'line': b'-- Symlinking: /home/sonvu/ur_ws/install/ur_dashboard_msgs/share/ur_dashboard_msgs/msg/UserRole.idl\n'}
[18.284050] (ur_dashboard_msgs) StdoutLine: {'line': b'-- Symlinking: /home/sonvu/ur_ws/install/ur_dashboard_msgs/share/ur_dashboard_msgs/msg/VersionInformation.idl\n'}
[18.299333] (ur_dashboard_msgs) StdoutLine: {'line': b'-- Symlinking: /home/sonvu/ur_ws/install/ur_dashboard_msgs/share/ur_dashboard_msgs/msg/SafetyStatus.idl\n'}
[18.314763] (ur_dashboard_msgs) StdoutLine: {'line': b'-- Symlinking: /home/sonvu/ur_ws/install/ur_dashboard_msgs/share/ur_dashboard_msgs/srv/AddToLog.idl\n'}
[18.329148] (ur_dashboard_msgs) StdoutLine: {'line': b'-- Symlinking: /home/sonvu/ur_ws/install/ur_dashboard_msgs/share/ur_dashboard_msgs/srv/DownloadProgram.idl\n'}
[18.336257] (ur_dashboard_msgs) StdoutLine: {'line': b'-- Symlinking: /home/sonvu/ur_ws/install/ur_dashboard_msgs/share/ur_dashboard_msgs/srv/DownloadSupportFile.idl\n'}
[18.341853] (ur_dashboard_msgs) StdoutLine: {'line': b'-- Symlinking: /home/sonvu/ur_ws/install/ur_dashboard_msgs/share/ur_dashboard_msgs/srv/GetLoadedProgram.idl\n'}
[18.348381] (ur_dashboard_msgs) StdoutLine: {'line': b'-- Symlinking: /home/sonvu/ur_ws/install/ur_dashboard_msgs/share/ur_dashboard_msgs/srv/GetPrograms.idl\n'}
[18.349566] (-) TimerEvent: {}
[18.354994] (ur_dashboard_msgs) StdoutLine: {'line': b'-- Symlinking: /home/sonvu/ur_ws/install/ur_dashboard_msgs/share/ur_dashboard_msgs/srv/GetProgramState.idl\n'}
[18.359766] (ur_dashboard_msgs) StdoutLine: {'line': b'-- Symlinking: /home/sonvu/ur_ws/install/ur_dashboard_msgs/share/ur_dashboard_msgs/srv/GetRobotMode.idl\n'}
[18.364839] (ur_dashboard_msgs) StdoutLine: {'line': b'-- Symlinking: /home/sonvu/ur_ws/install/ur_dashboard_msgs/share/ur_dashboard_msgs/srv/GetSafetyMode.idl\n'}
[18.370478] (ur_dashboard_msgs) StdoutLine: {'line': b'-- Symlinking: /home/sonvu/ur_ws/install/ur_dashboard_msgs/share/ur_dashboard_msgs/srv/IsProgramRunning.idl\n'}
[18.375837] (ur_dashboard_msgs) StdoutLine: {'line': b'-- Symlinking: /home/sonvu/ur_ws/install/ur_dashboard_msgs/share/ur_dashboard_msgs/srv/IsProgramSaved.idl\n'}
[18.381489] (ur_dashboard_msgs) StdoutLine: {'line': b'-- Symlinking: /home/sonvu/ur_ws/install/ur_dashboard_msgs/share/ur_dashboard_msgs/srv/Load.idl\n'}
[18.387070] (ur_dashboard_msgs) StdoutLine: {'line': b'-- Symlinking: /home/sonvu/ur_ws/install/ur_dashboard_msgs/share/ur_dashboard_msgs/srv/Popup.idl\n'}
[18.392113] (ur_dashboard_msgs) StdoutLine: {'line': b'-- Symlinking: /home/sonvu/ur_ws/install/ur_dashboard_msgs/share/ur_dashboard_msgs/srv/RawRequest.idl\n'}
[18.398946] (ur_dashboard_msgs) StdoutLine: {'line': b'-- Symlinking: /home/sonvu/ur_ws/install/ur_dashboard_msgs/share/ur_dashboard_msgs/srv/IsInRemoteControl.idl\n'}
[18.405255] (ur_dashboard_msgs) StdoutLine: {'line': b'-- Symlinking: /home/sonvu/ur_ws/install/ur_dashboard_msgs/share/ur_dashboard_msgs/srv/UploadProgram.idl\n'}
[18.413806] (ur_dashboard_msgs) StdoutLine: {'line': b'-- Symlinking: /home/sonvu/ur_ws/install/ur_dashboard_msgs/share/ur_dashboard_msgs/srv/GetPolyScopeVersion.idl\n'}
[18.419158] (ur_dashboard_msgs) StdoutLine: {'line': b'-- Symlinking: /home/sonvu/ur_ws/install/ur_dashboard_msgs/share/ur_dashboard_msgs/srv/GetSerialNumber.idl\n'}
[18.427424] (ur_dashboard_msgs) StdoutLine: {'line': b'-- Symlinking: /home/sonvu/ur_ws/install/ur_dashboard_msgs/share/ur_dashboard_msgs/srv/GetUserRole.idl\n'}
[18.433170] (ur_dashboard_msgs) StdoutLine: {'line': b'-- Symlinking: /home/sonvu/ur_ws/install/ur_dashboard_msgs/share/ur_dashboard_msgs/srv/SetUserRole.idl\n'}
[18.440851] (ur_dashboard_msgs) StdoutLine: {'line': b'-- Symlinking: /home/sonvu/ur_ws/install/ur_dashboard_msgs/share/ur_dashboard_msgs/srv/SetOperationalMode.idl\n'}
[18.448236] (ur_dashboard_msgs) StdoutLine: {'line': b'-- Symlinking: /home/sonvu/ur_ws/install/ur_dashboard_msgs/share/ur_dashboard_msgs/srv/GetOperationalMode.idl\n'}
[18.449677] (-) TimerEvent: {}
[18.453127] (ur_dashboard_msgs) StdoutLine: {'line': b'-- Symlinking: /home/sonvu/ur_ws/install/ur_dashboard_msgs/share/ur_dashboard_msgs/srv/GetRobotModel.idl\n'}
[18.458500] (ur_dashboard_msgs) StdoutLine: {'line': b'-- Symlinking: /home/sonvu/ur_ws/install/ur_dashboard_msgs/share/ur_dashboard_msgs/srv/GetSafetyStatus.idl\n'}
[18.469741] (ur_dashboard_msgs) StdoutLine: {'line': b'-- Symlinking: /home/sonvu/ur_ws/install/ur_dashboard_msgs/share/ur_dashboard_msgs/srv/GenerateFlightReport.idl\n'}
[18.476048] (ur_dashboard_msgs) StdoutLine: {'line': b'-- Symlinking: /home/sonvu/ur_ws/install/ur_dashboard_msgs/share/ur_dashboard_msgs/srv/GenerateSupportFile.idl\n'}
[18.481851] (ur_dashboard_msgs) StdoutLine: {'line': b'-- Symlinking: /home/sonvu/ur_ws/install/ur_dashboard_msgs/share/ur_dashboard_msgs/action/SetMode.idl\n'}
[18.491284] (ur_dashboard_msgs) StdoutLine: {'line': b'-- Symlinking: /home/sonvu/ur_ws/install/ur_dashboard_msgs/share/ur_dashboard_msgs/msg/ProgramInformation.msg\n'}
[18.496841] (ur_dashboard_msgs) StdoutLine: {'line': b'-- Symlinking: /home/sonvu/ur_ws/install/ur_dashboard_msgs/share/ur_dashboard_msgs/msg/ProgramState.msg\n'}
[18.502237] (ur_dashboard_msgs) StdoutLine: {'line': b'-- Symlinking: /home/sonvu/ur_ws/install/ur_dashboard_msgs/share/ur_dashboard_msgs/msg/RobotMode.msg\n'}
[18.507401] (ur_dashboard_msgs) StdoutLine: {'line': b'-- Symlinking: /home/sonvu/ur_ws/install/ur_dashboard_msgs/share/ur_dashboard_msgs/msg/SafetyMode.msg\n'}
[18.515119] (ur_dashboard_msgs) StdoutLine: {'line': b'-- Symlinking: /home/sonvu/ur_ws/install/ur_dashboard_msgs/share/ur_dashboard_msgs/msg/OperationalMode.msg\n'}
[18.522227] (ur_dashboard_msgs) StdoutLine: {'line': b'-- Symlinking: /home/sonvu/ur_ws/install/ur_dashboard_msgs/share/ur_dashboard_msgs/msg/UserRole.msg\n'}
[18.531003] (ur_dashboard_msgs) StdoutLine: {'line': b'-- Symlinking: /home/sonvu/ur_ws/install/ur_dashboard_msgs/share/ur_dashboard_msgs/msg/VersionInformation.msg\n'}
[18.537683] (ur_dashboard_msgs) StdoutLine: {'line': b'-- Symlinking: /home/sonvu/ur_ws/install/ur_dashboard_msgs/share/ur_dashboard_msgs/msg/SafetyStatus.msg\n'}
[18.546426] (ur_dashboard_msgs) StdoutLine: {'line': b'-- Symlinking: /home/sonvu/ur_ws/install/ur_dashboard_msgs/share/ur_dashboard_msgs/srv/AddToLog.srv\n'}
[18.549778] (-) TimerEvent: {}
[18.556427] (ur_dashboard_msgs) StdoutLine: {'line': b'-- Symlinking: /home/sonvu/ur_ws/install/ur_dashboard_msgs/share/ur_dashboard_msgs/srv/AddToLog_Request.msg\n'}
[18.565065] (ur_dashboard_msgs) StdoutLine: {'line': b'-- Symlinking: /home/sonvu/ur_ws/install/ur_dashboard_msgs/share/ur_dashboard_msgs/srv/AddToLog_Response.msg\n'}
[18.577449] (ur_dashboard_msgs) StdoutLine: {'line': b'-- Symlinking: /home/sonvu/ur_ws/install/ur_dashboard_msgs/share/ur_dashboard_msgs/srv/DownloadProgram.srv\n'}
[18.587386] (ur_dashboard_msgs) StdoutLine: {'line': b'-- Symlinking: /home/sonvu/ur_ws/install/ur_dashboard_msgs/share/ur_dashboard_msgs/srv/DownloadProgram_Request.msg\n'}
[18.597670] (ur_dashboard_msgs) StdoutLine: {'line': b'-- Symlinking: /home/sonvu/ur_ws/install/ur_dashboard_msgs/share/ur_dashboard_msgs/srv/DownloadProgram_Response.msg\n'}
[18.614525] (ur_dashboard_msgs) StdoutLine: {'line': b'-- Symlinking: /home/sonvu/ur_ws/install/ur_dashboard_msgs/share/ur_dashboard_msgs/srv/DownloadSupportFile.srv\n'}
[18.632072] (ur_dashboard_msgs) StdoutLine: {'line': b'-- Symlinking: /home/sonvu/ur_ws/install/ur_dashboard_msgs/share/ur_dashboard_msgs/srv/DownloadSupportFile_Request.msg\n'}
[18.649893] (ur_dashboard_msgs) StdoutLine: {'line': b'-- Symlinking: /home/sonvu/ur_ws/install/ur_dashboard_msgs/share/ur_dashboard_msgs/srv/DownloadSupportFile_Response.msg\n'}
[18.650250] (-) TimerEvent: {}
[18.674972] (ur_dashboard_msgs) StdoutLine: {'line': b'-- Symlinking: /home/sonvu/ur_ws/install/ur_dashboard_msgs/share/ur_dashboard_msgs/srv/GetLoadedProgram.srv\n'}
[18.694622] (ur_dashboard_msgs) StdoutLine: {'line': b'-- Symlinking: /home/sonvu/ur_ws/install/ur_dashboard_msgs/share/ur_dashboard_msgs/srv/GetLoadedProgram_Request.msg\n'}
[18.703621] (ur_dashboard_msgs) StdoutLine: {'line': b'-- Symlinking: /home/sonvu/ur_ws/install/ur_dashboard_msgs/share/ur_dashboard_msgs/srv/GetLoadedProgram_Response.msg\n'}
[18.715576] (ur_dashboard_msgs) StdoutLine: {'line': b'-- Symlinking: /home/sonvu/ur_ws/install/ur_dashboard_msgs/share/ur_dashboard_msgs/srv/GetPrograms.srv\n'}
[18.726524] (ur_dashboard_msgs) StdoutLine: {'line': b'-- Symlinking: /home/sonvu/ur_ws/install/ur_dashboard_msgs/share/ur_dashboard_msgs/srv/GetPrograms_Request.msg\n'}
[18.735215] (ur_dashboard_msgs) StdoutLine: {'line': b'-- Symlinking: /home/sonvu/ur_ws/install/ur_dashboard_msgs/share/ur_dashboard_msgs/srv/GetPrograms_Response.msg\n'}
[18.750458] (-) TimerEvent: {}
[18.750853] (ur_dashboard_msgs) StdoutLine: {'line': b'-- Symlinking: /home/sonvu/ur_ws/install/ur_dashboard_msgs/share/ur_dashboard_msgs/srv/GetProgramState.srv\n'}
[18.760013] (ur_dashboard_msgs) StdoutLine: {'line': b'-- Symlinking: /home/sonvu/ur_ws/install/ur_dashboard_msgs/share/ur_dashboard_msgs/srv/GetProgramState_Request.msg\n'}
[18.770251] (ur_dashboard_msgs) StdoutLine: {'line': b'-- Symlinking: /home/sonvu/ur_ws/install/ur_dashboard_msgs/share/ur_dashboard_msgs/srv/GetProgramState_Response.msg\n'}
[18.781708] (ur_dashboard_msgs) StdoutLine: {'line': b'-- Symlinking: /home/sonvu/ur_ws/install/ur_dashboard_msgs/share/ur_dashboard_msgs/srv/GetRobotMode.srv\n'}
[18.797597] (ur_dashboard_msgs) StdoutLine: {'line': b'-- Symlinking: /home/sonvu/ur_ws/install/ur_dashboard_msgs/share/ur_dashboard_msgs/srv/GetRobotMode_Request.msg\n'}
[18.817538] (ur_dashboard_msgs) StdoutLine: {'line': b'-- Symlinking: /home/sonvu/ur_ws/install/ur_dashboard_msgs/share/ur_dashboard_msgs/srv/GetRobotMode_Response.msg\n'}
[18.834306] (ur_dashboard_msgs) StdoutLine: {'line': b'-- Symlinking: /home/sonvu/ur_ws/install/ur_dashboard_msgs/share/ur_dashboard_msgs/srv/GetSafetyMode.srv\n'}
[18.845577] (ur_dashboard_msgs) StdoutLine: {'line': b'-- Symlinking: /home/sonvu/ur_ws/install/ur_dashboard_msgs/share/ur_dashboard_msgs/srv/GetSafetyMode_Request.msg\n'}
[18.850593] (-) TimerEvent: {}
[18.862881] (ur_dashboard_msgs) StdoutLine: {'line': b'-- Symlinking: /home/sonvu/ur_ws/install/ur_dashboard_msgs/share/ur_dashboard_msgs/srv/GetSafetyMode_Response.msg\n'}
[18.882162] (ur_dashboard_msgs) StdoutLine: {'line': b'-- Symlinking: /home/sonvu/ur_ws/install/ur_dashboard_msgs/share/ur_dashboard_msgs/srv/IsProgramRunning.srv\n'}
[18.894643] (ur_dashboard_msgs) StdoutLine: {'line': b'-- Symlinking: /home/sonvu/ur_ws/install/ur_dashboard_msgs/share/ur_dashboard_msgs/srv/IsProgramRunning_Request.msg\n'}
[18.913976] (ur_dashboard_msgs) StdoutLine: {'line': b'-- Symlinking: /home/sonvu/ur_ws/install/ur_dashboard_msgs/share/ur_dashboard_msgs/srv/IsProgramRunning_Response.msg\n'}
[18.928172] (ur_dashboard_msgs) StdoutLine: {'line': b'-- Symlinking: /home/sonvu/ur_ws/install/ur_dashboard_msgs/share/ur_dashboard_msgs/srv/IsProgramSaved.srv\n'}
[18.943435] (ur_dashboard_msgs) StdoutLine: {'line': b'-- Symlinking: /home/sonvu/ur_ws/install/ur_dashboard_msgs/share/ur_dashboard_msgs/srv/IsProgramSaved_Request.msg\n'}
[18.950816] (-) TimerEvent: {}
[18.958141] (ur_dashboard_msgs) StdoutLine: {'line': b'-- Symlinking: /home/sonvu/ur_ws/install/ur_dashboard_msgs/share/ur_dashboard_msgs/srv/IsProgramSaved_Response.msg\n'}
[18.971176] (ur_dashboard_msgs) StdoutLine: {'line': b'-- Symlinking: /home/sonvu/ur_ws/install/ur_dashboard_msgs/share/ur_dashboard_msgs/srv/Load.srv\n'}
[18.983586] (ur_dashboard_msgs) StdoutLine: {'line': b'-- Symlinking: /home/sonvu/ur_ws/install/ur_dashboard_msgs/share/ur_dashboard_msgs/srv/Load_Request.msg\n'}
[18.996955] (ur_dashboard_msgs) StdoutLine: {'line': b'-- Symlinking: /home/sonvu/ur_ws/install/ur_dashboard_msgs/share/ur_dashboard_msgs/srv/Load_Response.msg\n'}
[19.007766] (ur_dashboard_msgs) StdoutLine: {'line': b'-- Symlinking: /home/sonvu/ur_ws/install/ur_dashboard_msgs/share/ur_dashboard_msgs/srv/Popup.srv\n'}
[19.024259] (ur_dashboard_msgs) StdoutLine: {'line': b'-- Symlinking: /home/sonvu/ur_ws/install/ur_dashboard_msgs/share/ur_dashboard_msgs/srv/Popup_Request.msg\n'}
[19.031281] (ur_dashboard_msgs) StdoutLine: {'line': b'-- Symlinking: /home/sonvu/ur_ws/install/ur_dashboard_msgs/share/ur_dashboard_msgs/srv/Popup_Response.msg\n'}
[19.039822] (ur_dashboard_msgs) StdoutLine: {'line': b'-- Symlinking: /home/sonvu/ur_ws/install/ur_dashboard_msgs/share/ur_dashboard_msgs/srv/RawRequest.srv\n'}
[19.045996] (ur_dashboard_msgs) StdoutLine: {'line': b'-- Symlinking: /home/sonvu/ur_ws/install/ur_dashboard_msgs/share/ur_dashboard_msgs/srv/RawRequest_Request.msg\n'}
[19.050987] (-) TimerEvent: {}
[19.052764] (ur_dashboard_msgs) StdoutLine: {'line': b'-- Symlinking: /home/sonvu/ur_ws/install/ur_dashboard_msgs/share/ur_dashboard_msgs/srv/RawRequest_Response.msg\n'}
[19.062959] (ur_dashboard_msgs) StdoutLine: {'line': b'-- Symlinking: /home/sonvu/ur_ws/install/ur_dashboard_msgs/share/ur_dashboard_msgs/srv/IsInRemoteControl.srv\n'}
[19.071238] (ur_dashboard_msgs) StdoutLine: {'line': b'-- Symlinking: /home/sonvu/ur_ws/install/ur_dashboard_msgs/share/ur_dashboard_msgs/srv/IsInRemoteControl_Request.msg\n'}
[19.081974] (ur_dashboard_msgs) StdoutLine: {'line': b'-- Symlinking: /home/sonvu/ur_ws/install/ur_dashboard_msgs/share/ur_dashboard_msgs/srv/IsInRemoteControl_Response.msg\n'}
[19.095302] (ur_dashboard_msgs) StdoutLine: {'line': b'-- Symlinking: /home/sonvu/ur_ws/install/ur_dashboard_msgs/share/ur_dashboard_msgs/srv/UploadProgram.srv\n'}
[19.106765] (ur_dashboard_msgs) StdoutLine: {'line': b'-- Symlinking: /home/sonvu/ur_ws/install/ur_dashboard_msgs/share/ur_dashboard_msgs/srv/UploadProgram_Request.msg\n'}
[19.116583] (ur_dashboard_msgs) StdoutLine: {'line': b'-- Symlinking: /home/sonvu/ur_ws/install/ur_dashboard_msgs/share/ur_dashboard_msgs/srv/UploadProgram_Response.msg\n'}
[19.131816] (ur_dashboard_msgs) StdoutLine: {'line': b'-- Symlinking: /home/sonvu/ur_ws/install/ur_dashboard_msgs/share/ur_dashboard_msgs/srv/GetPolyScopeVersion.srv\n'}
[19.141301] (ur_dashboard_msgs) StdoutLine: {'line': b'-- Symlinking: /home/sonvu/ur_ws/install/ur_dashboard_msgs/share/ur_dashboard_msgs/srv/GetPolyScopeVersion_Request.msg\n'}
[19.146481] (ur_dashboard_msgs) StdoutLine: {'line': b'-- Symlinking: /home/sonvu/ur_ws/install/ur_dashboard_msgs/share/ur_dashboard_msgs/srv/GetPolyScopeVersion_Response.msg\n'}
[19.151183] (-) TimerEvent: {}
[19.156273] (ur_dashboard_msgs) StdoutLine: {'line': b'-- Symlinking: /home/sonvu/ur_ws/install/ur_dashboard_msgs/share/ur_dashboard_msgs/srv/GetSerialNumber.srv\n'}
[19.163098] (ur_dashboard_msgs) StdoutLine: {'line': b'-- Symlinking: /home/sonvu/ur_ws/install/ur_dashboard_msgs/share/ur_dashboard_msgs/srv/GetSerialNumber_Request.msg\n'}
[19.172709] (ur_dashboard_msgs) StdoutLine: {'line': b'-- Symlinking: /home/sonvu/ur_ws/install/ur_dashboard_msgs/share/ur_dashboard_msgs/srv/GetSerialNumber_Response.msg\n'}
[19.177985] (ur_dashboard_msgs) StdoutLine: {'line': b'-- Symlinking: /home/sonvu/ur_ws/install/ur_dashboard_msgs/share/ur_dashboard_msgs/srv/GetUserRole.srv\n'}
[19.183383] (ur_dashboard_msgs) StdoutLine: {'line': b'-- Symlinking: /home/sonvu/ur_ws/install/ur_dashboard_msgs/share/ur_dashboard_msgs/srv/GetUserRole_Request.msg\n'}
[19.191739] (ur_dashboard_msgs) StdoutLine: {'line': b'-- Symlinking: /home/sonvu/ur_ws/install/ur_dashboard_msgs/share/ur_dashboard_msgs/srv/GetUserRole_Response.msg\n'}
[19.199139] (ur_dashboard_msgs) StdoutLine: {'line': b'-- Symlinking: /home/sonvu/ur_ws/install/ur_dashboard_msgs/share/ur_dashboard_msgs/srv/SetUserRole.srv\n'}
[19.206548] (ur_dashboard_msgs) StdoutLine: {'line': b'-- Symlinking: /home/sonvu/ur_ws/install/ur_dashboard_msgs/share/ur_dashboard_msgs/srv/SetUserRole_Request.msg\n'}
[19.211772] (ur_dashboard_msgs) StdoutLine: {'line': b'-- Symlinking: /home/sonvu/ur_ws/install/ur_dashboard_msgs/share/ur_dashboard_msgs/srv/SetUserRole_Response.msg\n'}
[19.218114] (ur_dashboard_msgs) StdoutLine: {'line': b'-- Symlinking: /home/sonvu/ur_ws/install/ur_dashboard_msgs/share/ur_dashboard_msgs/srv/SetOperationalMode.srv\n'}
[19.225756] (ur_dashboard_msgs) StdoutLine: {'line': b'-- Symlinking: /home/sonvu/ur_ws/install/ur_dashboard_msgs/share/ur_dashboard_msgs/srv/SetOperationalMode_Request.msg\n'}
[19.233000] (ur_dashboard_msgs) StdoutLine: {'line': b'-- Symlinking: /home/sonvu/ur_ws/install/ur_dashboard_msgs/share/ur_dashboard_msgs/srv/SetOperationalMode_Response.msg\n'}
[19.242552] (ur_dashboard_msgs) StdoutLine: {'line': b'-- Symlinking: /home/sonvu/ur_ws/install/ur_dashboard_msgs/share/ur_dashboard_msgs/srv/GetOperationalMode.srv\n'}
[19.251402] (-) TimerEvent: {}
[19.256358] (ur_dashboard_msgs) StdoutLine: {'line': b'-- Symlinking: /home/sonvu/ur_ws/install/ur_dashboard_msgs/share/ur_dashboard_msgs/srv/GetOperationalMode_Request.msg\n'}
[19.273271] (ur_dashboard_msgs) StdoutLine: {'line': b'-- Symlinking: /home/sonvu/ur_ws/install/ur_dashboard_msgs/share/ur_dashboard_msgs/srv/GetOperationalMode_Response.msg\n'}
[19.287265] (ur_dashboard_msgs) StdoutLine: {'line': b'-- Symlinking: /home/sonvu/ur_ws/install/ur_dashboard_msgs/share/ur_dashboard_msgs/srv/GetRobotModel.srv\n'}
[19.300315] (ur_dashboard_msgs) StdoutLine: {'line': b'-- Symlinking: /home/sonvu/ur_ws/install/ur_dashboard_msgs/share/ur_dashboard_msgs/srv/GetRobotModel_Request.msg\n'}
[19.311039] (ur_dashboard_msgs) StdoutLine: {'line': b'-- Symlinking: /home/sonvu/ur_ws/install/ur_dashboard_msgs/share/ur_dashboard_msgs/srv/GetRobotModel_Response.msg\n'}
[19.322703] (ur_dashboard_msgs) StdoutLine: {'line': b'-- Symlinking: /home/sonvu/ur_ws/install/ur_dashboard_msgs/share/ur_dashboard_msgs/srv/GetSafetyStatus.srv\n'}
[19.334045] (ur_dashboard_msgs) StdoutLine: {'line': b'-- Symlinking: /home/sonvu/ur_ws/install/ur_dashboard_msgs/share/ur_dashboard_msgs/srv/GetSafetyStatus_Request.msg\n'}
[19.343511] (ur_dashboard_msgs) StdoutLine: {'line': b'-- Symlinking: /home/sonvu/ur_ws/install/ur_dashboard_msgs/share/ur_dashboard_msgs/srv/GetSafetyStatus_Response.msg\n'}
[19.351583] (-) TimerEvent: {}
[19.355913] (ur_dashboard_msgs) StdoutLine: {'line': b'-- Symlinking: /home/sonvu/ur_ws/install/ur_dashboard_msgs/share/ur_dashboard_msgs/srv/GenerateFlightReport.srv\n'}
[19.365461] (ur_dashboard_msgs) StdoutLine: {'line': b'-- Symlinking: /home/sonvu/ur_ws/install/ur_dashboard_msgs/share/ur_dashboard_msgs/srv/GenerateFlightReport_Request.msg\n'}
[19.371381] (ur_dashboard_msgs) StdoutLine: {'line': b'-- Symlinking: /home/sonvu/ur_ws/install/ur_dashboard_msgs/share/ur_dashboard_msgs/srv/GenerateFlightReport_Response.msg\n'}
[19.382123] (ur_dashboard_msgs) StdoutLine: {'line': b'-- Symlinking: /home/sonvu/ur_ws/install/ur_dashboard_msgs/share/ur_dashboard_msgs/srv/GenerateSupportFile.srv\n'}
[19.390292] (ur_dashboard_msgs) StdoutLine: {'line': b'-- Symlinking: /home/sonvu/ur_ws/install/ur_dashboard_msgs/share/ur_dashboard_msgs/srv/GenerateSupportFile_Request.msg\n'}
[19.400538] (ur_dashboard_msgs) StdoutLine: {'line': b'-- Symlinking: /home/sonvu/ur_ws/install/ur_dashboard_msgs/share/ur_dashboard_msgs/srv/GenerateSupportFile_Response.msg\n'}
[19.406830] (ur_dashboard_msgs) StdoutLine: {'line': b'-- Symlinking: /home/sonvu/ur_ws/install/ur_dashboard_msgs/share/ur_dashboard_msgs/action/SetMode.action\n'}
[19.416666] (ur_dashboard_msgs) StdoutLine: {'line': b'-- Symlinking: /home/sonvu/ur_ws/install/ur_dashboard_msgs/share/ament_index/resource_index/package_run_dependencies/ur_dashboard_msgs\n'}
[19.422607] (ur_dashboard_msgs) StdoutLine: {'line': b'-- Symlinking: /home/sonvu/ur_ws/install/ur_dashboard_msgs/share/ament_index/resource_index/parent_prefix_path/ur_dashboard_msgs\n'}
[19.432544] (ur_dashboard_msgs) StdoutLine: {'line': b'-- Symlinking: /home/sonvu/ur_ws/install/ur_dashboard_msgs/share/ur_dashboard_msgs/environment/ament_prefix_path.sh\n'}
[19.438136] (ur_dashboard_msgs) StdoutLine: {'line': b'-- Symlinking: /home/sonvu/ur_ws/install/ur_dashboard_msgs/share/ur_dashboard_msgs/environment/ament_prefix_path.dsv\n'}
[19.446626] (ur_dashboard_msgs) StdoutLine: {'line': b'-- Symlinking: /home/sonvu/ur_ws/install/ur_dashboard_msgs/share/ur_dashboard_msgs/environment/path.sh\n'}
[19.451686] (-) TimerEvent: {}
[19.452634] (ur_dashboard_msgs) StdoutLine: {'line': b'-- Symlinking: /home/sonvu/ur_ws/install/ur_dashboard_msgs/share/ur_dashboard_msgs/environment/path.dsv\n'}
[19.457332] (ur_dashboard_msgs) StdoutLine: {'line': b'-- Symlinking: /home/sonvu/ur_ws/install/ur_dashboard_msgs/share/ur_dashboard_msgs/local_setup.bash\n'}
[19.461941] (ur_dashboard_msgs) StdoutLine: {'line': b'-- Symlinking: /home/sonvu/ur_ws/install/ur_dashboard_msgs/share/ur_dashboard_msgs/local_setup.sh\n'}
[19.468550] (ur_dashboard_msgs) StdoutLine: {'line': b'-- Symlinking: /home/sonvu/ur_ws/install/ur_dashboard_msgs/share/ur_dashboard_msgs/local_setup.zsh\n'}
[19.473060] (ur_dashboard_msgs) StdoutLine: {'line': b'-- Symlinking: /home/sonvu/ur_ws/install/ur_dashboard_msgs/share/ur_dashboard_msgs/local_setup.dsv\n'}
[19.479684] (ur_dashboard_msgs) StdoutLine: {'line': b'-- Symlinking: /home/sonvu/ur_ws/install/ur_dashboard_msgs/share/ur_dashboard_msgs/package.dsv\n'}
[19.485086] (ur_dashboard_msgs) StdoutLine: {'line': b'-- Symlinking: /home/sonvu/ur_ws/install/ur_dashboard_msgs/share/ament_index/resource_index/packages/ur_dashboard_msgs\n'}
[19.490409] (ur_dashboard_msgs) StdoutLine: {'line': b'-- Symlinking: /home/sonvu/ur_ws/install/ur_dashboard_msgs/share/ur_dashboard_msgs/cmake/rosidl_cmake-extras.cmake\n'}
[19.495913] (ur_dashboard_msgs) StdoutLine: {'line': b'-- Symlinking: /home/sonvu/ur_ws/install/ur_dashboard_msgs/share/ur_dashboard_msgs/cmake/ament_cmake_export_dependencies-extras.cmake\n'}
[19.500711] (ur_dashboard_msgs) StdoutLine: {'line': b'-- Symlinking: /home/sonvu/ur_ws/install/ur_dashboard_msgs/share/ur_dashboard_msgs/cmake/ament_cmake_export_include_directories-extras.cmake\n'}
[19.508979] (ur_dashboard_msgs) StdoutLine: {'line': b'-- Symlinking: /home/sonvu/ur_ws/install/ur_dashboard_msgs/share/ur_dashboard_msgs/cmake/ament_cmake_export_libraries-extras.cmake\n'}
[19.516162] (ur_dashboard_msgs) StdoutLine: {'line': b'-- Symlinking: /home/sonvu/ur_ws/install/ur_dashboard_msgs/share/ur_dashboard_msgs/cmake/ament_cmake_export_targets-extras.cmake\n'}
[19.522654] (ur_dashboard_msgs) StdoutLine: {'line': b'-- Symlinking: /home/sonvu/ur_ws/install/ur_dashboard_msgs/share/ur_dashboard_msgs/cmake/rosidl_cmake_export_typesupport_targets-extras.cmake\n'}
[19.528065] (ur_dashboard_msgs) StdoutLine: {'line': b'-- Symlinking: /home/sonvu/ur_ws/install/ur_dashboard_msgs/share/ur_dashboard_msgs/cmake/rosidl_cmake_export_typesupport_libraries-extras.cmake\n'}
[19.534552] (ur_dashboard_msgs) StdoutLine: {'line': b'-- Symlinking: /home/sonvu/ur_ws/install/ur_dashboard_msgs/share/ur_dashboard_msgs/cmake/ur_dashboard_msgsConfig.cmake\n'}
[19.543094] (ur_dashboard_msgs) StdoutLine: {'line': b'-- Symlinking: /home/sonvu/ur_ws/install/ur_dashboard_msgs/share/ur_dashboard_msgs/cmake/ur_dashboard_msgsConfig-version.cmake\n'}
[19.551855] (-) TimerEvent: {}
[19.556755] (ur_dashboard_msgs) StdoutLine: {'line': b'-- Symlinking: /home/sonvu/ur_ws/install/ur_dashboard_msgs/share/ur_dashboard_msgs/package.xml\n'}
[19.570643] (ur_dashboard_msgs) StdoutLine: {'line': b'-- Installing: /home/sonvu/ur_ws/install/ur_dashboard_msgs/lib/libur_dashboard_msgs__rosidl_generator_c.so\n'}
[19.571299] (ur_dashboard_msgs) StdoutLine: {'line': b'-- Set runtime path of "/home/sonvu/ur_ws/install/ur_dashboard_msgs/lib/libur_dashboard_msgs__rosidl_generator_c.so" to ""\n'}
[19.571417] (ur_dashboard_msgs) StdoutLine: {'line': b'-- Installing: /home/sonvu/ur_ws/install/ur_dashboard_msgs/lib/libur_dashboard_msgs__rosidl_typesupport_fastrtps_c.so\n'}
[19.571694] (ur_dashboard_msgs) StdoutLine: {'line': b'-- Set runtime path of "/home/sonvu/ur_ws/install/ur_dashboard_msgs/lib/libur_dashboard_msgs__rosidl_typesupport_fastrtps_c.so" to ""\n'}
[19.571813] (ur_dashboard_msgs) StdoutLine: {'line': b'-- Installing: /home/sonvu/ur_ws/install/ur_dashboard_msgs/lib/libur_dashboard_msgs__rosidl_typesupport_introspection_c.so\n'}
[19.572135] (ur_dashboard_msgs) StdoutLine: {'line': b'-- Set runtime path of "/home/sonvu/ur_ws/install/ur_dashboard_msgs/lib/libur_dashboard_msgs__rosidl_typesupport_introspection_c.so" to ""\n'}
[19.572184] (ur_dashboard_msgs) StdoutLine: {'line': b'-- Installing: /home/sonvu/ur_ws/install/ur_dashboard_msgs/lib/libur_dashboard_msgs__rosidl_typesupport_c.so\n'}
[19.572364] (ur_dashboard_msgs) StdoutLine: {'line': b'-- Set runtime path of "/home/sonvu/ur_ws/install/ur_dashboard_msgs/lib/libur_dashboard_msgs__rosidl_typesupport_c.so" to ""\n'}
[19.572630] (ur_dashboard_msgs) StdoutLine: {'line': b'-- Installing: /home/sonvu/ur_ws/install/ur_dashboard_msgs/lib/libur_dashboard_msgs__rosidl_typesupport_fastrtps_cpp.so\n'}
[19.573086] (ur_dashboard_msgs) StdoutLine: {'line': b'-- Set runtime path of "/home/sonvu/ur_ws/install/ur_dashboard_msgs/lib/libur_dashboard_msgs__rosidl_typesupport_fastrtps_cpp.so" to ""\n'}
[19.573148] (ur_dashboard_msgs) StdoutLine: {'line': b'-- Installing: /home/sonvu/ur_ws/install/ur_dashboard_msgs/lib/libur_dashboard_msgs__rosidl_typesupport_introspection_cpp.so\n'}
[19.573773] (ur_dashboard_msgs) StdoutLine: {'line': b'-- Set runtime path of "/home/sonvu/ur_ws/install/ur_dashboard_msgs/lib/libur_dashboard_msgs__rosidl_typesupport_introspection_cpp.so" to ""\n'}
[19.573849] (ur_dashboard_msgs) StdoutLine: {'line': b'-- Installing: /home/sonvu/ur_ws/install/ur_dashboard_msgs/lib/libur_dashboard_msgs__rosidl_typesupport_cpp.so\n'}
[19.574282] (ur_dashboard_msgs) StdoutLine: {'line': b'-- Set runtime path of "/home/sonvu/ur_ws/install/ur_dashboard_msgs/lib/libur_dashboard_msgs__rosidl_typesupport_cpp.so" to ""\n'}
[19.632894] (ur_dashboard_msgs) StdoutLine: {'line': b"Listing '/home/sonvu/ur_ws/install/ur_dashboard_msgs/local/lib/python3.10/dist-packages/ur_dashboard_msgs'...\n"}
[19.633003] (ur_dashboard_msgs) StdoutLine: {'line': b"Compiling '/home/sonvu/ur_ws/install/ur_dashboard_msgs/local/lib/python3.10/dist-packages/ur_dashboard_msgs/__init__.py'...\n"}
[19.633037] (ur_dashboard_msgs) StdoutLine: {'line': b"Listing '/home/sonvu/ur_ws/install/ur_dashboard_msgs/local/lib/python3.10/dist-packages/ur_dashboard_msgs/action'...\n"}
[19.633067] (ur_dashboard_msgs) StdoutLine: {'line': b"Compiling '/home/sonvu/ur_ws/install/ur_dashboard_msgs/local/lib/python3.10/dist-packages/ur_dashboard_msgs/action/__init__.py'...\n"}
[19.633097] (ur_dashboard_msgs) StdoutLine: {'line': b"Compiling '/home/sonvu/ur_ws/install/ur_dashboard_msgs/local/lib/python3.10/dist-packages/ur_dashboard_msgs/action/_set_mode.py'...\n"}
[19.633126] (ur_dashboard_msgs) StdoutLine: {'line': b"Listing '/home/sonvu/ur_ws/install/ur_dashboard_msgs/local/lib/python3.10/dist-packages/ur_dashboard_msgs/msg'...\n"}
[19.633153] (ur_dashboard_msgs) StdoutLine: {'line': b"Compiling '/home/sonvu/ur_ws/install/ur_dashboard_msgs/local/lib/python3.10/dist-packages/ur_dashboard_msgs/msg/__init__.py'...\n"}
[19.633180] (ur_dashboard_msgs) StdoutLine: {'line': b"Compiling '/home/sonvu/ur_ws/install/ur_dashboard_msgs/local/lib/python3.10/dist-packages/ur_dashboard_msgs/msg/_operational_mode.py'...\n"}
[19.633209] (ur_dashboard_msgs) StdoutLine: {'line': b"Compiling '/home/sonvu/ur_ws/install/ur_dashboard_msgs/local/lib/python3.10/dist-packages/ur_dashboard_msgs/msg/_program_information.py'...\n"}
[19.633273] (ur_dashboard_msgs) StdoutLine: {'line': b"Compiling '/home/sonvu/ur_ws/install/ur_dashboard_msgs/local/lib/python3.10/dist-packages/ur_dashboard_msgs/msg/_program_state.py'...\n"}
[19.633300] (ur_dashboard_msgs) StdoutLine: {'line': b"Compiling '/home/sonvu/ur_ws/install/ur_dashboard_msgs/local/lib/python3.10/dist-packages/ur_dashboard_msgs/msg/_robot_mode.py'...\n"}
[19.633326] (ur_dashboard_msgs) StdoutLine: {'line': b"Compiling '/home/sonvu/ur_ws/install/ur_dashboard_msgs/local/lib/python3.10/dist-packages/ur_dashboard_msgs/msg/_safety_mode.py'...\n"}
[19.633350] (ur_dashboard_msgs) StdoutLine: {'line': b"Compiling '/home/sonvu/ur_ws/install/ur_dashboard_msgs/local/lib/python3.10/dist-packages/ur_dashboard_msgs/msg/_safety_status.py'...\n"}
[19.633383] (ur_dashboard_msgs) StdoutLine: {'line': b"Compiling '/home/sonvu/ur_ws/install/ur_dashboard_msgs/local/lib/python3.10/dist-packages/ur_dashboard_msgs/msg/_user_role.py'...\n"}
[19.633407] (ur_dashboard_msgs) StdoutLine: {'line': b"Compiling '/home/sonvu/ur_ws/install/ur_dashboard_msgs/local/lib/python3.10/dist-packages/ur_dashboard_msgs/msg/_version_information.py'...\n"}
[19.633442] (ur_dashboard_msgs) StdoutLine: {'line': b"Listing '/home/sonvu/ur_ws/install/ur_dashboard_msgs/local/lib/python3.10/dist-packages/ur_dashboard_msgs/srv'...\n"}
[19.633469] (ur_dashboard_msgs) StdoutLine: {'line': b"Compiling '/home/sonvu/ur_ws/install/ur_dashboard_msgs/local/lib/python3.10/dist-packages/ur_dashboard_msgs/srv/__init__.py'...\n"}
[19.633493] (ur_dashboard_msgs) StdoutLine: {'line': b"Compiling '/home/sonvu/ur_ws/install/ur_dashboard_msgs/local/lib/python3.10/dist-packages/ur_dashboard_msgs/srv/_add_to_log.py'...\n"}
[19.633517] (ur_dashboard_msgs) StdoutLine: {'line': b"Compiling '/home/sonvu/ur_ws/install/ur_dashboard_msgs/local/lib/python3.10/dist-packages/ur_dashboard_msgs/srv/_download_program.py'...\n"}
[19.633540] (ur_dashboard_msgs) StdoutLine: {'line': b"Compiling '/home/sonvu/ur_ws/install/ur_dashboard_msgs/local/lib/python3.10/dist-packages/ur_dashboard_msgs/srv/_download_support_file.py'...\n"}
[19.633565] (ur_dashboard_msgs) StdoutLine: {'line': b"Compiling '/home/sonvu/ur_ws/install/ur_dashboard_msgs/local/lib/python3.10/dist-packages/ur_dashboard_msgs/srv/_generate_flight_report.py'...\n"}
[19.633588] (ur_dashboard_msgs) StdoutLine: {'line': b"Compiling '/home/sonvu/ur_ws/install/ur_dashboard_msgs/local/lib/python3.10/dist-packages/ur_dashboard_msgs/srv/_generate_support_file.py'...\n"}
[19.633612] (ur_dashboard_msgs) StdoutLine: {'line': b"Compiling '/home/sonvu/ur_ws/install/ur_dashboard_msgs/local/lib/python3.10/dist-packages/ur_dashboard_msgs/srv/_get_loaded_program.py'...\n"}
[19.633635] (ur_dashboard_msgs) StdoutLine: {'line': b"Compiling '/home/sonvu/ur_ws/install/ur_dashboard_msgs/local/lib/python3.10/dist-packages/ur_dashboard_msgs/srv/_get_operational_mode.py'...\n"}
[19.633659] (ur_dashboard_msgs) StdoutLine: {'line': b"Compiling '/home/sonvu/ur_ws/install/ur_dashboard_msgs/local/lib/python3.10/dist-packages/ur_dashboard_msgs/srv/_get_poly_scope_version.py'...\n"}
[19.633682] (ur_dashboard_msgs) StdoutLine: {'line': b"Compiling '/home/sonvu/ur_ws/install/ur_dashboard_msgs/local/lib/python3.10/dist-packages/ur_dashboard_msgs/srv/_get_program_state.py'...\n"}
[19.633706] (ur_dashboard_msgs) StdoutLine: {'line': b"Compiling '/home/sonvu/ur_ws/install/ur_dashboard_msgs/local/lib/python3.10/dist-packages/ur_dashboard_msgs/srv/_get_programs.py'...\n"}
[19.633729] (ur_dashboard_msgs) StdoutLine: {'line': b"Compiling '/home/sonvu/ur_ws/install/ur_dashboard_msgs/local/lib/python3.10/dist-packages/ur_dashboard_msgs/srv/_get_robot_mode.py'...\n"}
[19.633752] (ur_dashboard_msgs) StdoutLine: {'line': b"Compiling '/home/sonvu/ur_ws/install/ur_dashboard_msgs/local/lib/python3.10/dist-packages/ur_dashboard_msgs/srv/_get_robot_model.py'...\n"}
[19.633776] (ur_dashboard_msgs) StdoutLine: {'line': b"Compiling '/home/sonvu/ur_ws/install/ur_dashboard_msgs/local/lib/python3.10/dist-packages/ur_dashboard_msgs/srv/_get_safety_mode.py'...\n"}
[19.633801] (ur_dashboard_msgs) StdoutLine: {'line': b"Compiling '/home/sonvu/ur_ws/install/ur_dashboard_msgs/local/lib/python3.10/dist-packages/ur_dashboard_msgs/srv/_get_safety_status.py'...\n"}
[19.633825] (ur_dashboard_msgs) StdoutLine: {'line': b"Compiling '/home/sonvu/ur_ws/install/ur_dashboard_msgs/local/lib/python3.10/dist-packages/ur_dashboard_msgs/srv/_get_serial_number.py'...\n"}
[19.633848] (ur_dashboard_msgs) StdoutLine: {'line': b"Compiling '/home/sonvu/ur_ws/install/ur_dashboard_msgs/local/lib/python3.10/dist-packages/ur_dashboard_msgs/srv/_get_user_role.py'...\n"}
[19.633872] (ur_dashboard_msgs) StdoutLine: {'line': b"Compiling '/home/sonvu/ur_ws/install/ur_dashboard_msgs/local/lib/python3.10/dist-packages/ur_dashboard_msgs/srv/_is_in_remote_control.py'...\n"}
[19.633895] (ur_dashboard_msgs) StdoutLine: {'line': b"Compiling '/home/sonvu/ur_ws/install/ur_dashboard_msgs/local/lib/python3.10/dist-packages/ur_dashboard_msgs/srv/_is_program_running.py'...\n"}
[19.633918] (ur_dashboard_msgs) StdoutLine: {'line': b"Compiling '/home/sonvu/ur_ws/install/ur_dashboard_msgs/local/lib/python3.10/dist-packages/ur_dashboard_msgs/srv/_is_program_saved.py'...\n"}
[19.633941] (ur_dashboard_msgs) StdoutLine: {'line': b"Compiling '/home/sonvu/ur_ws/install/ur_dashboard_msgs/local/lib/python3.10/dist-packages/ur_dashboard_msgs/srv/_load.py'...\n"}
[19.633964] (ur_dashboard_msgs) StdoutLine: {'line': b"Compiling '/home/sonvu/ur_ws/install/ur_dashboard_msgs/local/lib/python3.10/dist-packages/ur_dashboard_msgs/srv/_popup.py'...\n"}
[19.633988] (ur_dashboard_msgs) StdoutLine: {'line': b"Compiling '/home/sonvu/ur_ws/install/ur_dashboard_msgs/local/lib/python3.10/dist-packages/ur_dashboard_msgs/srv/_raw_request.py'...\n"}
[19.634011] (ur_dashboard_msgs) StdoutLine: {'line': b"Compiling '/home/sonvu/ur_ws/install/ur_dashboard_msgs/local/lib/python3.10/dist-packages/ur_dashboard_msgs/srv/_set_operational_mode.py'...\n"}
[19.634035] (ur_dashboard_msgs) StdoutLine: {'line': b"Compiling '/home/sonvu/ur_ws/install/ur_dashboard_msgs/local/lib/python3.10/dist-packages/ur_dashboard_msgs/srv/_set_user_role.py'...\n"}
[19.634059] (ur_dashboard_msgs) StdoutLine: {'line': b"Compiling '/home/sonvu/ur_ws/install/ur_dashboard_msgs/local/lib/python3.10/dist-packages/ur_dashboard_msgs/srv/_upload_program.py'...\n"}
[19.636244] (ur_dashboard_msgs) StdoutLine: {'line': b'-- Installing: /home/sonvu/ur_ws/install/ur_dashboard_msgs/lib/libur_dashboard_msgs__rosidl_generator_py.so\n'}
[19.636416] (ur_dashboard_msgs) StdoutLine: {'line': b'-- Set runtime path of "/home/sonvu/ur_ws/install/ur_dashboard_msgs/lib/libur_dashboard_msgs__rosidl_generator_py.so" to ""\n'}
[19.636469] (ur_dashboard_msgs) StdoutLine: {'line': b'-- Installing: /home/sonvu/ur_ws/install/ur_dashboard_msgs/share/ur_dashboard_msgs/cmake/export_ur_dashboard_msgs__rosidl_generator_cExport.cmake\n'}
[19.636520] (ur_dashboard_msgs) StdoutLine: {'line': b'-- Installing: /home/sonvu/ur_ws/install/ur_dashboard_msgs/share/ur_dashboard_msgs/cmake/export_ur_dashboard_msgs__rosidl_generator_cExport-noconfig.cmake\n'}
[19.636587] (ur_dashboard_msgs) StdoutLine: {'line': b'-- Installing: /home/sonvu/ur_ws/install/ur_dashboard_msgs/share/ur_dashboard_msgs/cmake/export_ur_dashboard_msgs__rosidl_typesupport_fastrtps_cExport.cmake\n'}
[19.636662] (ur_dashboard_msgs) StdoutLine: {'line': b'-- Installing: /home/sonvu/ur_ws/install/ur_dashboard_msgs/share/ur_dashboard_msgs/cmake/export_ur_dashboard_msgs__rosidl_typesupport_fastrtps_cExport-noconfig.cmake\n'}
[19.636690] (ur_dashboard_msgs) StdoutLine: {'line': b'-- Installing: /home/sonvu/ur_ws/install/ur_dashboard_msgs/share/ur_dashboard_msgs/cmake/ur_dashboard_msgs__rosidl_typesupport_introspection_cExport.cmake\n'}
[19.636732] (ur_dashboard_msgs) StdoutLine: {'line': b'-- Installing: /home/sonvu/ur_ws/install/ur_dashboard_msgs/share/ur_dashboard_msgs/cmake/ur_dashboard_msgs__rosidl_typesupport_introspection_cExport-noconfig.cmake\n'}
[19.636767] (ur_dashboard_msgs) StdoutLine: {'line': b'-- Installing: /home/sonvu/ur_ws/install/ur_dashboard_msgs/share/ur_dashboard_msgs/cmake/ur_dashboard_msgs__rosidl_typesupport_cExport.cmake\n'}
[19.636810] (ur_dashboard_msgs) StdoutLine: {'line': b'-- Installing: /home/sonvu/ur_ws/install/ur_dashboard_msgs/share/ur_dashboard_msgs/cmake/ur_dashboard_msgs__rosidl_typesupport_cExport-noconfig.cmake\n'}
[19.636869] (ur_dashboard_msgs) StdoutLine: {'line': b'-- Installing: /home/sonvu/ur_ws/install/ur_dashboard_msgs/share/ur_dashboard_msgs/cmake/export_ur_dashboard_msgs__rosidl_generator_cppExport.cmake\n'}
[19.636918] (ur_dashboard_msgs) StdoutLine: {'line': b'-- Installing: /home/sonvu/ur_ws/install/ur_dashboard_msgs/share/ur_dashboard_msgs/cmake/export_ur_dashboard_msgs__rosidl_typesupport_fastrtps_cppExport.cmake\n'}
[19.636968] (ur_dashboard_msgs) StdoutLine: {'line': b'-- Installing: /home/sonvu/ur_ws/install/ur_dashboard_msgs/share/ur_dashboard_msgs/cmake/export_ur_dashboard_msgs__rosidl_typesupport_fastrtps_cppExport-noconfig.cmake\n'}
[19.637022] (ur_dashboard_msgs) StdoutLine: {'line': b'-- Installing: /home/sonvu/ur_ws/install/ur_dashboard_msgs/share/ur_dashboard_msgs/cmake/ur_dashboard_msgs__rosidl_typesupport_introspection_cppExport.cmake\n'}
[19.637072] (ur_dashboard_msgs) StdoutLine: {'line': b'-- Installing: /home/sonvu/ur_ws/install/ur_dashboard_msgs/share/ur_dashboard_msgs/cmake/ur_dashboard_msgs__rosidl_typesupport_introspection_cppExport-noconfig.cmake\n'}
[19.637127] (ur_dashboard_msgs) StdoutLine: {'line': b'-- Installing: /home/sonvu/ur_ws/install/ur_dashboard_msgs/share/ur_dashboard_msgs/cmake/ur_dashboard_msgs__rosidl_typesupport_cppExport.cmake\n'}
[19.637179] (ur_dashboard_msgs) StdoutLine: {'line': b'-- Installing: /home/sonvu/ur_ws/install/ur_dashboard_msgs/share/ur_dashboard_msgs/cmake/ur_dashboard_msgs__rosidl_typesupport_cppExport-noconfig.cmake\n'}
[19.637232] (ur_dashboard_msgs) StdoutLine: {'line': b'-- Installing: /home/sonvu/ur_ws/install/ur_dashboard_msgs/share/ur_dashboard_msgs/cmake/export_ur_dashboard_msgs__rosidl_generator_pyExport.cmake\n'}
[19.637281] (ur_dashboard_msgs) StdoutLine: {'line': b'-- Installing: /home/sonvu/ur_ws/install/ur_dashboard_msgs/share/ur_dashboard_msgs/cmake/export_ur_dashboard_msgs__rosidl_generator_pyExport-noconfig.cmake\n'}
[19.639231] (ur_dashboard_msgs) CommandEnded: {'returncode': 0}
[19.651980] (-) TimerEvent: {}
[19.673477] (ur_dashboard_msgs) JobEnded: {'identifier': 'ur_dashboard_msgs', 'rc': 0}
[19.674555] (ur_controllers) JobStarted: {'identifier': 'ur_controllers'}
[19.684266] (ur_controllers) JobProgress: {'identifier': 'ur_controllers', 'progress': 'cmake'}
[19.685378] (ur_controllers) Command: {'cmd': ['/usr/bin/cmake', '/home/sonvu/ur_ws/src/Universal_Robots_ROS2_Driver/ur_controllers', '-DAMENT_CMAKE_SYMLINK_INSTALL=1', '-DCMAKE_INSTALL_PREFIX=/home/sonvu/ur_ws/install/ur_controllers'], 'cwd': '/home/sonvu/ur_ws/build/ur_controllers', 'env': OrderedDict([('LESSOPEN', '| /usr/bin/lesspipe %s'), ('LANGUAGE', 'en_US:en'), ('USER', 'sonvu'), ('LC_TIME', 'vi_VN'), ('XDG_SESSION_TYPE', 'wayland'), ('SHLVL', '1'), ('LD_LIBRARY_PATH', '/home/sonvu/ur_ws/install/ur_dashboard_msgs/lib:/usr/lib/x86_64-linux-gnu/gazebo-11/plugins:/opt/ros/humble/opt/rviz_ogre_vendor/lib:/opt/ros/humble/lib/x86_64-linux-gnu:/opt/ros/humble/lib'), ('HOME', '/home/sonvu'), ('OLDPWD', '/home/sonvu'), ('DESKTOP_SESSION', 'ubuntu'), ('ROS_PYTHON_VERSION', '3'), ('GNOME_SHELL_SESSION_MODE', 'ubuntu'), ('GTK_MODULES', 'gail:atk-bridge'), ('LC_MONETARY', 'vi_VN'), ('SYSTEMD_EXEC_PID', '1840'), ('DBUS_SESSION_BUS_ADDRESS', 'unix:path=/run/user/1000/bus'), ('COLORTERM', 'truecolor'), ('IM_CONFIG_PHASE', '1'), ('WAYLAND_DISPLAY', 'wayland-0'), ('COLCON_PREFIX_PATH', '/home/sonvu/rtablc_base/install'), ('ROS_DISTRO', 'humble'), ('LOGNAME', 'sonvu'), ('_', '/usr/bin/colcon'), ('ROS_VERSION', '2'), ('XDG_SESSION_CLASS', 'user'), ('USERNAME', 'sonvu'), ('TERM', 'xterm-256color'), ('GNOME_DESKTOP_SESSION_ID', 'this-is-deprecated'), ('ROS_LOCALHOST_ONLY', '0'), ('PATH', '/opt/ros/humble/bin:/home/sonvu/.local/bin:/usr/local/sbin:/usr/local/bin:/usr/sbin:/usr/bin:/sbin:/bin:/usr/games:/usr/local/games:/snap/bin:/snap/bin'), ('SESSION_MANAGER', 'local/sonvu-Thin-15-B13UC:@/tmp/.ICE-unix/1810,unix/sonvu-Thin-15-B13UC:/tmp/.ICE-unix/1810'), ('PAPERSIZE', 'a4'), ('XDG_MENU_PREFIX', 'gnome-'), ('LC_ADDRESS', 'vi_VN'), ('GNOME_TERMINAL_SCREEN', '/org/gnome/Terminal/screen/13a4e776_53ad_4e87_90a5_551c296629db'), ('GNOME_SETUP_DISPLAY', ':1'), ('XDG_RUNTIME_DIR', '/run/user/1000'), ('DISPLAY', ':0'), ('LANG', 'en_US.UTF-8'), ('XDG_CURRENT_DESKTOP', 'ubuntu:GNOME'), ('LC_TELEPHONE', 'vi_VN'), ('XMODIFIERS', '@im=ibus'), ('XDG_SESSION_DESKTOP', 'ubuntu'), ('XAUTHORITY', '/run/user/1000/.mutter-Xwaylandauth.JB0DV3'), ('LS_COLORS', 'rs=0:di=01;34:ln=01;36:mh=00:pi=40;33:so=01;35:do=01;35:bd=40;33;01:cd=40;33;01:or=40;31;01:mi=00:su=37;41:sg=30;43:ca=30;41:tw=30;42:ow=34;42:st=37;44:ex=01;32:*.tar=01;31:*.tgz=01;31:*.arc=01;31:*.arj=01;31:*.taz=01;31:*.lha=01;31:*.lz4=01;31:*.lzh=01;31:*.lzma=01;31:*.tlz=01;31:*.txz=01;31:*.tzo=01;31:*.t7z=01;31:*.zip=01;31:*.z=01;31:*.dz=01;31:*.gz=01;31:*.lrz=01;31:*.lz=01;31:*.lzo=01;31:*.xz=01;31:*.zst=01;31:*.tzst=01;31:*.bz2=01;31:*.bz=01;31:*.tbz=01;31:*.tbz2=01;31:*.tz=01;31:*.deb=01;31:*.rpm=01;31:*.jar=01;31:*.war=01;31:*.ear=01;31:*.sar=01;31:*.rar=01;31:*.alz=01;31:*.ace=01;31:*.zoo=01;31:*.cpio=01;31:*.7z=01;31:*.rz=01;31:*.cab=01;31:*.wim=01;31:*.swm=01;31:*.dwm=01;31:*.esd=01;31:*.jpg=01;35:*.jpeg=01;35:*.mjpg=01;35:*.mjpeg=01;35:*.gif=01;35:*.bmp=01;35:*.pbm=01;35:*.pgm=01;35:*.ppm=01;35:*.tga=01;35:*.xbm=01;35:*.xpm=01;35:*.tif=01;35:*.tiff=01;35:*.png=01;35:*.svg=01;35:*.svgz=01;35:*.mng=01;35:*.pcx=01;35:*.mov=01;35:*.mpg=01;35:*.mpeg=01;35:*.m2v=01;35:*.mkv=01;35:*.webm=01;35:*.webp=01;35:*.ogm=01;35:*.mp4=01;35:*.m4v=01;35:*.mp4v=01;35:*.vob=01;35:*.qt=01;35:*.nuv=01;35:*.wmv=01;35:*.asf=01;35:*.rm=01;35:*.rmvb=01;35:*.flc=01;35:*.avi=01;35:*.fli=01;35:*.flv=01;35:*.gl=01;35:*.dl=01;35:*.xcf=01;35:*.xwd=01;35:*.yuv=01;35:*.cgm=01;35:*.emf=01;35:*.ogv=01;35:*.ogx=01;35:*.aac=00;36:*.au=00;36:*.flac=00;36:*.m4a=00;36:*.mid=00;36:*.midi=00;36:*.mka=00;36:*.mp3=00;36:*.mpc=00;36:*.ogg=00;36:*.ra=00;36:*.wav=00;36:*.oga=00;36:*.opus=00;36:*.spx=00;36:*.xspf=00;36:'), ('GNOME_TERMINAL_SERVICE', ':1.111'), ('SSH_AGENT_LAUNCHER', 'gnome-keyring'), ('SSH_AUTH_SOCK', '/run/user/1000/keyring/ssh'), ('AMENT_PREFIX_PATH', '/home/sonvu/ur_ws/install/ur_dashboard_msgs:/home/sonvu/rtablc_base/install/rtablc_experiment:/opt/ros/humble'), ('SHELL', '/bin/bash'), ('LC_NAME', 'vi_VN'), ('QT_ACCESSIBILITY', '1'), ('GDMSESSION', 'ubuntu'), ('LESSCLOSE', '/usr/bin/lesspipe %s %s'), ('LC_MEASUREMENT', 'vi_VN'), ('LC_IDENTIFICATION', 'vi_VN'), ('QT_IM_MODULE', 'ibus'), ('PWD', '/home/sonvu/ur_ws/build/ur_controllers'), ('LC_ALL', 'en_US.UTF-8'), ('XDG_CONFIG_DIRS', '/etc/xdg/xdg-ubuntu:/etc/xdg'), ('XDG_DATA_DIRS', '/usr/share/ubuntu:/usr/local/share/:/usr/share/:/var/lib/snapd/desktop'), ('PYTHONPATH', '/home/sonvu/ur_ws/install/ur_dashboard_msgs/local/lib/python3.10/dist-packages:/home/sonvu/rtablc_base/build/rtablc_experiment:/home/sonvu/rtablc_base/install/rtablc_experiment/lib/python3.10/site-packages:/opt/ros/humble/lib/python3.10/site-packages:/opt/ros/humble/local/lib/python3.10/dist-packages'), ('LC_NUMERIC', 'vi_VN'), ('LC_PAPER', 'vi_VN'), ('COLCON', '1'), ('VTE_VERSION', '6800'), ('CMAKE_PREFIX_PATH', '/home/sonvu/ur_ws/install/ur_dashboard_msgs:/home/sonvu/rtablc_base/install/rtablc_experiment:/opt/ros/humble')]), 'shell': False}
[19.752277] (-) TimerEvent: {}
[19.776784] (ur_controllers) StdoutLine: {'line': b'-- The C compiler identification is GNU 11.4.0\n'}
[19.823792] (ur_controllers) StdoutLine: {'line': b'-- The CXX compiler identification is GNU 11.4.0\n'}
[19.832788] (ur_controllers) StdoutLine: {'line': b'-- Detecting C compiler ABI info\n'}
[19.852522] (-) TimerEvent: {}
[19.946528] (ur_controllers) StdoutLine: {'line': b'-- Detecting C compiler ABI info - done\n'}
[19.951381] (ur_controllers) StdoutLine: {'line': b'-- Check for working C compiler: /usr/bin/cc - skipped\n'}
[19.951475] (ur_controllers) StdoutLine: {'line': b'-- Detecting C compile features\n'}
[19.951730] (ur_controllers) StdoutLine: {'line': b'-- Detecting C compile features - done\n'}
[19.952715] (-) TimerEvent: {}
[19.953738] (ur_controllers) StdoutLine: {'line': b'-- Detecting CXX compiler ABI info\n'}
[20.040161] (ur_controllers) StdoutLine: {'line': b'-- Detecting CXX compiler ABI info - done\n'}
[20.045106] (ur_controllers) StdoutLine: {'line': b'-- Check for working CXX compiler: /usr/bin/c++ - skipped\n'}
[20.045281] (ur_controllers) StdoutLine: {'line': b'-- Detecting CXX compile features\n'}
[20.045544] (ur_controllers) StdoutLine: {'line': b'-- Detecting CXX compile features - done\n'}
[20.047490] (ur_controllers) StdoutLine: {'line': b'-- Found ament_cmake: 1.3.14 (/opt/ros/humble/share/ament_cmake/cmake)\n'}
[20.052785] (-) TimerEvent: {}
[20.152994] (-) TimerEvent: {}
[20.154557] (ur_controllers) StdoutLine: {'line': b'-- Found Python3: /usr/bin/python3 (found version "3.10.12") found components: Interpreter \n'}
[20.197608] (ur_controllers) StdoutLine: {'line': b'-- Override CMake install command with custom implementation using symlinks instead of copying resources\n'}
[20.227981] (ur_controllers) StdoutLine: {'line': b'-- Found angles: 1.15.0 (/opt/ros/humble/share/angles/cmake)\n'}
[20.231525] (ur_controllers) StdoutLine: {'line': b'-- Found controller_interface: 2.54.0 (/opt/ros/humble/share/controller_interface/cmake)\n'}
[20.253155] (-) TimerEvent: {}
[20.266365] (ur_controllers) StdoutLine: {'line': b'-- Found rosidl_generator_c: 3.1.8 (/opt/ros/humble/share/rosidl_generator_c/cmake)\n'}
[20.270351] (ur_controllers) StdoutLine: {'line': b'-- Found rosidl_adapter: 3.1.8 (/opt/ros/humble/share/rosidl_adapter/cmake)\n'}
[20.276643] (ur_controllers) StdoutLine: {'line': b'-- Found rosidl_generator_cpp: 3.1.8 (/opt/ros/humble/share/rosidl_generator_cpp/cmake)\n'}
[20.286490] (ur_controllers) StdoutLine: {'line': b'-- Using all available rosidl_typesupport_c: rosidl_typesupport_fastrtps_c;rosidl_typesupport_introspection_c\n'}
[20.298067] (ur_controllers) StdoutLine: {'line': b'-- Using all available rosidl_typesupport_cpp: rosidl_typesupport_fastrtps_cpp;rosidl_typesupport_introspection_cpp\n'}
[20.353325] (-) TimerEvent: {}
[20.453595] (-) TimerEvent: {}
[20.475708] (ur_controllers) StdoutLine: {'line': b'-- Found rmw_implementation_cmake: 6.1.2 (/opt/ros/humble/share/rmw_implementation_cmake/cmake)\n'}
[20.479020] (ur_controllers) StdoutLine: {'line': b'-- Found rmw_fastrtps_cpp: 6.2.10 (/opt/ros/humble/share/rmw_fastrtps_cpp/cmake)\n'}
[20.505430] (ur_controllers) StdoutLine: {'line': b'-- Found TinyXML2 via Config file: TinyXML2_DIR-NOTFOUND\n'}
[20.553811] (-) TimerEvent: {}
[20.633030] (ur_controllers) StdoutLine: {'line': b'-- Found OpenSSL: /usr/lib/x86_64-linux-gnu/libcrypto.so (found version "3.0.2")  \n'}
[20.638088] (ur_controllers) StdoutLine: {'line': b'-- Found TinyXML2 via Config file: TinyXML2_DIR-NOTFOUND\n'}
[20.653883] (-) TimerEvent: {}
[20.655152] (ur_controllers) StdoutLine: {'line': b'-- Found FastRTPS: /opt/ros/humble/include  \n'}
[20.657553] (ur_controllers) StdoutLine: {'line': b'-- Found TinyXML2 via Config file: TinyXML2_DIR-NOTFOUND\n'}
[20.663480] (ur_controllers) StdoutLine: {'line': b'-- Found TinyXML2 via Config file: TinyXML2_DIR-NOTFOUND\n'}
[20.671585] (ur_controllers) StdoutLine: {'line': b"-- Using RMW implementation 'rmw_fastrtps_cpp' as default\n"}
[20.683863] (ur_controllers) StdoutLine: {'line': b'-- Looking for pthread.h\n'}
[20.744952] (ur_controllers) StdoutLine: {'line': b'-- Looking for pthread.h - found\n'}
[20.745089] (ur_controllers) StdoutLine: {'line': b'-- Performing Test CMAKE_HAVE_LIBC_PTHREAD\n'}
[20.754010] (-) TimerEvent: {}
[20.804252] (ur_controllers) StdoutLine: {'line': b'-- Performing Test CMAKE_HAVE_LIBC_PTHREAD - Success\n'}
[20.805108] (ur_controllers) StdoutLine: {'line': b'-- Found Threads: TRUE  \n'}
[20.847590] (ur_controllers) StdoutLine: {'line': b'-- Found joint_trajectory_controller: 2.53.1 (/opt/ros/humble/share/joint_trajectory_controller/cmake)\n'}
[20.854111] (-) TimerEvent: {}
[20.917433] (ur_controllers) StdoutLine: {'line': b'-- Found std_srvs: 4.9.1 (/opt/ros/humble/share/std_srvs/cmake)\n'}
[20.926822] (ur_controllers) StdoutLine: {'line': b'-- Found tf2_geometry_msgs: 0.25.20 (/opt/ros/humble/share/tf2_geometry_msgs/cmake)\n'}
[20.934737] (ur_controllers) StdoutLine: {'line': b'-- Found eigen3_cmake_module: 0.1.1 (/opt/ros/humble/share/eigen3_cmake_module/cmake)\n'}
[20.935874] (ur_controllers) StdoutLine: {'line': b'-- Found Eigen3: TRUE (found version "3.4.0") \n'}
[20.935913] (ur_controllers) StdoutLine: {'line': b'-- Ensuring Eigen3 include directory is part of orocos-kdl CMake target\n'}
[20.954218] (-) TimerEvent: {}
[20.985084] (ur_controllers) StdoutLine: {'line': b'-- Found ur_dashboard_msgs: 2.15.0 (/home/sonvu/ur_ws/install/ur_dashboard_msgs/share/ur_dashboard_msgs/cmake)\n'}
[20.996847] (ur_controllers) StdoutLine: {'line': b'-- Found ur_msgs: 2.6.0 (/opt/ros/humble/share/ur_msgs/cmake)\n'}
[21.024606] (ur_controllers) StdoutLine: {'line': b'-- Found ament_cmake_gmock: 1.3.14 (/opt/ros/humble/share/ament_cmake_gmock/cmake)\n'}
[21.029144] (ur_controllers) StdoutLine: {'line': b'-- Found controller_manager: 2.54.0 (/opt/ros/humble/share/controller_manager/cmake)\n'}
[21.047560] (ur_controllers) StdoutLine: {'line': b'-- Found ros2_control_test_assets: 2.54.0 (/opt/ros/humble/share/ros2_control_test_assets/cmake)\n'}
[21.050343] (ur_controllers) StdoutLine: {'line': b"-- Found gmock sources under '/opt/ros/humble/src/gmock_vendor': C++ tests using 'Google Mock' will be built\n"}
[21.054330] (-) TimerEvent: {}
[21.054995] (ur_controllers) StdoutLine: {'line': b'-- Found ament_cmake_gtest: 1.3.14 (/opt/ros/humble/share/ament_cmake_gtest/cmake)\n'}
[21.055793] (ur_controllers) StdoutLine: {'line': b"-- Found gtest sources under '/opt/ros/humble/src/gtest_vendor': C++ tests using 'Google Test' will be built\n"}
[21.110477] (ur_controllers) StdoutLine: {'line': b'-- Configuring done\n'}
[21.152843] (ur_controllers) StdoutLine: {'line': b'-- Generating done\n'}
[21.154515] (-) TimerEvent: {}
[21.169355] (ur_controllers) StdoutLine: {'line': b'-- Build files have been written to: /home/sonvu/ur_ws/build/ur_controllers\n'}
[21.177954] (ur_controllers) CommandEnded: {'returncode': 0}
[21.178349] (ur_controllers) JobProgress: {'identifier': 'ur_controllers', 'progress': 'build'}
[21.179072] (ur_controllers) Command: {'cmd': ['/usr/bin/cmake', '--build', '/home/sonvu/ur_ws/build/ur_controllers', '--', '-j16', '-l16'], 'cwd': '/home/sonvu/ur_ws/build/ur_controllers', 'env': OrderedDict([('LESSOPEN', '| /usr/bin/lesspipe %s'), ('LANGUAGE', 'en_US:en'), ('USER', 'sonvu'), ('LC_TIME', 'vi_VN'), ('XDG_SESSION_TYPE', 'wayland'), ('SHLVL', '1'), ('LD_LIBRARY_PATH', '/home/sonvu/ur_ws/install/ur_dashboard_msgs/lib:/usr/lib/x86_64-linux-gnu/gazebo-11/plugins:/opt/ros/humble/opt/rviz_ogre_vendor/lib:/opt/ros/humble/lib/x86_64-linux-gnu:/opt/ros/humble/lib'), ('HOME', '/home/sonvu'), ('OLDPWD', '/home/sonvu'), ('DESKTOP_SESSION', 'ubuntu'), ('ROS_PYTHON_VERSION', '3'), ('GNOME_SHELL_SESSION_MODE', 'ubuntu'), ('GTK_MODULES', 'gail:atk-bridge'), ('LC_MONETARY', 'vi_VN'), ('SYSTEMD_EXEC_PID', '1840'), ('DBUS_SESSION_BUS_ADDRESS', 'unix:path=/run/user/1000/bus'), ('COLORTERM', 'truecolor'), ('IM_CONFIG_PHASE', '1'), ('WAYLAND_DISPLAY', 'wayland-0'), ('COLCON_PREFIX_PATH', '/home/sonvu/rtablc_base/install'), ('ROS_DISTRO', 'humble'), ('LOGNAME', 'sonvu'), ('_', '/usr/bin/colcon'), ('ROS_VERSION', '2'), ('XDG_SESSION_CLASS', 'user'), ('USERNAME', 'sonvu'), ('TERM', 'xterm-256color'), ('GNOME_DESKTOP_SESSION_ID', 'this-is-deprecated'), ('ROS_LOCALHOST_ONLY', '0'), ('PATH', '/opt/ros/humble/bin:/home/sonvu/.local/bin:/usr/local/sbin:/usr/local/bin:/usr/sbin:/usr/bin:/sbin:/bin:/usr/games:/usr/local/games:/snap/bin:/snap/bin'), ('SESSION_MANAGER', 'local/sonvu-Thin-15-B13UC:@/tmp/.ICE-unix/1810,unix/sonvu-Thin-15-B13UC:/tmp/.ICE-unix/1810'), ('PAPERSIZE', 'a4'), ('XDG_MENU_PREFIX', 'gnome-'), ('LC_ADDRESS', 'vi_VN'), ('GNOME_TERMINAL_SCREEN', '/org/gnome/Terminal/screen/13a4e776_53ad_4e87_90a5_551c296629db'), ('GNOME_SETUP_DISPLAY', ':1'), ('XDG_RUNTIME_DIR', '/run/user/1000'), ('DISPLAY', ':0'), ('LANG', 'en_US.UTF-8'), ('XDG_CURRENT_DESKTOP', 'ubuntu:GNOME'), ('LC_TELEPHONE', 'vi_VN'), ('XMODIFIERS', '@im=ibus'), ('XDG_SESSION_DESKTOP', 'ubuntu'), ('XAUTHORITY', '/run/user/1000/.mutter-Xwaylandauth.JB0DV3'), ('LS_COLORS', 'rs=0:di=01;34:ln=01;36:mh=00:pi=40;33:so=01;35:do=01;35:bd=40;33;01:cd=40;33;01:or=40;31;01:mi=00:su=37;41:sg=30;43:ca=30;41:tw=30;42:ow=34;42:st=37;44:ex=01;32:*.tar=01;31:*.tgz=01;31:*.arc=01;31:*.arj=01;31:*.taz=01;31:*.lha=01;31:*.lz4=01;31:*.lzh=01;31:*.lzma=01;31:*.tlz=01;31:*.txz=01;31:*.tzo=01;31:*.t7z=01;31:*.zip=01;31:*.z=01;31:*.dz=01;31:*.gz=01;31:*.lrz=01;31:*.lz=01;31:*.lzo=01;31:*.xz=01;31:*.zst=01;31:*.tzst=01;31:*.bz2=01;31:*.bz=01;31:*.tbz=01;31:*.tbz2=01;31:*.tz=01;31:*.deb=01;31:*.rpm=01;31:*.jar=01;31:*.war=01;31:*.ear=01;31:*.sar=01;31:*.rar=01;31:*.alz=01;31:*.ace=01;31:*.zoo=01;31:*.cpio=01;31:*.7z=01;31:*.rz=01;31:*.cab=01;31:*.wim=01;31:*.swm=01;31:*.dwm=01;31:*.esd=01;31:*.jpg=01;35:*.jpeg=01;35:*.mjpg=01;35:*.mjpeg=01;35:*.gif=01;35:*.bmp=01;35:*.pbm=01;35:*.pgm=01;35:*.ppm=01;35:*.tga=01;35:*.xbm=01;35:*.xpm=01;35:*.tif=01;35:*.tiff=01;35:*.png=01;35:*.svg=01;35:*.svgz=01;35:*.mng=01;35:*.pcx=01;35:*.mov=01;35:*.mpg=01;35:*.mpeg=01;35:*.m2v=01;35:*.mkv=01;35:*.webm=01;35:*.webp=01;35:*.ogm=01;35:*.mp4=01;35:*.m4v=01;35:*.mp4v=01;35:*.vob=01;35:*.qt=01;35:*.nuv=01;35:*.wmv=01;35:*.asf=01;35:*.rm=01;35:*.rmvb=01;35:*.flc=01;35:*.avi=01;35:*.fli=01;35:*.flv=01;35:*.gl=01;35:*.dl=01;35:*.xcf=01;35:*.xwd=01;35:*.yuv=01;35:*.cgm=01;35:*.emf=01;35:*.ogv=01;35:*.ogx=01;35:*.aac=00;36:*.au=00;36:*.flac=00;36:*.m4a=00;36:*.mid=00;36:*.midi=00;36:*.mka=00;36:*.mp3=00;36:*.mpc=00;36:*.ogg=00;36:*.ra=00;36:*.wav=00;36:*.oga=00;36:*.opus=00;36:*.spx=00;36:*.xspf=00;36:'), ('GNOME_TERMINAL_SERVICE', ':1.111'), ('SSH_AGENT_LAUNCHER', 'gnome-keyring'), ('SSH_AUTH_SOCK', '/run/user/1000/keyring/ssh'), ('AMENT_PREFIX_PATH', '/home/sonvu/ur_ws/install/ur_dashboard_msgs:/home/sonvu/rtablc_base/install/rtablc_experiment:/opt/ros/humble'), ('SHELL', '/bin/bash'), ('LC_NAME', 'vi_VN'), ('QT_ACCESSIBILITY', '1'), ('GDMSESSION', 'ubuntu'), ('LESSCLOSE', '/usr/bin/lesspipe %s %s'), ('LC_MEASUREMENT', 'vi_VN'), ('LC_IDENTIFICATION', 'vi_VN'), ('QT_IM_MODULE', 'ibus'), ('PWD', '/home/sonvu/ur_ws/build/ur_controllers'), ('LC_ALL', 'en_US.UTF-8'), ('XDG_CONFIG_DIRS', '/etc/xdg/xdg-ubuntu:/etc/xdg'), ('XDG_DATA_DIRS', '/usr/share/ubuntu:/usr/local/share/:/usr/share/:/var/lib/snapd/desktop'), ('PYTHONPATH', '/home/sonvu/ur_ws/install/ur_dashboard_msgs/local/lib/python3.10/dist-packages:/home/sonvu/rtablc_base/build/rtablc_experiment:/home/sonvu/rtablc_base/install/rtablc_experiment/lib/python3.10/site-packages:/opt/ros/humble/lib/python3.10/site-packages:/opt/ros/humble/local/lib/python3.10/dist-packages'), ('LC_NUMERIC', 'vi_VN'), ('LC_PAPER', 'vi_VN'), ('COLCON', '1'), ('VTE_VERSION', '6800'), ('CMAKE_PREFIX_PATH', '/home/sonvu/ur_ws/install/ur_dashboard_msgs:/home/sonvu/rtablc_base/install/rtablc_experiment:/opt/ros/humble')]), 'shell': False}
[21.239431] (ur_controllers) StdoutLine: {'line': b'[  2%] \x1b[34m\x1b[1mRunning `/opt/ros/humble/bin/generate_parameter_library_cpp /home/sonvu/ur_ws/build/ur_controllers/include/ur_controllers/gpio_controller_parameters.hpp /home/sonvu/ur_ws/src/Universal_Robots_ROS2_Driver/ur_controllers/src/gpio_controller_parameters.yaml `\x1b[0m\n'}
[21.239654] (ur_controllers) StdoutLine: {'line': b'[  4%] \x1b[32mBuilding CXX object gmock/CMakeFiles/gmock.dir/opt/ros/humble/src/gtest_vendor/src/gtest-all.cc.o\x1b[0m\n'}
[21.239918] (ur_controllers) StdoutLine: {'line': b'[  6%] \x1b[34m\x1b[1mRunning `/opt/ros/humble/bin/generate_parameter_library_cpp /home/sonvu/ur_ws/build/ur_controllers/include/ur_controllers/friction_model_controller_parameters.hpp /home/sonvu/ur_ws/src/Universal_Robots_ROS2_Driver/ur_controllers/src/friction_model_controller_parameters.yaml `\x1b[0m\n'}
[21.240097] (ur_controllers) StdoutLine: {'line': b'[  8%] \x1b[34m\x1b[1mRunning `/opt/ros/humble/bin/generate_parameter_library_cpp /home/sonvu/ur_ws/build/ur_controllers/include/ur_controllers/freedrive_mode_controller_parameters.hpp /home/sonvu/ur_ws/src/Universal_Robots_ROS2_Driver/ur_controllers/src/freedrive_mode_controller_parameters.yaml `\x1b[0m\n'}
[21.240502] (ur_controllers) StdoutLine: {'line': b'[ 11%] \x1b[34m\x1b[1mRunning `/opt/ros/humble/bin/generate_parameter_library_cpp /home/sonvu/ur_ws/build/ur_controllers/include/ur_controllers/scaled_joint_trajectory_controller_parameters.hpp /home/sonvu/ur_ws/src/Universal_Robots_ROS2_Driver/ur_controllers/src/scaled_joint_trajectory_controller_parameters.yaml `\x1b[0m\n'}
[21.241137] (ur_controllers) StdoutLine: {'line': b'[ 13%] \x1b[32mBuilding CXX object gmock/CMakeFiles/gmock.dir/src/gmock-all.cc.o\x1b[0m\n'}
[21.241341] (ur_controllers) StdoutLine: {'line': b'[ 15%] \x1b[34m\x1b[1mRunning `/opt/ros/humble/bin/generate_parameter_library_cpp /home/sonvu/ur_ws/build/ur_controllers/include/ur_controllers/tool_contact_controller_parameters.hpp /home/sonvu/ur_ws/src/Universal_Robots_ROS2_Driver/ur_controllers/src/tool_contact_controller_parameters.yaml `\x1b[0m\n'}
[21.241667] (ur_controllers) StdoutLine: {'line': b'[ 17%] \x1b[34m\x1b[1mRunning `/opt/ros/humble/bin/generate_parameter_library_cpp /home/sonvu/ur_ws/build/ur_controllers/include/ur_controllers/speed_scaling_state_broadcaster_parameters.hpp /home/sonvu/ur_ws/src/Universal_Robots_ROS2_Driver/ur_controllers/src/speed_scaling_state_broadcaster_parameters.yaml `\x1b[0m\n'}
[21.242268] (ur_controllers) StdoutLine: {'line': b'[ 20%] \x1b[32mBuilding CXX object gmock/CMakeFiles/gmock_main.dir/src/gmock_main.cc.o\x1b[0m\n'}
[21.245639] (ur_controllers) StdoutLine: {'line': b'[ 22%] \x1b[34m\x1b[1mRunning `/opt/ros/humble/bin/generate_parameter_library_cpp /home/sonvu/ur_ws/build/ur_controllers/include/ur_controllers/passthrough_trajectory_controller_parameters.hpp /home/sonvu/ur_ws/src/Universal_Robots_ROS2_Driver/ur_controllers/src/passthrough_trajectory_controller_parameters.yaml `\x1b[0m\n'}
[21.246038] (ur_controllers) StdoutLine: {'line': b'[ 24%] \x1b[34m\x1b[1mRunning `/opt/ros/humble/bin/generate_parameter_library_cpp /home/sonvu/ur_ws/build/ur_controllers/include/ur_controllers/force_mode_controller_parameters.hpp /home/sonvu/ur_ws/src/Universal_Robots_ROS2_Driver/ur_controllers/src/force_mode_controller_parameters.yaml `\x1b[0m\n'}
[21.246899] (ur_controllers) StdoutLine: {'line': b'[ 26%] \x1b[34m\x1b[1mRunning `/opt/ros/humble/bin/generate_parameter_library_cpp /home/sonvu/ur_ws/build/ur_controllers/include/ur_controllers/ur_configuration_controller_parameters.hpp /home/sonvu/ur_ws/src/Universal_Robots_ROS2_Driver/ur_controllers/src/ur_configuration_controller_parameters.yaml `\x1b[0m\n'}
[21.254616] (-) TimerEvent: {}
[21.354855] (-) TimerEvent: {}
[21.359552] (ur_controllers) StdoutLine: {'line': b'[ 28%] \x1b[34m\x1b[1mCreating deprecated header file /home/sonvu/ur_ws/build/ur_controllers/include/ur_configuration_controller_parameters.hpp\x1b[0m\n'}
[21.372542] (ur_controllers) StdoutLine: {'line': b'[ 28%] Built target ur_configuration_controller_parameters\n'}
[21.374312] (ur_controllers) StdoutLine: {'line': b'[ 31%] \x1b[34m\x1b[1mCreating deprecated header file /home/sonvu/ur_ws/build/ur_controllers/include/freedrive_mode_controller_parameters.hpp\x1b[0m\n'}
[21.374942] (ur_controllers) StdoutLine: {'line': b'[ 33%] \x1b[34m\x1b[1mCreating deprecated header file /home/sonvu/ur_ws/build/ur_controllers/include/gpio_controller_parameters.hpp\x1b[0m\n'}
[21.385967] (ur_controllers) StdoutLine: {'line': b'[ 35%] \x1b[34m\x1b[1mCreating deprecated header file /home/sonvu/ur_ws/build/ur_controllers/include/speed_scaling_state_broadcaster_parameters.hpp\x1b[0m\n'}
[21.386144] (ur_controllers) StdoutLine: {'line': b'[ 35%] Built target freedrive_mode_controller_parameters\n'}
[21.386206] (ur_controllers) StdoutLine: {'line': b'[ 35%] Built target gpio_controller_parameters\n'}
[21.389115] (ur_controllers) StdoutLine: {'line': b'[ 37%] \x1b[34m\x1b[1mCreating deprecated header file /home/sonvu/ur_ws/build/ur_controllers/include/force_mode_controller_parameters.hpp\x1b[0m\n'}
[21.397132] (ur_controllers) StdoutLine: {'line': b'[ 37%] Built target speed_scaling_state_broadcaster_parameters\n'}
[21.400090] (ur_controllers) StdoutLine: {'line': b'[ 37%] Built target force_mode_controller_parameters\n'}
[21.400650] (ur_controllers) StdoutLine: {'line': b'[ 40%] \x1b[34m\x1b[1mCreating deprecated header file /home/sonvu/ur_ws/build/ur_controllers/include/scaled_joint_trajectory_controller_parameters.hpp\x1b[0m\n'}
[21.413126] (ur_controllers) StdoutLine: {'line': b'[ 40%] Built target scaled_joint_trajectory_controller_parameters\n'}
[21.414630] (ur_controllers) StdoutLine: {'line': b'[ 42%] \x1b[34m\x1b[1mCreating deprecated header file /home/sonvu/ur_ws/build/ur_controllers/include/friction_model_controller_parameters.hpp\x1b[0m\n'}
[21.429566] (ur_controllers) StdoutLine: {'line': b'[ 44%] \x1b[34m\x1b[1mCreating deprecated header file /home/sonvu/ur_ws/build/ur_controllers/include/passthrough_trajectory_controller_parameters.hpp\x1b[0m\n'}
[21.430878] (ur_controllers) StdoutLine: {'line': b'[ 46%] \x1b[34m\x1b[1mCreating deprecated header file /home/sonvu/ur_ws/build/ur_controllers/include/tool_contact_controller_parameters.hpp\x1b[0m\n'}
[21.431044] (ur_controllers) StdoutLine: {'line': b'[ 46%] Built target friction_model_controller_parameters\n'}
[21.444364] (ur_controllers) StdoutLine: {'line': b'[ 46%] Built target tool_contact_controller_parameters\n'}
[21.444904] (ur_controllers) StdoutLine: {'line': b'[ 46%] Built target passthrough_trajectory_controller_parameters\n'}
[21.454957] (-) TimerEvent: {}
[21.462298] (ur_controllers) StdoutLine: {'line': b'[ 48%] \x1b[32mBuilding CXX object CMakeFiles/ur_controllers.dir/src/force_mode_controller.cpp.o\x1b[0m\n'}
[21.463030] (ur_controllers) StdoutLine: {'line': b'[ 51%] \x1b[32mBuilding CXX object CMakeFiles/ur_controllers.dir/src/tool_contact_controller.cpp.o\x1b[0m\n'}
[21.463197] (ur_controllers) StdoutLine: {'line': b'[ 53%] \x1b[32mBuilding CXX object CMakeFiles/ur_controllers.dir/src/friction_model_controller.cpp.o\x1b[0m\n'}
[21.463808] (ur_controllers) StdoutLine: {'line': b'[ 55%] \x1b[32mBuilding CXX object CMakeFiles/ur_controllers.dir/src/speed_scaling_state_broadcaster.cpp.o\x1b[0m\n'}
[21.464128] (ur_controllers) StdoutLine: {'line': b'[ 57%] \x1b[32mBuilding CXX object CMakeFiles/ur_controllers.dir/src/freedrive_mode_controller.cpp.o\x1b[0m\n'}
[21.464264] (ur_controllers) StdoutLine: {'line': b'[ 60%] \x1b[32mBuilding CXX object CMakeFiles/ur_controllers.dir/src/gpio_controller.cpp.o\x1b[0m\n'}
[21.465460] (ur_controllers) StdoutLine: {'line': b'[ 62%] \x1b[32mBuilding CXX object CMakeFiles/ur_controllers.dir/src/scaled_joint_trajectory_controller.cpp.o\x1b[0m\n'}
[21.466321] (ur_controllers) StdoutLine: {'line': b'[ 66%] \x1b[32mBuilding CXX object CMakeFiles/ur_controllers.dir/src/passthrough_trajectory_controller.cpp.o\x1b[0m\n'}
[21.466473] (ur_controllers) StdoutLine: {'line': b'[ 66%] \x1b[32mBuilding CXX object CMakeFiles/ur_controllers.dir/src/ur_configuration_controller.cpp.o\x1b[0m\n'}
[21.555074] (-) TimerEvent: {}
[21.655383] (-) TimerEvent: {}
[21.755690] (-) TimerEvent: {}
[21.855996] (-) TimerEvent: {}
[21.956327] (-) TimerEvent: {}
[22.056682] (-) TimerEvent: {}
[22.157012] (-) TimerEvent: {}
[22.172762] (ur_controllers) StdoutLine: {'line': b'[ 68%] \x1b[32m\x1b[1mLinking CXX static library libgmock_main.a\x1b[0m\n'}
[22.212596] (ur_controllers) StdoutLine: {'line': b'[ 68%] Built target gmock_main\n'}
[22.257132] (-) TimerEvent: {}
[22.357456] (-) TimerEvent: {}
[22.457779] (-) TimerEvent: {}
[22.558113] (-) TimerEvent: {}
[22.658462] (-) TimerEvent: {}
[22.758790] (-) TimerEvent: {}
[22.859112] (-) TimerEvent: {}
[22.959451] (-) TimerEvent: {}
[23.059777] (-) TimerEvent: {}
[23.160111] (-) TimerEvent: {}
[23.260442] (-) TimerEvent: {}
[23.316575] (ur_controllers) StderrLine: {'line': b'In file included from \x1b[01m\x1b[K/opt/ros/humble/include/parameter_traits/parameter_traits/parameter_traits.hpp:37\x1b[m\x1b[K,\n'}
[23.316770] (ur_controllers) StderrLine: {'line': b'                 from \x1b[01m\x1b[K/home/sonvu/ur_ws/build/ur_controllers/include/ur_controllers/speed_scaling_state_broadcaster_parameters.hpp:26\x1b[m\x1b[K,\n'}
[23.316842] (ur_controllers) StderrLine: {'line': b'                 from \x1b[01m\x1b[K/home/sonvu/ur_ws/src/Universal_Robots_ROS2_Driver/ur_controllers/include/ur_controllers/speed_scaling_state_broadcaster.hpp:50\x1b[m\x1b[K,\n'}
[23.316891] (ur_controllers) StderrLine: {'line': b'                 from \x1b[01m\x1b[K/home/sonvu/ur_ws/src/Universal_Robots_ROS2_Driver/ur_controllers/src/speed_scaling_state_broadcaster.cpp:38\x1b[m\x1b[K:\n'}
[23.316931] (ur_controllers) StderrLine: {'line': b'\x1b[01m\x1b[K/opt/ros/humble/include/tl_expected/expected.hpp:18:167:\x1b[m\x1b[K \x1b[01;36m\x1b[Knote: \x1b[m\x1b[K\xe2\x80\x98\x1b[01m\x1b[K#pragma message: tl_expected/expected.hpp is deprecated. Use <tl/expected.hpp> from libexpected-dev, or <rcpputils/tl_expected/expected.hpp> if the system header is not available.\x1b[m\x1b[K\xe2\x80\x99\n'}
[23.316979] (ur_controllers) StderrLine: {'line': b'   18 |   "tl_expected/expected.hpp is deprecated. Use <tl/expected.hpp> from libexpected-dev, or <rcpputils/tl_expected/expected.hpp> if the system header is not available."\x1b[01;36m\x1b[K)\x1b[m\x1b[K // NOLINT\n'}
[23.317029] (ur_controllers) StderrLine: {'line': b'      |                                                                                                                                                                       \x1b[01;36m\x1b[K^\x1b[m\x1b[K\n'}
[23.360551] (-) TimerEvent: {}
[23.426230] (ur_controllers) StderrLine: {'line': b'In file included from \x1b[01m\x1b[K/opt/ros/humble/include/parameter_traits/parameter_traits/parameter_traits.hpp:37\x1b[m\x1b[K,\n'}
[23.426420] (ur_controllers) StderrLine: {'line': b'                 from \x1b[01m\x1b[K/home/sonvu/ur_ws/build/ur_controllers/include/ur_controllers/gpio_controller_parameters.hpp:26\x1b[m\x1b[K,\n'}
[23.426505] (ur_controllers) StderrLine: {'line': b'                 from \x1b[01m\x1b[K/home/sonvu/ur_ws/src/Universal_Robots_ROS2_Driver/ur_controllers/include/ur_controllers/gpio_controller.hpp:61\x1b[m\x1b[K,\n'}
[23.426565] (ur_controllers) StderrLine: {'line': b'                 from \x1b[01m\x1b[K/home/sonvu/ur_ws/src/Universal_Robots_ROS2_Driver/ur_controllers/src/gpio_controller.cpp:42\x1b[m\x1b[K:\n'}
[23.426622] (ur_controllers) StderrLine: {'line': b'\x1b[01m\x1b[K/opt/ros/humble/include/tl_expected/expected.hpp:18:167:\x1b[m\x1b[K \x1b[01;36m\x1b[Knote: \x1b[m\x1b[K\xe2\x80\x98\x1b[01m\x1b[K#pragma message: tl_expected/expected.hpp is deprecated. Use <tl/expected.hpp> from libexpected-dev, or <rcpputils/tl_expected/expected.hpp> if the system header is not available.\x1b[m\x1b[K\xe2\x80\x99\n'}
[23.426677] (ur_controllers) StderrLine: {'line': b'   18 |   "tl_expected/expected.hpp is deprecated. Use <tl/expected.hpp> from libexpected-dev, or <rcpputils/tl_expected/expected.hpp> if the system header is not available."\x1b[01;36m\x1b[K)\x1b[m\x1b[K // NOLINT\n'}
[23.426729] (ur_controllers) StderrLine: {'line': b'      |                                                                                                                                                                       \x1b[01;36m\x1b[K^\x1b[m\x1b[K\n'}
[23.460664] (-) TimerEvent: {}
[23.489387] (ur_controllers) StderrLine: {'line': b'In file included from \x1b[01m\x1b[K/opt/ros/humble/include/parameter_traits/parameter_traits/parameter_traits.hpp:37\x1b[m\x1b[K,\n'}
[23.489603] (ur_controllers) StderrLine: {'line': b'                 from \x1b[01m\x1b[K/home/sonvu/ur_ws/build/ur_controllers/include/ur_controllers/friction_model_controller_parameters.hpp:26\x1b[m\x1b[K,\n'}
[23.489658] (ur_controllers) StderrLine: {'line': b'                 from \x1b[01m\x1b[K/home/sonvu/ur_ws/src/Universal_Robots_ROS2_Driver/ur_controllers/include/ur_controllers/friction_model_controller.hpp:47\x1b[m\x1b[K,\n'}
[23.489704] (ur_controllers) StderrLine: {'line': b'                 from \x1b[01m\x1b[K/home/sonvu/ur_ws/src/Universal_Robots_ROS2_Driver/ur_controllers/src/friction_model_controller.cpp:43\x1b[m\x1b[K:\n'}
[23.489760] (ur_controllers) StderrLine: {'line': b'\x1b[01m\x1b[K/opt/ros/humble/include/tl_expected/expected.hpp:18:167:\x1b[m\x1b[K \x1b[01;36m\x1b[Knote: \x1b[m\x1b[K\xe2\x80\x98\x1b[01m\x1b[K#pragma message: tl_expected/expected.hpp is deprecated. Use <tl/expected.hpp> from libexpected-dev, or <rcpputils/tl_expected/expected.hpp> if the system header is not available.\x1b[m\x1b[K\xe2\x80\x99\n'}
[23.489805] (ur_controllers) StderrLine: {'line': b'   18 |   "tl_expected/expected.hpp is deprecated. Use <tl/expected.hpp> from libexpected-dev, or <rcpputils/tl_expected/expected.hpp> if the system header is not available."\x1b[01;36m\x1b[K)\x1b[m\x1b[K // NOLINT\n'}
[23.489846] (ur_controllers) StderrLine: {'line': b'      |                                                                                                                                                                       \x1b[01;36m\x1b[K^\x1b[m\x1b[K\n'}
[23.536710] (ur_controllers) StderrLine: {'line': b'In file included from \x1b[01m\x1b[K/opt/ros/humble/include/parameter_traits/parameter_traits/parameter_traits.hpp:37\x1b[m\x1b[K,\n'}
[23.536892] (ur_controllers) StderrLine: {'line': b'                 from \x1b[01m\x1b[K/home/sonvu/ur_ws/build/ur_controllers/include/ur_controllers/freedrive_mode_controller_parameters.hpp:26\x1b[m\x1b[K,\n'}
[23.536955] (ur_controllers) StderrLine: {'line': b'                 from \x1b[01m\x1b[K/home/sonvu/ur_ws/src/Universal_Robots_ROS2_Driver/ur_controllers/include/ur_controllers/freedrive_mode_controller.hpp:56\x1b[m\x1b[K,\n'}
[23.537023] (ur_controllers) StderrLine: {'line': b'                 from \x1b[01m\x1b[K/home/sonvu/ur_ws/src/Universal_Robots_ROS2_Driver/ur_controllers/src/freedrive_mode_controller.cpp:41\x1b[m\x1b[K:\n'}
[23.537075] (ur_controllers) StderrLine: {'line': b'\x1b[01m\x1b[K/opt/ros/humble/include/tl_expected/expected.hpp:18:167:\x1b[m\x1b[K \x1b[01;36m\x1b[Knote: \x1b[m\x1b[K\xe2\x80\x98\x1b[01m\x1b[K#pragma message: tl_expected/expected.hpp is deprecated. Use <tl/expected.hpp> from libexpected-dev, or <rcpputils/tl_expected/expected.hpp> if the system header is not available.\x1b[m\x1b[K\xe2\x80\x99\n'}
[23.537127] (ur_controllers) StderrLine: {'line': b'   18 |   "tl_expected/expected.hpp is deprecated. Use <tl/expected.hpp> from libexpected-dev, or <rcpputils/tl_expected/expected.hpp> if the system header is not available."\x1b[01;36m\x1b[K)\x1b[m\x1b[K // NOLINT\n'}
[23.537175] (ur_controllers) StderrLine: {'line': b'      |                                                                                                                                                                       \x1b[01;36m\x1b[K^\x1b[m\x1b[K\n'}
[23.560784] (-) TimerEvent: {}
[23.644428] (ur_controllers) StderrLine: {'line': b'In file included from \x1b[01m\x1b[K/opt/ros/humble/include/parameter_traits/parameter_traits/parameter_traits.hpp:37\x1b[m\x1b[K,\n'}
[23.644610] (ur_controllers) StderrLine: {'line': b'                 from \x1b[01m\x1b[K/home/sonvu/ur_ws/build/ur_controllers/include/ur_controllers/force_mode_controller_parameters.hpp:26\x1b[m\x1b[K,\n'}
[23.644684] (ur_controllers) StderrLine: {'line': b'                 from \x1b[01m\x1b[K/home/sonvu/ur_ws/src/Universal_Robots_ROS2_Driver/ur_controllers/include/ur_controllers/force_mode_controller.hpp:50\x1b[m\x1b[K,\n'}
[23.644738] (ur_controllers) StderrLine: {'line': b'                 from \x1b[01m\x1b[K/home/sonvu/ur_ws/src/Universal_Robots_ROS2_Driver/ur_controllers/src/force_mode_controller.cpp:42\x1b[m\x1b[K:\n'}
[23.644785] (ur_controllers) StderrLine: {'line': b'\x1b[01m\x1b[K/opt/ros/humble/include/tl_expected/expected.hpp:18:167:\x1b[m\x1b[K \x1b[01;36m\x1b[Knote: \x1b[m\x1b[K\xe2\x80\x98\x1b[01m\x1b[K#pragma message: tl_expected/expected.hpp is deprecated. Use <tl/expected.hpp> from libexpected-dev, or <rcpputils/tl_expected/expected.hpp> if the system header is not available.\x1b[m\x1b[K\xe2\x80\x99\n'}
[23.644836] (ur_controllers) StderrLine: {'line': b'   18 |   "tl_expected/expected.hpp is deprecated. Use <tl/expected.hpp> from libexpected-dev, or <rcpputils/tl_expected/expected.hpp> if the system header is not available."\x1b[01;36m\x1b[K)\x1b[m\x1b[K // NOLINT\n'}
[23.644893] (ur_controllers) StderrLine: {'line': b'      |                                                                                                                                                                       \x1b[01;36m\x1b[K^\x1b[m\x1b[K\n'}
[23.660899] (-) TimerEvent: {}
[23.761202] (-) TimerEvent: {}
[23.858988] (ur_controllers) StderrLine: {'line': b'In file included from \x1b[01m\x1b[K/opt/ros/humble/include/parameter_traits/parameter_traits/parameter_traits.hpp:37\x1b[m\x1b[K,\n'}
[23.859178] (ur_controllers) StderrLine: {'line': b'                 from \x1b[01m\x1b[K/opt/ros/humble/include/joint_trajectory_controller/joint_trajectory_controller_parameters.hpp:26\x1b[m\x1b[K,\n'}
[23.859246] (ur_controllers) StderrLine: {'line': b'                 from \x1b[01m\x1b[K/opt/ros/humble/include/joint_trajectory_controller/joint_trajectory_controller/tolerances.hpp:39\x1b[m\x1b[K,\n'}
[23.859296] (ur_controllers) StderrLine: {'line': b'                 from \x1b[01m\x1b[K/opt/ros/humble/include/joint_trajectory_controller/joint_trajectory_controller/joint_trajectory_controller.hpp:32\x1b[m\x1b[K,\n'}
[23.859344] (ur_controllers) StderrLine: {'line': b'                 from \x1b[01m\x1b[K/home/sonvu/ur_ws/src/Universal_Robots_ROS2_Driver/ur_controllers/include/ur_controllers/scaled_joint_trajectory_controller.hpp:43\x1b[m\x1b[K,\n'}
[23.859393] (ur_controllers) StderrLine: {'line': b'                 from \x1b[01m\x1b[K/home/sonvu/ur_ws/src/Universal_Robots_ROS2_Driver/ur_controllers/src/scaled_joint_trajectory_controller.cpp:41\x1b[m\x1b[K:\n'}
[23.859455] (ur_controllers) StderrLine: {'line': b'\x1b[01m\x1b[K/opt/ros/humble/include/tl_expected/expected.hpp:18:167:\x1b[m\x1b[K \x1b[01;36m\x1b[Knote: \x1b[m\x1b[K\xe2\x80\x98\x1b[01m\x1b[K#pragma message: tl_expected/expected.hpp is deprecated. Use <tl/expected.hpp> from libexpected-dev, or <rcpputils/tl_expected/expected.hpp> if the system header is not available.\x1b[m\x1b[K\xe2\x80\x99\n'}
[23.859527] (ur_controllers) StderrLine: {'line': b'   18 |   "tl_expected/expected.hpp is deprecated. Use <tl/expected.hpp> from libexpected-dev, or <rcpputils/tl_expected/expected.hpp> if the system header is not available."\x1b[01;36m\x1b[K)\x1b[m\x1b[K // NOLINT\n'}
[23.859577] (ur_controllers) StderrLine: {'line': b'      |                                                                                                                                                                       \x1b[01;36m\x1b[K^\x1b[m\x1b[K\n'}
[23.861295] (-) TimerEvent: {}
[23.961596] (-) TimerEvent: {}
[24.061929] (-) TimerEvent: {}
[24.162232] (-) TimerEvent: {}
[24.262528] (-) TimerEvent: {}
[24.362820] (-) TimerEvent: {}
[24.463113] (-) TimerEvent: {}
[24.510477] (ur_controllers) StderrLine: {'line': b'In file included from \x1b[01m\x1b[K/opt/ros/humble/include/parameter_traits/parameter_traits/parameter_traits.hpp:37\x1b[m\x1b[K,\n'}
[24.510710] (ur_controllers) StderrLine: {'line': b'                 from \x1b[01m\x1b[K/home/sonvu/ur_ws/build/ur_controllers/include/ur_controllers/passthrough_trajectory_controller_parameters.hpp:26\x1b[m\x1b[K,\n'}
[24.510786] (ur_controllers) StderrLine: {'line': b'                 from \x1b[01m\x1b[K/home/sonvu/ur_ws/src/Universal_Robots_ROS2_Driver/ur_controllers/include/ur_controllers/passthrough_trajectory_controller.hpp:67\x1b[m\x1b[K,\n'}
[24.510849] (ur_controllers) StderrLine: {'line': b'                 from \x1b[01m\x1b[K/home/sonvu/ur_ws/src/Universal_Robots_ROS2_Driver/ur_controllers/src/passthrough_trajectory_controller.cpp:50\x1b[m\x1b[K:\n'}
[24.510896] (ur_controllers) StderrLine: {'line': b'\x1b[01m\x1b[K/opt/ros/humble/include/tl_expected/expected.hpp:18:167:\x1b[m\x1b[K \x1b[01;36m\x1b[Knote: \x1b[m\x1b[K\xe2\x80\x98\x1b[01m\x1b[K#pragma message: tl_expected/expected.hpp is deprecated. Use <tl/expected.hpp> from libexpected-dev, or <rcpputils/tl_expected/expected.hpp> if the system header is not available.\x1b[m\x1b[K\xe2\x80\x99\n'}
[24.510948] (ur_controllers) StderrLine: {'line': b'   18 |   "tl_expected/expected.hpp is deprecated. Use <tl/expected.hpp> from libexpected-dev, or <rcpputils/tl_expected/expected.hpp> if the system header is not available."\x1b[01;36m\x1b[K)\x1b[m\x1b[K // NOLINT\n'}
[24.510994] (ur_controllers) StderrLine: {'line': b'      |                                                                                                                                                                       \x1b[01;36m\x1b[K^\x1b[m\x1b[K\n'}
[24.511036] (ur_controllers) StderrLine: {'line': b'In file included from \x1b[01m\x1b[K/opt/ros/humble/include/parameter_traits/parameter_traits/parameter_traits.hpp:37\x1b[m\x1b[K,\n'}
[24.511078] (ur_controllers) StderrLine: {'line': b'                 from \x1b[01m\x1b[K/home/sonvu/ur_ws/build/ur_controllers/include/ur_controllers/ur_configuration_controller_parameters.hpp:26\x1b[m\x1b[K,\n'}
[24.511120] (ur_controllers) StderrLine: {'line': b'                 from \x1b[01m\x1b[K/home/sonvu/ur_ws/src/Universal_Robots_ROS2_Driver/ur_controllers/include/ur_controllers/ur_configuration_controller.hpp:53\x1b[m\x1b[K,\n'}
[24.511167] (ur_controllers) StderrLine: {'line': b'                 from \x1b[01m\x1b[K/home/sonvu/ur_ws/src/Universal_Robots_ROS2_Driver/ur_controllers/src/ur_configuration_controller.cpp:41\x1b[m\x1b[K:\n'}
[24.511213] (ur_controllers) StderrLine: {'line': b'\x1b[01m\x1b[K/opt/ros/humble/include/tl_expected/expected.hpp:18:167:\x1b[m\x1b[K \x1b[01;36m\x1b[Knote: \x1b[m\x1b[K\xe2\x80\x98\x1b[01m\x1b[K#pragma message: tl_expected/expected.hpp is deprecated. Use <tl/expected.hpp> from libexpected-dev, or <rcpputils/tl_expected/expected.hpp> if the system header is not available.\x1b[m\x1b[K\xe2\x80\x99\n'}
[24.511263] (ur_controllers) StderrLine: {'line': b'   18 |   "tl_expected/expected.hpp is deprecated. Use <tl/expected.hpp> from libexpected-dev, or <rcpputils/tl_expected/expected.hpp> if the system header is not available."\x1b[01;36m\x1b[K)\x1b[m\x1b[K // NOLINT\n'}
[24.511308] (ur_controllers) StderrLine: {'line': b'      |                                                                                                                                                                       \x1b[01;36m\x1b[K^\x1b[m\x1b[K\n'}
[24.563222] (-) TimerEvent: {}
[24.663482] (-) TimerEvent: {}
[24.763765] (-) TimerEvent: {}
[24.864048] (-) TimerEvent: {}
[24.931819] (ur_controllers) StderrLine: {'line': b'In file included from \x1b[01m\x1b[K/opt/ros/humble/include/parameter_traits/parameter_traits/parameter_traits.hpp:37\x1b[m\x1b[K,\n'}
[24.932015] (ur_controllers) StderrLine: {'line': b'                 from \x1b[01m\x1b[K/home/sonvu/ur_ws/build/ur_controllers/include/ur_controllers/tool_contact_controller_parameters.hpp:26\x1b[m\x1b[K,\n'}
[24.932101] (ur_controllers) StderrLine: {'line': b'                 from \x1b[01m\x1b[K/home/sonvu/ur_ws/src/Universal_Robots_ROS2_Driver/ur_controllers/include/ur_controllers/tool_contact_controller.hpp:60\x1b[m\x1b[K,\n'}
[24.932178] (ur_controllers) StderrLine: {'line': b'                 from \x1b[01m\x1b[K/home/sonvu/ur_ws/src/Universal_Robots_ROS2_Driver/ur_controllers/src/tool_contact_controller.cpp:42\x1b[m\x1b[K:\n'}
[24.932250] (ur_controllers) StderrLine: {'line': b'\x1b[01m\x1b[K/opt/ros/humble/include/tl_expected/expected.hpp:18:167:\x1b[m\x1b[K \x1b[01;36m\x1b[Knote: \x1b[m\x1b[K\xe2\x80\x98\x1b[01m\x1b[K#pragma message: tl_expected/expected.hpp is deprecated. Use <tl/expected.hpp> from libexpected-dev, or <rcpputils/tl_expected/expected.hpp> if the system header is not available.\x1b[m\x1b[K\xe2\x80\x99\n'}
[24.932327] (ur_controllers) StderrLine: {'line': b'   18 | , or <rcpputils/tl_expected/expected.hpp> if the system header is not available."\x1b[01;36m\x1b[K)\x1b[m\x1b[K // NOLINT\n'}
[24.932431] (ur_controllers) StderrLine: {'line': b'      |                                                                                  \x1b[01;36m\x1b[K^\x1b[m\x1b[K\n'}
[24.932529] (ur_controllers) StderrLine: {'line': b'\n'}
[24.964157] (-) TimerEvent: {}
[25.064489] (-) TimerEvent: {}
[25.153616] (ur_controllers) StdoutLine: {'line': b'[ 71%] \x1b[32m\x1b[1mLinking CXX static library libgmock.a\x1b[0m\n'}
[25.164606] (-) TimerEvent: {}
[25.224836] (ur_controllers) StdoutLine: {'line': b'[ 71%] Built target gmock\n'}
[25.264780] (-) TimerEvent: {}
[25.365146] (-) TimerEvent: {}
[25.465521] (-) TimerEvent: {}
[25.565953] (-) TimerEvent: {}
[25.666352] (-) TimerEvent: {}
[25.766698] (-) TimerEvent: {}
[25.867009] (-) TimerEvent: {}
[25.967361] (-) TimerEvent: {}
[26.067649] (-) TimerEvent: {}
[26.167983] (-) TimerEvent: {}
[26.268291] (-) TimerEvent: {}
[26.368595] (-) TimerEvent: {}
[26.468940] (-) TimerEvent: {}
[26.569238] (-) TimerEvent: {}
[26.669554] (-) TimerEvent: {}
[26.769848] (-) TimerEvent: {}
[26.870156] (-) TimerEvent: {}
[26.970481] (-) TimerEvent: {}
[27.070784] (-) TimerEvent: {}
[27.171167] (-) TimerEvent: {}
[27.271532] (-) TimerEvent: {}
[27.371857] (-) TimerEvent: {}
[27.472254] (-) TimerEvent: {}
[27.572660] (-) TimerEvent: {}
[27.673060] (-) TimerEvent: {}
[27.773470] (-) TimerEvent: {}
[27.873968] (-) TimerEvent: {}
[27.974277] (-) TimerEvent: {}
[28.074659] (-) TimerEvent: {}
[28.174982] (-) TimerEvent: {}
[28.275333] (-) TimerEvent: {}
[28.375671] (-) TimerEvent: {}
[28.476014] (-) TimerEvent: {}
[28.505299] (ur_controllers) StdoutLine: {'line': b'[ 73%] \x1b[32m\x1b[1mLinking CXX shared library libur_controllers.so\x1b[0m\n'}
[28.576207] (-) TimerEvent: {}
[28.676540] (-) TimerEvent: {}
[28.776862] (-) TimerEvent: {}
[28.877203] (-) TimerEvent: {}
[28.977534] (-) TimerEvent: {}
[29.077866] (-) TimerEvent: {}
[29.178228] (-) TimerEvent: {}
[29.278601] (-) TimerEvent: {}
[29.378976] (-) TimerEvent: {}
[29.479320] (-) TimerEvent: {}
[29.579678] (-) TimerEvent: {}
[29.624726] (ur_controllers) StdoutLine: {'line': b'[ 73%] Built target ur_controllers\n'}
[29.649373] (ur_controllers) StdoutLine: {'line': b'[ 75%] \x1b[32mBuilding CXX object CMakeFiles/test_load_scaled_joint_trajectory_controller.dir/test/test_load_scaled_joint_trajectory_controller.cpp.o\x1b[0m\n'}
[29.649604] (ur_controllers) StdoutLine: {'line': b'[ 77%] \x1b[32mBuilding CXX object CMakeFiles/test_load_friction_model_controller.dir/test/test_load_friction_model_controller.cpp.o\x1b[0m\n'}
[29.649711] (ur_controllers) StdoutLine: {'line': b'[ 80%] \x1b[32mBuilding CXX object CMakeFiles/test_tool_contact_controller.dir/test/test_tool_contact_controller.cpp.o\x1b[0m\n'}
[29.651047] (ur_controllers) StdoutLine: {'line': b'[ 82%] \x1b[32mBuilding CXX object CMakeFiles/test_scaled_joint_trajectory_controller_sampling.dir/test/test_scaled_joint_trajectory_controller_sampling.cpp.o\x1b[0m\n'}
[29.657579] (ur_controllers) StdoutLine: {'line': b'[ 84%] \x1b[32mBuilding CXX object CMakeFiles/test_load_freedrive_mode_controller.dir/test/test_load_freedrive_mode_controller.cpp.o\x1b[0m\n'}
[29.661385] (ur_controllers) StdoutLine: {'line': b'[ 86%] \x1b[32mBuilding CXX object CMakeFiles/test_load_force_mode_controller.dir/test/test_load_force_mode_controller.cpp.o\x1b[0m\n'}
[29.679820] (-) TimerEvent: {}
[29.780356] (-) TimerEvent: {}
[29.880668] (-) TimerEvent: {}
[29.980974] (-) TimerEvent: {}
[30.081255] (-) TimerEvent: {}
[30.181536] (-) TimerEvent: {}
[30.281811] (-) TimerEvent: {}
[30.382135] (-) TimerEvent: {}
[30.482470] (-) TimerEvent: {}
[30.582789] (-) TimerEvent: {}
[30.683136] (-) TimerEvent: {}
[30.783461] (-) TimerEvent: {}
[30.883770] (-) TimerEvent: {}
[30.984055] (-) TimerEvent: {}
[31.084371] (-) TimerEvent: {}
[31.184725] (-) TimerEvent: {}
[31.285029] (-) TimerEvent: {}
[31.385371] (-) TimerEvent: {}
[31.485714] (-) TimerEvent: {}
[31.586008] (-) TimerEvent: {}
[31.686301] (-) TimerEvent: {}
[31.786622] (-) TimerEvent: {}
[31.886930] (-) TimerEvent: {}
[31.941018] (ur_controllers) StderrLine: {'line': b'In file included from \x1b[01m\x1b[K/opt/ros/humble/include/parameter_traits/parameter_traits/parameter_traits.hpp:37\x1b[m\x1b[K,\n'}
[31.941207] (ur_controllers) StderrLine: {'line': b'                 from \x1b[01m\x1b[K/home/sonvu/ur_ws/build/ur_controllers/include/ur_controllers/tool_contact_controller_parameters.hpp:26\x1b[m\x1b[K,\n'}
[31.941263] (ur_controllers) StderrLine: {'line': b'                 from \x1b[01m\x1b[K/home/sonvu/ur_ws/src/Universal_Robots_ROS2_Driver/ur_controllers/include/ur_controllers/tool_contact_controller.hpp:60\x1b[m\x1b[K,\n'}
[31.941307] (ur_controllers) StderrLine: {'line': b'                 from \x1b[01m\x1b[K/home/sonvu/ur_ws/src/Universal_Robots_ROS2_Driver/ur_controllers/test/test_tool_contact_controller.cpp:40\x1b[m\x1b[K:\n'}
[31.941348] (ur_controllers) StderrLine: {'line': b'\x1b[01m\x1b[K/opt/ros/humble/include/tl_expected/expected.hpp:18:167:\x1b[m\x1b[K \x1b[01;36m\x1b[Knote: \x1b[m\x1b[K\xe2\x80\x98\x1b[01m\x1b[K#pragma message: tl_expected/expected.hpp is deprecated. Use <tl/expected.hpp> from libexpected-dev, or <rcpputils/tl_expected/expected.hpp> if the system header is not available.\x1b[m\x1b[K\xe2\x80\x99\n'}
[31.941394] (ur_controllers) StderrLine: {'line': b'   18 |   "tl_expected/expected.hpp is deprecated. Use <tl/expected.hpp> from libexpected-dev, or <rcpputils/tl_expected/expected.hpp> if the system header is not available."\x1b[01;36m\x1b[K)\x1b[m\x1b[K // NOLINT\n'}
[31.941448] (ur_controllers) StderrLine: {'line': b'      |                                                                                                                                                                       \x1b[01;36m\x1b[K^\x1b[m\x1b[K\n'}
[31.987047] (-) TimerEvent: {}
[32.029707] (ur_controllers) StderrLine: {'line': b'In file included from \x1b[01m\x1b[K/opt/ros/humble/include/parameter_traits/parameter_traits/parameter_traits.hpp:37\x1b[m\x1b[K,\n'}
[32.029901] (ur_controllers) StderrLine: {'line': b'                 from \x1b[01m\x1b[K/opt/ros/humble/include/joint_trajectory_controller/joint_trajectory_controller_parameters.hpp:26\x1b[m\x1b[K,\n'}
[32.029973] (ur_controllers) StderrLine: {'line': b'                 from \x1b[01m\x1b[K/opt/ros/humble/include/joint_trajectory_controller/joint_trajectory_controller/tolerances.hpp:39\x1b[m\x1b[K,\n'}
[32.030027] (ur_controllers) StderrLine: {'line': b'                 from \x1b[01m\x1b[K/opt/ros/humble/include/joint_trajectory_controller/joint_trajectory_controller/joint_trajectory_controller.hpp:32\x1b[m\x1b[K,\n'}
[32.030077] (ur_controllers) StderrLine: {'line': b'                 from \x1b[01m\x1b[K/home/sonvu/ur_ws/src/Universal_Robots_ROS2_Driver/ur_controllers/include/ur_controllers/scaled_joint_trajectory_controller.hpp:43\x1b[m\x1b[K,\n'}
[32.030126] (ur_controllers) StderrLine: {'line': b'                 from \x1b[01m\x1b[K/home/sonvu/ur_ws/src/Universal_Robots_ROS2_Driver/ur_controllers/test/test_scaled_joint_trajectory_controller_sampling.cpp:47\x1b[m\x1b[K:\n'}
[32.030175] (ur_controllers) StderrLine: {'line': b'\x1b[01m\x1b[K/opt/ros/humble/include/tl_expected/expected.hpp:18:167:\x1b[m\x1b[K \x1b[01;36m\x1b[Knote: \x1b[m\x1b[K\xe2\x80\x98\x1b[01m\x1b[K#pragma message: tl_expected/expected.hpp is deprecated. Use <tl/expected.hpp> from libexpected-dev, or <rcpputils/tl_expected/expected.hpp> if the system header is not available.\x1b[m\x1b[K\xe2\x80\x99\n'}
[32.030228] (ur_controllers) StderrLine: {'line': b'   18 |   "tl_expected/expected.hpp is deprecated. Use <tl/expected.hpp> from libexpected-dev, or <rcpputils/tl_expected/expected.hpp> if the system header is not available."\x1b[01;36m\x1b[K)\x1b[m\x1b[K // NOLINT\n'}
[32.030275] (ur_controllers) StderrLine: {'line': b'      |                                                                                                                                                                       \x1b[01;36m\x1b[K^\x1b[m\x1b[K\n'}
[32.087147] (-) TimerEvent: {}
[32.187448] (-) TimerEvent: {}
[32.287751] (-) TimerEvent: {}
[32.388063] (-) TimerEvent: {}
[32.488372] (-) TimerEvent: {}
[32.588683] (-) TimerEvent: {}
[32.688972] (-) TimerEvent: {}
[32.789257] (-) TimerEvent: {}
[32.889530] (-) TimerEvent: {}
[32.950954] (ur_controllers) StdoutLine: {'line': b'[ 88%] \x1b[32m\x1b[1mLinking CXX executable test_tool_contact_controller\x1b[0m\n'}
[32.989690] (-) TimerEvent: {}
[33.090063] (-) TimerEvent: {}
[33.190498] (-) TimerEvent: {}
[33.290878] (-) TimerEvent: {}
[33.355019] (ur_controllers) StdoutLine: {'line': b'[ 91%] \x1b[32m\x1b[1mLinking CXX executable test_load_friction_model_controller\x1b[0m\n'}
[33.391023] (-) TimerEvent: {}
[33.401549] (ur_controllers) StdoutLine: {'line': b'[ 93%] \x1b[32m\x1b[1mLinking CXX executable test_load_scaled_joint_trajectory_controller\x1b[0m\n'}
[33.491128] (-) TimerEvent: {}
[33.544702] (ur_controllers) StdoutLine: {'line': b'[ 95%] \x1b[32m\x1b[1mLinking CXX executable test_load_freedrive_mode_controller\x1b[0m\n'}
[33.587045] (ur_controllers) StdoutLine: {'line': b'[ 97%] \x1b[32m\x1b[1mLinking CXX executable test_load_force_mode_controller\x1b[0m\n'}
[33.591280] (-) TimerEvent: {}
[33.613661] (ur_controllers) StdoutLine: {'line': b'[ 97%] Built target test_load_friction_model_controller\n'}
[33.652075] (ur_controllers) StdoutLine: {'line': b'[ 97%] Built target test_load_scaled_joint_trajectory_controller\n'}
[33.691489] (-) TimerEvent: {}
[33.765681] (ur_controllers) StdoutLine: {'line': b'[ 97%] Built target test_tool_contact_controller\n'}
[33.781419] (ur_controllers) StdoutLine: {'line': b'[ 97%] Built target test_load_freedrive_mode_controller\n'}
[33.791595] (-) TimerEvent: {}
[33.828344] (ur_controllers) StdoutLine: {'line': b'[ 97%] Built target test_load_force_mode_controller\n'}
[33.891698] (-) TimerEvent: {}
[33.992002] (-) TimerEvent: {}
[34.092298] (-) TimerEvent: {}
[34.192605] (-) TimerEvent: {}
[34.292968] (-) TimerEvent: {}
[34.393275] (-) TimerEvent: {}
[34.493557] (-) TimerEvent: {}
[34.593844] (-) TimerEvent: {}
[34.694186] (-) TimerEvent: {}
[34.729005] (ur_controllers) StdoutLine: {'line': b'[100%] \x1b[32m\x1b[1mLinking CXX executable test_scaled_joint_trajectory_controller_sampling\x1b[0m\n'}
[34.794407] (-) TimerEvent: {}
[34.894931] (-) TimerEvent: {}
[34.995279] (-) TimerEvent: {}
[35.095601] (-) TimerEvent: {}
[35.195929] (-) TimerEvent: {}
[35.289440] (ur_controllers) StdoutLine: {'line': b'[100%] Built target test_scaled_joint_trajectory_controller_sampling\n'}
[35.296120] (-) TimerEvent: {}
[35.297529] (ur_controllers) CommandEnded: {'returncode': 0}
[35.298243] (ur_controllers) JobProgress: {'identifier': 'ur_controllers', 'progress': 'install'}
[35.299123] (ur_controllers) Command: {'cmd': ['/usr/bin/cmake', '--install', '/home/sonvu/ur_ws/build/ur_controllers'], 'cwd': '/home/sonvu/ur_ws/build/ur_controllers', 'env': OrderedDict([('LESSOPEN', '| /usr/bin/lesspipe %s'), ('LANGUAGE', 'en_US:en'), ('USER', 'sonvu'), ('LC_TIME', 'vi_VN'), ('XDG_SESSION_TYPE', 'wayland'), ('SHLVL', '1'), ('LD_LIBRARY_PATH', '/home/sonvu/ur_ws/install/ur_dashboard_msgs/lib:/usr/lib/x86_64-linux-gnu/gazebo-11/plugins:/opt/ros/humble/opt/rviz_ogre_vendor/lib:/opt/ros/humble/lib/x86_64-linux-gnu:/opt/ros/humble/lib'), ('HOME', '/home/sonvu'), ('OLDPWD', '/home/sonvu'), ('DESKTOP_SESSION', 'ubuntu'), ('ROS_PYTHON_VERSION', '3'), ('GNOME_SHELL_SESSION_MODE', 'ubuntu'), ('GTK_MODULES', 'gail:atk-bridge'), ('LC_MONETARY', 'vi_VN'), ('SYSTEMD_EXEC_PID', '1840'), ('DBUS_SESSION_BUS_ADDRESS', 'unix:path=/run/user/1000/bus'), ('COLORTERM', 'truecolor'), ('IM_CONFIG_PHASE', '1'), ('WAYLAND_DISPLAY', 'wayland-0'), ('COLCON_PREFIX_PATH', '/home/sonvu/rtablc_base/install'), ('ROS_DISTRO', 'humble'), ('LOGNAME', 'sonvu'), ('_', '/usr/bin/colcon'), ('ROS_VERSION', '2'), ('XDG_SESSION_CLASS', 'user'), ('USERNAME', 'sonvu'), ('TERM', 'xterm-256color'), ('GNOME_DESKTOP_SESSION_ID', 'this-is-deprecated'), ('ROS_LOCALHOST_ONLY', '0'), ('PATH', '/opt/ros/humble/bin:/home/sonvu/.local/bin:/usr/local/sbin:/usr/local/bin:/usr/sbin:/usr/bin:/sbin:/bin:/usr/games:/usr/local/games:/snap/bin:/snap/bin'), ('SESSION_MANAGER', 'local/sonvu-Thin-15-B13UC:@/tmp/.ICE-unix/1810,unix/sonvu-Thin-15-B13UC:/tmp/.ICE-unix/1810'), ('PAPERSIZE', 'a4'), ('XDG_MENU_PREFIX', 'gnome-'), ('LC_ADDRESS', 'vi_VN'), ('GNOME_TERMINAL_SCREEN', '/org/gnome/Terminal/screen/13a4e776_53ad_4e87_90a5_551c296629db'), ('GNOME_SETUP_DISPLAY', ':1'), ('XDG_RUNTIME_DIR', '/run/user/1000'), ('DISPLAY', ':0'), ('LANG', 'en_US.UTF-8'), ('XDG_CURRENT_DESKTOP', 'ubuntu:GNOME'), ('LC_TELEPHONE', 'vi_VN'), ('XMODIFIERS', '@im=ibus'), ('XDG_SESSION_DESKTOP', 'ubuntu'), ('XAUTHORITY', '/run/user/1000/.mutter-Xwaylandauth.JB0DV3'), ('LS_COLORS', 'rs=0:di=01;34:ln=01;36:mh=00:pi=40;33:so=01;35:do=01;35:bd=40;33;01:cd=40;33;01:or=40;31;01:mi=00:su=37;41:sg=30;43:ca=30;41:tw=30;42:ow=34;42:st=37;44:ex=01;32:*.tar=01;31:*.tgz=01;31:*.arc=01;31:*.arj=01;31:*.taz=01;31:*.lha=01;31:*.lz4=01;31:*.lzh=01;31:*.lzma=01;31:*.tlz=01;31:*.txz=01;31:*.tzo=01;31:*.t7z=01;31:*.zip=01;31:*.z=01;31:*.dz=01;31:*.gz=01;31:*.lrz=01;31:*.lz=01;31:*.lzo=01;31:*.xz=01;31:*.zst=01;31:*.tzst=01;31:*.bz2=01;31:*.bz=01;31:*.tbz=01;31:*.tbz2=01;31:*.tz=01;31:*.deb=01;31:*.rpm=01;31:*.jar=01;31:*.war=01;31:*.ear=01;31:*.sar=01;31:*.rar=01;31:*.alz=01;31:*.ace=01;31:*.zoo=01;31:*.cpio=01;31:*.7z=01;31:*.rz=01;31:*.cab=01;31:*.wim=01;31:*.swm=01;31:*.dwm=01;31:*.esd=01;31:*.jpg=01;35:*.jpeg=01;35:*.mjpg=01;35:*.mjpeg=01;35:*.gif=01;35:*.bmp=01;35:*.pbm=01;35:*.pgm=01;35:*.ppm=01;35:*.tga=01;35:*.xbm=01;35:*.xpm=01;35:*.tif=01;35:*.tiff=01;35:*.png=01;35:*.svg=01;35:*.svgz=01;35:*.mng=01;35:*.pcx=01;35:*.mov=01;35:*.mpg=01;35:*.mpeg=01;35:*.m2v=01;35:*.mkv=01;35:*.webm=01;35:*.webp=01;35:*.ogm=01;35:*.mp4=01;35:*.m4v=01;35:*.mp4v=01;35:*.vob=01;35:*.qt=01;35:*.nuv=01;35:*.wmv=01;35:*.asf=01;35:*.rm=01;35:*.rmvb=01;35:*.flc=01;35:*.avi=01;35:*.fli=01;35:*.flv=01;35:*.gl=01;35:*.dl=01;35:*.xcf=01;35:*.xwd=01;35:*.yuv=01;35:*.cgm=01;35:*.emf=01;35:*.ogv=01;35:*.ogx=01;35:*.aac=00;36:*.au=00;36:*.flac=00;36:*.m4a=00;36:*.mid=00;36:*.midi=00;36:*.mka=00;36:*.mp3=00;36:*.mpc=00;36:*.ogg=00;36:*.ra=00;36:*.wav=00;36:*.oga=00;36:*.opus=00;36:*.spx=00;36:*.xspf=00;36:'), ('GNOME_TERMINAL_SERVICE', ':1.111'), ('SSH_AGENT_LAUNCHER', 'gnome-keyring'), ('SSH_AUTH_SOCK', '/run/user/1000/keyring/ssh'), ('AMENT_PREFIX_PATH', '/home/sonvu/ur_ws/install/ur_dashboard_msgs:/home/sonvu/rtablc_base/install/rtablc_experiment:/opt/ros/humble'), ('SHELL', '/bin/bash'), ('LC_NAME', 'vi_VN'), ('QT_ACCESSIBILITY', '1'), ('GDMSESSION', 'ubuntu'), ('LESSCLOSE', '/usr/bin/lesspipe %s %s'), ('LC_MEASUREMENT', 'vi_VN'), ('LC_IDENTIFICATION', 'vi_VN'), ('QT_IM_MODULE', 'ibus'), ('PWD', '/home/sonvu/ur_ws/build/ur_controllers'), ('LC_ALL', 'en_US.UTF-8'), ('XDG_CONFIG_DIRS', '/etc/xdg/xdg-ubuntu:/etc/xdg'), ('XDG_DATA_DIRS', '/usr/share/ubuntu:/usr/local/share/:/usr/share/:/var/lib/snapd/desktop'), ('PYTHONPATH', '/home/sonvu/ur_ws/install/ur_dashboard_msgs/local/lib/python3.10/dist-packages:/home/sonvu/rtablc_base/build/rtablc_experiment:/home/sonvu/rtablc_base/install/rtablc_experiment/lib/python3.10/site-packages:/opt/ros/humble/lib/python3.10/site-packages:/opt/ros/humble/local/lib/python3.10/dist-packages'), ('LC_NUMERIC', 'vi_VN'), ('LC_PAPER', 'vi_VN'), ('COLCON', '1'), ('VTE_VERSION', '6800'), ('CMAKE_PREFIX_PATH', '/home/sonvu/ur_ws/install/ur_dashboard_msgs:/home/sonvu/rtablc_base/install/rtablc_experiment:/opt/ros/humble')]), 'shell': False}
[35.304202] (ur_controllers) StdoutLine: {'line': b'-- Install configuration: ""\n'}
[35.304468] (ur_controllers) StdoutLine: {'line': b'-- Execute custom install script\n'}
[35.304730] (ur_controllers) StdoutLine: {'line': b'-- Symlinking: /home/sonvu/ur_ws/install/ur_controllers/include/ur_controllers/force_mode_controller_parameters.hpp\n'}
[35.311334] (ur_controllers) StdoutLine: {'line': b'-- Symlinking: /home/sonvu/ur_ws/install/ur_controllers/include/ur_controllers/freedrive_mode_controller_parameters.hpp\n'}
[35.324715] (ur_controllers) StdoutLine: {'line': b'-- Symlinking: /home/sonvu/ur_ws/install/ur_controllers/include/ur_controllers/friction_model_controller_parameters.hpp\n'}
[35.333659] (ur_controllers) StdoutLine: {'line': b'-- Symlinking: /home/sonvu/ur_ws/install/ur_controllers/include/ur_controllers/gpio_controller_parameters.hpp\n'}
[35.342731] (ur_controllers) StdoutLine: {'line': b'-- Symlinking: /home/sonvu/ur_ws/install/ur_controllers/include/ur_controllers/passthrough_trajectory_controller_parameters.hpp\n'}
[35.350508] (ur_controllers) StdoutLine: {'line': b'-- Symlinking: /home/sonvu/ur_ws/install/ur_controllers/include/ur_controllers/scaled_joint_trajectory_controller_parameters.hpp\n'}
[35.368536] (ur_controllers) StdoutLine: {'line': b'-- Symlinking: /home/sonvu/ur_ws/install/ur_controllers/include/ur_controllers/speed_scaling_state_broadcaster_parameters.hpp\n'}
[35.392459] (ur_controllers) StdoutLine: {'line': b'-- Symlinking: /home/sonvu/ur_ws/install/ur_controllers/include/ur_controllers/tool_contact_controller_parameters.hpp\n'}
[35.396355] (-) TimerEvent: {}
[35.403397] (ur_controllers) StdoutLine: {'line': b'-- Symlinking: /home/sonvu/ur_ws/install/ur_controllers/include/ur_controllers/ur_configuration_controller_parameters.hpp\n'}
[35.414764] (ur_controllers) StdoutLine: {'line': b'-- Up-to-date symlink: /home/sonvu/ur_ws/install/ur_controllers/include/ur_controllers/force_mode_controller_parameters.hpp\n'}
[35.414909] (ur_controllers) StdoutLine: {'line': b'-- Up-to-date symlink: /home/sonvu/ur_ws/install/ur_controllers/include/ur_controllers/freedrive_mode_controller_parameters.hpp\n'}
[35.414972] (ur_controllers) StdoutLine: {'line': b'-- Up-to-date symlink: /home/sonvu/ur_ws/install/ur_controllers/include/ur_controllers/friction_model_controller_parameters.hpp\n'}
[35.415017] (ur_controllers) StdoutLine: {'line': b'-- Up-to-date symlink: /home/sonvu/ur_ws/install/ur_controllers/include/ur_controllers/gpio_controller_parameters.hpp\n'}
[35.415061] (ur_controllers) StdoutLine: {'line': b'-- Up-to-date symlink: /home/sonvu/ur_ws/install/ur_controllers/include/ur_controllers/passthrough_trajectory_controller_parameters.hpp\n'}
[35.415135] (ur_controllers) StdoutLine: {'line': b'-- Up-to-date symlink: /home/sonvu/ur_ws/install/ur_controllers/include/ur_controllers/scaled_joint_trajectory_controller_parameters.hpp\n'}
[35.415192] (ur_controllers) StdoutLine: {'line': b'-- Up-to-date symlink: /home/sonvu/ur_ws/install/ur_controllers/include/ur_controllers/speed_scaling_state_broadcaster_parameters.hpp\n'}
[35.415271] (ur_controllers) StdoutLine: {'line': b'-- Up-to-date symlink: /home/sonvu/ur_ws/install/ur_controllers/include/ur_controllers/tool_contact_controller_parameters.hpp\n'}
[35.415338] (ur_controllers) StdoutLine: {'line': b'-- Up-to-date symlink: /home/sonvu/ur_ws/install/ur_controllers/include/ur_controllers/ur_configuration_controller_parameters.hpp\n'}
[35.415402] (ur_controllers) StdoutLine: {'line': b'-- Up-to-date symlink: /home/sonvu/ur_ws/install/ur_controllers/include/ur_controllers/force_mode_controller_parameters.hpp\n'}
[35.415502] (ur_controllers) StdoutLine: {'line': b'-- Up-to-date symlink: /home/sonvu/ur_ws/install/ur_controllers/include/ur_controllers/freedrive_mode_controller_parameters.hpp\n'}
[35.415593] (ur_controllers) StdoutLine: {'line': b'-- Up-to-date symlink: /home/sonvu/ur_ws/install/ur_controllers/include/ur_controllers/friction_model_controller_parameters.hpp\n'}
[35.415652] (ur_controllers) StdoutLine: {'line': b'-- Up-to-date symlink: /home/sonvu/ur_ws/install/ur_controllers/include/ur_controllers/gpio_controller_parameters.hpp\n'}
[35.415697] (ur_controllers) StdoutLine: {'line': b'-- Up-to-date symlink: /home/sonvu/ur_ws/install/ur_controllers/include/ur_controllers/passthrough_trajectory_controller_parameters.hpp\n'}
[35.415773] (ur_controllers) StdoutLine: {'line': b'-- Up-to-date symlink: /home/sonvu/ur_ws/install/ur_controllers/include/ur_controllers/scaled_joint_trajectory_controller_parameters.hpp\n'}
[35.415833] (ur_controllers) StdoutLine: {'line': b'-- Up-to-date symlink: /home/sonvu/ur_ws/install/ur_controllers/include/ur_controllers/speed_scaling_state_broadcaster_parameters.hpp\n'}
[35.415877] (ur_controllers) StdoutLine: {'line': b'-- Up-to-date symlink: /home/sonvu/ur_ws/install/ur_controllers/include/ur_controllers/tool_contact_controller_parameters.hpp\n'}
[35.415938] (ur_controllers) StdoutLine: {'line': b'-- Up-to-date symlink: /home/sonvu/ur_ws/install/ur_controllers/include/ur_controllers/ur_configuration_controller_parameters.hpp\n'}
[35.416095] (ur_controllers) StdoutLine: {'line': b'-- Up-to-date symlink: /home/sonvu/ur_ws/install/ur_controllers/include/ur_controllers/force_mode_controller_parameters.hpp\n'}
[35.416160] (ur_controllers) StdoutLine: {'line': b'-- Up-to-date symlink: /home/sonvu/ur_ws/install/ur_controllers/include/ur_controllers/freedrive_mode_controller_parameters.hpp\n'}
[35.416231] (ur_controllers) StdoutLine: {'line': b'-- Up-to-date symlink: /home/sonvu/ur_ws/install/ur_controllers/include/ur_controllers/friction_model_controller_parameters.hpp\n'}
[35.416298] (ur_controllers) StdoutLine: {'line': b'-- Up-to-date symlink: /home/sonvu/ur_ws/install/ur_controllers/include/ur_controllers/gpio_controller_parameters.hpp\n'}
[35.416376] (ur_controllers) StdoutLine: {'line': b'-- Up-to-date symlink: /home/sonvu/ur_ws/install/ur_controllers/include/ur_controllers/passthrough_trajectory_controller_parameters.hpp\n'}
[35.416452] (ur_controllers) StdoutLine: {'line': b'-- Up-to-date symlink: /home/sonvu/ur_ws/install/ur_controllers/include/ur_controllers/scaled_joint_trajectory_controller_parameters.hpp\n'}
[35.416521] (ur_controllers) StdoutLine: {'line': b'-- Up-to-date symlink: /home/sonvu/ur_ws/install/ur_controllers/include/ur_controllers/speed_scaling_state_broadcaster_parameters.hpp\n'}
[35.416592] (ur_controllers) StdoutLine: {'line': b'-- Up-to-date symlink: /home/sonvu/ur_ws/install/ur_controllers/include/ur_controllers/tool_contact_controller_parameters.hpp\n'}
[35.416663] (ur_controllers) StdoutLine: {'line': b'-- Up-to-date symlink: /home/sonvu/ur_ws/install/ur_controllers/include/ur_controllers/ur_configuration_controller_parameters.hpp\n'}
[35.416971] (ur_controllers) StdoutLine: {'line': b'-- Up-to-date symlink: /home/sonvu/ur_ws/install/ur_controllers/include/ur_controllers/force_mode_controller_parameters.hpp\n'}
[35.417038] (ur_controllers) StdoutLine: {'line': b'-- Up-to-date symlink: /home/sonvu/ur_ws/install/ur_controllers/include/ur_controllers/freedrive_mode_controller_parameters.hpp\n'}
[35.417119] (ur_controllers) StdoutLine: {'line': b'-- Up-to-date symlink: /home/sonvu/ur_ws/install/ur_controllers/include/ur_controllers/friction_model_controller_parameters.hpp\n'}
[35.417204] (ur_controllers) StdoutLine: {'line': b'-- Up-to-date symlink: /home/sonvu/ur_ws/install/ur_controllers/include/ur_controllers/gpio_controller_parameters.hpp\n'}
[35.417289] (ur_controllers) StdoutLine: {'line': b'-- Up-to-date symlink: /home/sonvu/ur_ws/install/ur_controllers/include/ur_controllers/passthrough_trajectory_controller_parameters.hpp\n'}
[35.417369] (ur_controllers) StdoutLine: {'line': b'-- Up-to-date symlink: /home/sonvu/ur_ws/install/ur_controllers/include/ur_controllers/scaled_joint_trajectory_controller_parameters.hpp\n'}
[35.417460] (ur_controllers) StdoutLine: {'line': b'-- Up-to-date symlink: /home/sonvu/ur_ws/install/ur_controllers/include/ur_controllers/speed_scaling_state_broadcaster_parameters.hpp\n'}
[35.417543] (ur_controllers) StdoutLine: {'line': b'-- Up-to-date symlink: /home/sonvu/ur_ws/install/ur_controllers/include/ur_controllers/tool_contact_controller_parameters.hpp\n'}
[35.417621] (ur_controllers) StdoutLine: {'line': b'-- Up-to-date symlink: /home/sonvu/ur_ws/install/ur_controllers/include/ur_controllers/ur_configuration_controller_parameters.hpp\n'}
[35.418021] (ur_controllers) StdoutLine: {'line': b'-- Up-to-date symlink: /home/sonvu/ur_ws/install/ur_controllers/include/ur_controllers/force_mode_controller_parameters.hpp\n'}
[35.418108] (ur_controllers) StdoutLine: {'line': b'-- Up-to-date symlink: /home/sonvu/ur_ws/install/ur_controllers/include/ur_controllers/freedrive_mode_controller_parameters.hpp\n'}
[35.418190] (ur_controllers) StdoutLine: {'line': b'-- Up-to-date symlink: /home/sonvu/ur_ws/install/ur_controllers/include/ur_controllers/friction_model_controller_parameters.hpp\n'}
[35.418268] (ur_controllers) StdoutLine: {'line': b'-- Up-to-date symlink: /home/sonvu/ur_ws/install/ur_controllers/include/ur_controllers/gpio_controller_parameters.hpp\n'}
[35.418356] (ur_controllers) StdoutLine: {'line': b'-- Up-to-date symlink: /home/sonvu/ur_ws/install/ur_controllers/include/ur_controllers/passthrough_trajectory_controller_parameters.hpp\n'}
[35.418442] (ur_controllers) StdoutLine: {'line': b'-- Up-to-date symlink: /home/sonvu/ur_ws/install/ur_controllers/include/ur_controllers/scaled_joint_trajectory_controller_parameters.hpp\n'}
[35.418522] (ur_controllers) StdoutLine: {'line': b'-- Up-to-date symlink: /home/sonvu/ur_ws/install/ur_controllers/include/ur_controllers/speed_scaling_state_broadcaster_parameters.hpp\n'}
[35.418607] (ur_controllers) StdoutLine: {'line': b'-- Up-to-date symlink: /home/sonvu/ur_ws/install/ur_controllers/include/ur_controllers/tool_contact_controller_parameters.hpp\n'}
[35.418687] (ur_controllers) StdoutLine: {'line': b'-- Up-to-date symlink: /home/sonvu/ur_ws/install/ur_controllers/include/ur_controllers/ur_configuration_controller_parameters.hpp\n'}
[35.419105] (ur_controllers) StdoutLine: {'line': b'-- Up-to-date symlink: /home/sonvu/ur_ws/install/ur_controllers/include/ur_controllers/force_mode_controller_parameters.hpp\n'}
[35.419202] (ur_controllers) StdoutLine: {'line': b'-- Up-to-date symlink: /home/sonvu/ur_ws/install/ur_controllers/include/ur_controllers/freedrive_mode_controller_parameters.hpp\n'}
[35.419295] (ur_controllers) StdoutLine: {'line': b'-- Up-to-date symlink: /home/sonvu/ur_ws/install/ur_controllers/include/ur_controllers/friction_model_controller_parameters.hpp\n'}
[35.419389] (ur_controllers) StdoutLine: {'line': b'-- Up-to-date symlink: /home/sonvu/ur_ws/install/ur_controllers/include/ur_controllers/gpio_controller_parameters.hpp\n'}
[35.419489] (ur_controllers) StdoutLine: {'line': b'-- Up-to-date symlink: /home/sonvu/ur_ws/install/ur_controllers/include/ur_controllers/passthrough_trajectory_controller_parameters.hpp\n'}
[35.419583] (ur_controllers) StdoutLine: {'line': b'-- Up-to-date symlink: /home/sonvu/ur_ws/install/ur_controllers/include/ur_controllers/scaled_joint_trajectory_controller_parameters.hpp\n'}
[35.419668] (ur_controllers) StdoutLine: {'line': b'-- Up-to-date symlink: /home/sonvu/ur_ws/install/ur_controllers/include/ur_controllers/speed_scaling_state_broadcaster_parameters.hpp\n'}
[35.419758] (ur_controllers) StdoutLine: {'line': b'-- Up-to-date symlink: /home/sonvu/ur_ws/install/ur_controllers/include/ur_controllers/tool_contact_controller_parameters.hpp\n'}
[35.419850] (ur_controllers) StdoutLine: {'line': b'-- Up-to-date symlink: /home/sonvu/ur_ws/install/ur_controllers/include/ur_controllers/ur_configuration_controller_parameters.hpp\n'}
[35.420296] (ur_controllers) StdoutLine: {'line': b'-- Up-to-date symlink: /home/sonvu/ur_ws/install/ur_controllers/include/ur_controllers/force_mode_controller_parameters.hpp\n'}
[35.420393] (ur_controllers) StdoutLine: {'line': b'-- Up-to-date symlink: /home/sonvu/ur_ws/install/ur_controllers/include/ur_controllers/freedrive_mode_controller_parameters.hpp\n'}
[35.420501] (ur_controllers) StdoutLine: {'line': b'-- Up-to-date symlink: /home/sonvu/ur_ws/install/ur_controllers/include/ur_controllers/friction_model_controller_parameters.hpp\n'}
[35.420598] (ur_controllers) StdoutLine: {'line': b'-- Up-to-date symlink: /home/sonvu/ur_ws/install/ur_controllers/include/ur_controllers/gpio_controller_parameters.hpp\n'}
[35.420696] (ur_controllers) StdoutLine: {'line': b'-- Up-to-date symlink: /home/sonvu/ur_ws/install/ur_controllers/include/ur_controllers/passthrough_trajectory_controller_parameters.hpp\n'}
[35.420802] (ur_controllers) StdoutLine: {'line': b'-- Up-to-date symlink: /home/sonvu/ur_ws/install/ur_controllers/include/ur_controllers/scaled_joint_trajectory_controller_parameters.hpp\n'}
[35.420908] (ur_controllers) StdoutLine: {'line': b'-- Up-to-date symlink: /home/sonvu/ur_ws/install/ur_controllers/include/ur_controllers/speed_scaling_state_broadcaster_parameters.hpp\n'}
[35.421017] (ur_controllers) StdoutLine: {'line': b'-- Up-to-date symlink: /home/sonvu/ur_ws/install/ur_controllers/include/ur_controllers/tool_contact_controller_parameters.hpp\n'}
[35.421131] (ur_controllers) StdoutLine: {'line': b'-- Up-to-date symlink: /home/sonvu/ur_ws/install/ur_controllers/include/ur_controllers/ur_configuration_controller_parameters.hpp\n'}
[35.421629] (ur_controllers) StdoutLine: {'line': b'-- Up-to-date symlink: /home/sonvu/ur_ws/install/ur_controllers/include/ur_controllers/force_mode_controller_parameters.hpp\n'}
[35.421754] (ur_controllers) StdoutLine: {'line': b'-- Up-to-date symlink: /home/sonvu/ur_ws/install/ur_controllers/include/ur_controllers/freedrive_mode_controller_parameters.hpp\n'}
[35.421876] (ur_controllers) StdoutLine: {'line': b'-- Up-to-date symlink: /home/sonvu/ur_ws/install/ur_controllers/include/ur_controllers/friction_model_controller_parameters.hpp\n'}
[35.421996] (ur_controllers) StdoutLine: {'line': b'-- Up-to-date symlink: /home/sonvu/ur_ws/install/ur_controllers/include/ur_controllers/gpio_controller_parameters.hpp\n'}
[35.422104] (ur_controllers) StdoutLine: {'line': b'-- Up-to-date symlink: /home/sonvu/ur_ws/install/ur_controllers/include/ur_controllers/passthrough_trajectory_controller_parameters.hpp\n'}
[35.422216] (ur_controllers) StdoutLine: {'line': b'-- Up-to-date symlink: /home/sonvu/ur_ws/install/ur_controllers/include/ur_controllers/scaled_joint_trajectory_controller_parameters.hpp\n'}
[35.422337] (ur_controllers) StdoutLine: {'line': b'-- Up-to-date symlink: /home/sonvu/ur_ws/install/ur_controllers/include/ur_controllers/speed_scaling_state_broadcaster_parameters.hpp\n'}
[35.422466] (ur_controllers) StdoutLine: {'line': b'-- Up-to-date symlink: /home/sonvu/ur_ws/install/ur_controllers/include/ur_controllers/tool_contact_controller_parameters.hpp\n'}
[35.422586] (ur_controllers) StdoutLine: {'line': b'-- Up-to-date symlink: /home/sonvu/ur_ws/install/ur_controllers/include/ur_controllers/ur_configuration_controller_parameters.hpp\n'}
[35.422937] (ur_controllers) StdoutLine: {'line': b'-- Symlinking: /home/sonvu/ur_ws/install/ur_controllers/share/ur_controllers//controller_plugins.xml\n'}
[35.432733] (ur_controllers) StdoutLine: {'line': b'-- Symlinking: /home/sonvu/ur_ws/install/ur_controllers/lib/libur_controllers.so\n'}
[35.455592] (ur_controllers) StdoutLine: {'line': b'-- Symlinking: /home/sonvu/ur_ws/install/ur_controllers/include/ur_controllers/force_mode_controller.hpp\n'}
[35.479131] (ur_controllers) StdoutLine: {'line': b'-- Symlinking: /home/sonvu/ur_ws/install/ur_controllers/include/ur_controllers/freedrive_mode_controller.hpp\n'}
[35.494456] (ur_controllers) StdoutLine: {'line': b'-- Symlinking: /home/sonvu/ur_ws/install/ur_controllers/include/ur_controllers/friction_model_controller.hpp\n'}
[35.496493] (-) TimerEvent: {}
[35.507020] (ur_controllers) StdoutLine: {'line': b'-- Symlinking: /home/sonvu/ur_ws/install/ur_controllers/include/ur_controllers/gpio_controller.hpp\n'}
[35.521098] (ur_controllers) StdoutLine: {'line': b'-- Symlinking: /home/sonvu/ur_ws/install/ur_controllers/include/ur_controllers/passthrough_trajectory_controller.hpp\n'}
[35.530928] (ur_controllers) StdoutLine: {'line': b'-- Symlinking: /home/sonvu/ur_ws/install/ur_controllers/include/ur_controllers/scaled_joint_trajectory_controller.hpp\n'}
[35.547322] (ur_controllers) StdoutLine: {'line': b'-- Symlinking: /home/sonvu/ur_ws/install/ur_controllers/include/ur_controllers/speed_scaling_state_broadcaster.hpp\n'}
[35.564977] (ur_controllers) StdoutLine: {'line': b'-- Symlinking: /home/sonvu/ur_ws/install/ur_controllers/include/ur_controllers/tool_contact_controller.hpp\n'}
[35.571980] (ur_controllers) StdoutLine: {'line': b'-- Symlinking: /home/sonvu/ur_ws/install/ur_controllers/include/ur_controllers/ur_configuration_controller.hpp\n'}
[35.581266] (ur_controllers) StdoutLine: {'line': b'-- Up-to-date symlink: /home/sonvu/ur_ws/install/ur_controllers/share/ur_controllers/controller_plugins.xml\n'}
[35.581583] (ur_controllers) StdoutLine: {'line': b'-- Symlinking: /home/sonvu/ur_ws/install/ur_controllers/share/ur_controllers/environment/library_path.sh\n'}
[35.591850] (ur_controllers) StdoutLine: {'line': b'-- Symlinking: /home/sonvu/ur_ws/install/ur_controllers/share/ur_controllers/environment/library_path.dsv\n'}
[35.596594] (-) TimerEvent: {}
[35.601058] (ur_controllers) StdoutLine: {'line': b'-- Symlinking: /home/sonvu/ur_ws/install/ur_controllers/share/ament_index/resource_index/package_run_dependencies/ur_controllers\n'}
[35.609759] (ur_controllers) StdoutLine: {'line': b'-- Symlinking: /home/sonvu/ur_ws/install/ur_controllers/share/ament_index/resource_index/parent_prefix_path/ur_controllers\n'}
[35.628058] (ur_controllers) StdoutLine: {'line': b'-- Symlinking: /home/sonvu/ur_ws/install/ur_controllers/share/ur_controllers/environment/ament_prefix_path.sh\n'}
[35.636808] (ur_controllers) StdoutLine: {'line': b'-- Symlinking: /home/sonvu/ur_ws/install/ur_controllers/share/ur_controllers/environment/ament_prefix_path.dsv\n'}
[35.648657] (ur_controllers) StdoutLine: {'line': b'-- Symlinking: /home/sonvu/ur_ws/install/ur_controllers/share/ur_controllers/environment/path.sh\n'}
[35.657891] (ur_controllers) StdoutLine: {'line': b'-- Symlinking: /home/sonvu/ur_ws/install/ur_controllers/share/ur_controllers/environment/path.dsv\n'}
[35.669535] (ur_controllers) StdoutLine: {'line': b'-- Symlinking: /home/sonvu/ur_ws/install/ur_controllers/share/ur_controllers/local_setup.bash\n'}
[35.680736] (ur_controllers) StdoutLine: {'line': b'-- Symlinking: /home/sonvu/ur_ws/install/ur_controllers/share/ur_controllers/local_setup.sh\n'}
[35.689137] (ur_controllers) StdoutLine: {'line': b'-- Symlinking: /home/sonvu/ur_ws/install/ur_controllers/share/ur_controllers/local_setup.zsh\n'}
[35.696716] (-) TimerEvent: {}
[35.704840] (ur_controllers) StdoutLine: {'line': b'-- Symlinking: /home/sonvu/ur_ws/install/ur_controllers/share/ur_controllers/local_setup.dsv\n'}
[35.717261] (ur_controllers) StdoutLine: {'line': b'-- Symlinking: /home/sonvu/ur_ws/install/ur_controllers/share/ur_controllers/package.dsv\n'}
[35.725699] (ur_controllers) StdoutLine: {'line': b'-- Symlinking: /home/sonvu/ur_ws/install/ur_controllers/share/ament_index/resource_index/packages/ur_controllers\n'}
[35.735989] (ur_controllers) StdoutLine: {'line': b'-- Symlinking: /home/sonvu/ur_ws/install/ur_controllers/share/ament_index/resource_index/controller_interface__pluginlib__plugin/ur_controllers\n'}
[35.744906] (ur_controllers) StdoutLine: {'line': b'-- Symlinking: /home/sonvu/ur_ws/install/ur_controllers/share/ur_controllers/cmake/ament_cmake_export_dependencies-extras.cmake\n'}
[35.753437] (ur_controllers) StdoutLine: {'line': b'-- Symlinking: /home/sonvu/ur_ws/install/ur_controllers/share/ur_controllers/cmake/ament_cmake_export_include_directories-extras.cmake\n'}
[35.766858] (ur_controllers) StdoutLine: {'line': b'-- Symlinking: /home/sonvu/ur_ws/install/ur_controllers/share/ur_controllers/cmake/ament_cmake_export_libraries-extras.cmake\n'}
[35.776748] (ur_controllers) StdoutLine: {'line': b'-- Symlinking: /home/sonvu/ur_ws/install/ur_controllers/share/ur_controllers/cmake/ur_controllersConfig.cmake\n'}
[35.782556] (ur_controllers) StdoutLine: {'line': b'-- Symlinking: /home/sonvu/ur_ws/install/ur_controllers/share/ur_controllers/cmake/ur_controllersConfig-version.cmake\n'}
[35.788903] (ur_controllers) StdoutLine: {'line': b'-- Symlinking: /home/sonvu/ur_ws/install/ur_controllers/share/ur_controllers/package.xml\n'}
[35.796902] (-) TimerEvent: {}
[35.797906] (ur_controllers) CommandEnded: {'returncode': 0}
[35.810288] (ur_controllers) JobEnded: {'identifier': 'ur_controllers', 'rc': 0}
[35.811128] (ur_robot_driver) JobStarted: {'identifier': 'ur_robot_driver'}
[35.812906] (ur_bringup) JobStarted: {'identifier': 'ur_bringup'}
[35.815336] (ur_simulation_gz) JobStarted: {'identifier': 'ur_simulation_gz'}
[35.818639] (ur_robot_driver) JobProgress: {'identifier': 'ur_robot_driver', 'progress': 'cmake'}
[35.818868] (ur_robot_driver) Command: {'cmd': ['/usr/bin/cmake', '/home/sonvu/ur_ws/src/Universal_Robots_ROS2_Driver/ur_robot_driver', '-DAMENT_CMAKE_SYMLINK_INSTALL=1', '-DCMAKE_INSTALL_PREFIX=/home/sonvu/ur_ws/install/ur_robot_driver'], 'cwd': '/home/sonvu/ur_ws/build/ur_robot_driver', 'env': OrderedDict([('LESSOPEN', '| /usr/bin/lesspipe %s'), ('LANGUAGE', 'en_US:en'), ('USER', 'sonvu'), ('LC_TIME', 'vi_VN'), ('XDG_SESSION_TYPE', 'wayland'), ('SHLVL', '1'), ('LD_LIBRARY_PATH', '/home/sonvu/ur_ws/install/ur_controllers/lib:/home/sonvu/ur_ws/install/ur_dashboard_msgs/lib:/usr/lib/x86_64-linux-gnu/gazebo-11/plugins:/opt/ros/humble/opt/rviz_ogre_vendor/lib:/opt/ros/humble/lib/x86_64-linux-gnu:/opt/ros/humble/lib'), ('HOME', '/home/sonvu'), ('OLDPWD', '/home/sonvu'), ('DESKTOP_SESSION', 'ubuntu'), ('ROS_PYTHON_VERSION', '3'), ('GNOME_SHELL_SESSION_MODE', 'ubuntu'), ('GTK_MODULES', 'gail:atk-bridge'), ('LC_MONETARY', 'vi_VN'), ('SYSTEMD_EXEC_PID', '1840'), ('DBUS_SESSION_BUS_ADDRESS', 'unix:path=/run/user/1000/bus'), ('COLORTERM', 'truecolor'), ('IM_CONFIG_PHASE', '1'), ('WAYLAND_DISPLAY', 'wayland-0'), ('COLCON_PREFIX_PATH', '/home/sonvu/rtablc_base/install'), ('ROS_DISTRO', 'humble'), ('LOGNAME', 'sonvu'), ('_', '/usr/bin/colcon'), ('ROS_VERSION', '2'), ('XDG_SESSION_CLASS', 'user'), ('USERNAME', 'sonvu'), ('TERM', 'xterm-256color'), ('GNOME_DESKTOP_SESSION_ID', 'this-is-deprecated'), ('ROS_LOCALHOST_ONLY', '0'), ('PATH', '/opt/ros/humble/bin:/home/sonvu/.local/bin:/usr/local/sbin:/usr/local/bin:/usr/sbin:/usr/bin:/sbin:/bin:/usr/games:/usr/local/games:/snap/bin:/snap/bin'), ('SESSION_MANAGER', 'local/sonvu-Thin-15-B13UC:@/tmp/.ICE-unix/1810,unix/sonvu-Thin-15-B13UC:/tmp/.ICE-unix/1810'), ('PAPERSIZE', 'a4'), ('XDG_MENU_PREFIX', 'gnome-'), ('LC_ADDRESS', 'vi_VN'), ('GNOME_TERMINAL_SCREEN', '/org/gnome/Terminal/screen/13a4e776_53ad_4e87_90a5_551c296629db'), ('GNOME_SETUP_DISPLAY', ':1'), ('XDG_RUNTIME_DIR', '/run/user/1000'), ('DISPLAY', ':0'), ('LANG', 'en_US.UTF-8'), ('XDG_CURRENT_DESKTOP', 'ubuntu:GNOME'), ('LC_TELEPHONE', 'vi_VN'), ('XMODIFIERS', '@im=ibus'), ('XDG_SESSION_DESKTOP', 'ubuntu'), ('XAUTHORITY', '/run/user/1000/.mutter-Xwaylandauth.JB0DV3'), ('LS_COLORS', 'rs=0:di=01;34:ln=01;36:mh=00:pi=40;33:so=01;35:do=01;35:bd=40;33;01:cd=40;33;01:or=40;31;01:mi=00:su=37;41:sg=30;43:ca=30;41:tw=30;42:ow=34;42:st=37;44:ex=01;32:*.tar=01;31:*.tgz=01;31:*.arc=01;31:*.arj=01;31:*.taz=01;31:*.lha=01;31:*.lz4=01;31:*.lzh=01;31:*.lzma=01;31:*.tlz=01;31:*.txz=01;31:*.tzo=01;31:*.t7z=01;31:*.zip=01;31:*.z=01;31:*.dz=01;31:*.gz=01;31:*.lrz=01;31:*.lz=01;31:*.lzo=01;31:*.xz=01;31:*.zst=01;31:*.tzst=01;31:*.bz2=01;31:*.bz=01;31:*.tbz=01;31:*.tbz2=01;31:*.tz=01;31:*.deb=01;31:*.rpm=01;31:*.jar=01;31:*.war=01;31:*.ear=01;31:*.sar=01;31:*.rar=01;31:*.alz=01;31:*.ace=01;31:*.zoo=01;31:*.cpio=01;31:*.7z=01;31:*.rz=01;31:*.cab=01;31:*.wim=01;31:*.swm=01;31:*.dwm=01;31:*.esd=01;31:*.jpg=01;35:*.jpeg=01;35:*.mjpg=01;35:*.mjpeg=01;35:*.gif=01;35:*.bmp=01;35:*.pbm=01;35:*.pgm=01;35:*.ppm=01;35:*.tga=01;35:*.xbm=01;35:*.xpm=01;35:*.tif=01;35:*.tiff=01;35:*.png=01;35:*.svg=01;35:*.svgz=01;35:*.mng=01;35:*.pcx=01;35:*.mov=01;35:*.mpg=01;35:*.mpeg=01;35:*.m2v=01;35:*.mkv=01;35:*.webm=01;35:*.webp=01;35:*.ogm=01;35:*.mp4=01;35:*.m4v=01;35:*.mp4v=01;35:*.vob=01;35:*.qt=01;35:*.nuv=01;35:*.wmv=01;35:*.asf=01;35:*.rm=01;35:*.rmvb=01;35:*.flc=01;35:*.avi=01;35:*.fli=01;35:*.flv=01;35:*.gl=01;35:*.dl=01;35:*.xcf=01;35:*.xwd=01;35:*.yuv=01;35:*.cgm=01;35:*.emf=01;35:*.ogv=01;35:*.ogx=01;35:*.aac=00;36:*.au=00;36:*.flac=00;36:*.m4a=00;36:*.mid=00;36:*.midi=00;36:*.mka=00;36:*.mp3=00;36:*.mpc=00;36:*.ogg=00;36:*.ra=00;36:*.wav=00;36:*.oga=00;36:*.opus=00;36:*.spx=00;36:*.xspf=00;36:'), ('GNOME_TERMINAL_SERVICE', ':1.111'), ('SSH_AGENT_LAUNCHER', 'gnome-keyring'), ('SSH_AUTH_SOCK', '/run/user/1000/keyring/ssh'), ('AMENT_PREFIX_PATH', '/home/sonvu/ur_ws/install/ur_controllers:/home/sonvu/ur_ws/install/ur_dashboard_msgs:/home/sonvu/rtablc_base/install/rtablc_experiment:/opt/ros/humble'), ('SHELL', '/bin/bash'), ('LC_NAME', 'vi_VN'), ('QT_ACCESSIBILITY', '1'), ('GDMSESSION', 'ubuntu'), ('LESSCLOSE', '/usr/bin/lesspipe %s %s'), ('LC_MEASUREMENT', 'vi_VN'), ('LC_IDENTIFICATION', 'vi_VN'), ('QT_IM_MODULE', 'ibus'), ('PWD', '/home/sonvu/ur_ws/build/ur_robot_driver'), ('LC_ALL', 'en_US.UTF-8'), ('XDG_CONFIG_DIRS', '/etc/xdg/xdg-ubuntu:/etc/xdg'), ('XDG_DATA_DIRS', '/usr/share/ubuntu:/usr/local/share/:/usr/share/:/var/lib/snapd/desktop'), ('PYTHONPATH', '/home/sonvu/ur_ws/install/ur_dashboard_msgs/local/lib/python3.10/dist-packages:/home/sonvu/rtablc_base/build/rtablc_experiment:/home/sonvu/rtablc_base/install/rtablc_experiment/lib/python3.10/site-packages:/opt/ros/humble/lib/python3.10/site-packages:/opt/ros/humble/local/lib/python3.10/dist-packages'), ('LC_NUMERIC', 'vi_VN'), ('LC_PAPER', 'vi_VN'), ('COLCON', '1'), ('VTE_VERSION', '6800'), ('CMAKE_PREFIX_PATH', '/home/sonvu/ur_ws/install/ur_controllers:/home/sonvu/ur_ws/install/ur_dashboard_msgs:/home/sonvu/rtablc_base/install/rtablc_experiment:/opt/ros/humble')]), 'shell': False}
[35.820873] (ur_bringup) JobProgress: {'identifier': 'ur_bringup', 'progress': 'cmake'}
[35.821500] (ur_bringup) Command: {'cmd': ['/usr/bin/cmake', '/home/sonvu/ur_ws/src/Universal_Robots_ROS2_Driver/ur_bringup', '-DAMENT_CMAKE_SYMLINK_INSTALL=1', '-DCMAKE_INSTALL_PREFIX=/home/sonvu/ur_ws/install/ur_bringup'], 'cwd': '/home/sonvu/ur_ws/build/ur_bringup', 'env': OrderedDict([('LESSOPEN', '| /usr/bin/lesspipe %s'), ('LANGUAGE', 'en_US:en'), ('USER', 'sonvu'), ('LC_TIME', 'vi_VN'), ('XDG_SESSION_TYPE', 'wayland'), ('SHLVL', '1'), ('LD_LIBRARY_PATH', '/home/sonvu/ur_ws/install/ur_controllers/lib:/home/sonvu/ur_ws/install/ur_dashboard_msgs/lib:/usr/lib/x86_64-linux-gnu/gazebo-11/plugins:/opt/ros/humble/opt/rviz_ogre_vendor/lib:/opt/ros/humble/lib/x86_64-linux-gnu:/opt/ros/humble/lib'), ('HOME', '/home/sonvu'), ('OLDPWD', '/home/sonvu'), ('DESKTOP_SESSION', 'ubuntu'), ('ROS_PYTHON_VERSION', '3'), ('GNOME_SHELL_SESSION_MODE', 'ubuntu'), ('GTK_MODULES', 'gail:atk-bridge'), ('LC_MONETARY', 'vi_VN'), ('SYSTEMD_EXEC_PID', '1840'), ('DBUS_SESSION_BUS_ADDRESS', 'unix:path=/run/user/1000/bus'), ('COLORTERM', 'truecolor'), ('IM_CONFIG_PHASE', '1'), ('WAYLAND_DISPLAY', 'wayland-0'), ('COLCON_PREFIX_PATH', '/home/sonvu/rtablc_base/install'), ('ROS_DISTRO', 'humble'), ('LOGNAME', 'sonvu'), ('_', '/usr/bin/colcon'), ('ROS_VERSION', '2'), ('XDG_SESSION_CLASS', 'user'), ('USERNAME', 'sonvu'), ('TERM', 'xterm-256color'), ('GNOME_DESKTOP_SESSION_ID', 'this-is-deprecated'), ('ROS_LOCALHOST_ONLY', '0'), ('PATH', '/opt/ros/humble/bin:/home/sonvu/.local/bin:/usr/local/sbin:/usr/local/bin:/usr/sbin:/usr/bin:/sbin:/bin:/usr/games:/usr/local/games:/snap/bin:/snap/bin'), ('SESSION_MANAGER', 'local/sonvu-Thin-15-B13UC:@/tmp/.ICE-unix/1810,unix/sonvu-Thin-15-B13UC:/tmp/.ICE-unix/1810'), ('PAPERSIZE', 'a4'), ('XDG_MENU_PREFIX', 'gnome-'), ('LC_ADDRESS', 'vi_VN'), ('GNOME_TERMINAL_SCREEN', '/org/gnome/Terminal/screen/13a4e776_53ad_4e87_90a5_551c296629db'), ('GNOME_SETUP_DISPLAY', ':1'), ('XDG_RUNTIME_DIR', '/run/user/1000'), ('DISPLAY', ':0'), ('LANG', 'en_US.UTF-8'), ('XDG_CURRENT_DESKTOP', 'ubuntu:GNOME'), ('LC_TELEPHONE', 'vi_VN'), ('XMODIFIERS', '@im=ibus'), ('XDG_SESSION_DESKTOP', 'ubuntu'), ('XAUTHORITY', '/run/user/1000/.mutter-Xwaylandauth.JB0DV3'), ('LS_COLORS', 'rs=0:di=01;34:ln=01;36:mh=00:pi=40;33:so=01;35:do=01;35:bd=40;33;01:cd=40;33;01:or=40;31;01:mi=00:su=37;41:sg=30;43:ca=30;41:tw=30;42:ow=34;42:st=37;44:ex=01;32:*.tar=01;31:*.tgz=01;31:*.arc=01;31:*.arj=01;31:*.taz=01;31:*.lha=01;31:*.lz4=01;31:*.lzh=01;31:*.lzma=01;31:*.tlz=01;31:*.txz=01;31:*.tzo=01;31:*.t7z=01;31:*.zip=01;31:*.z=01;31:*.dz=01;31:*.gz=01;31:*.lrz=01;31:*.lz=01;31:*.lzo=01;31:*.xz=01;31:*.zst=01;31:*.tzst=01;31:*.bz2=01;31:*.bz=01;31:*.tbz=01;31:*.tbz2=01;31:*.tz=01;31:*.deb=01;31:*.rpm=01;31:*.jar=01;31:*.war=01;31:*.ear=01;31:*.sar=01;31:*.rar=01;31:*.alz=01;31:*.ace=01;31:*.zoo=01;31:*.cpio=01;31:*.7z=01;31:*.rz=01;31:*.cab=01;31:*.wim=01;31:*.swm=01;31:*.dwm=01;31:*.esd=01;31:*.jpg=01;35:*.jpeg=01;35:*.mjpg=01;35:*.mjpeg=01;35:*.gif=01;35:*.bmp=01;35:*.pbm=01;35:*.pgm=01;35:*.ppm=01;35:*.tga=01;35:*.xbm=01;35:*.xpm=01;35:*.tif=01;35:*.tiff=01;35:*.png=01;35:*.svg=01;35:*.svgz=01;35:*.mng=01;35:*.pcx=01;35:*.mov=01;35:*.mpg=01;35:*.mpeg=01;35:*.m2v=01;35:*.mkv=01;35:*.webm=01;35:*.webp=01;35:*.ogm=01;35:*.mp4=01;35:*.m4v=01;35:*.mp4v=01;35:*.vob=01;35:*.qt=01;35:*.nuv=01;35:*.wmv=01;35:*.asf=01;35:*.rm=01;35:*.rmvb=01;35:*.flc=01;35:*.avi=01;35:*.fli=01;35:*.flv=01;35:*.gl=01;35:*.dl=01;35:*.xcf=01;35:*.xwd=01;35:*.yuv=01;35:*.cgm=01;35:*.emf=01;35:*.ogv=01;35:*.ogx=01;35:*.aac=00;36:*.au=00;36:*.flac=00;36:*.m4a=00;36:*.mid=00;36:*.midi=00;36:*.mka=00;36:*.mp3=00;36:*.mpc=00;36:*.ogg=00;36:*.ra=00;36:*.wav=00;36:*.oga=00;36:*.opus=00;36:*.spx=00;36:*.xspf=00;36:'), ('GNOME_TERMINAL_SERVICE', ':1.111'), ('SSH_AGENT_LAUNCHER', 'gnome-keyring'), ('SSH_AUTH_SOCK', '/run/user/1000/keyring/ssh'), ('AMENT_PREFIX_PATH', '/home/sonvu/ur_ws/install/ur_controllers:/home/sonvu/ur_ws/install/ur_dashboard_msgs:/home/sonvu/rtablc_base/install/rtablc_experiment:/opt/ros/humble'), ('SHELL', '/bin/bash'), ('LC_NAME', 'vi_VN'), ('QT_ACCESSIBILITY', '1'), ('GDMSESSION', 'ubuntu'), ('LESSCLOSE', '/usr/bin/lesspipe %s %s'), ('LC_MEASUREMENT', 'vi_VN'), ('LC_IDENTIFICATION', 'vi_VN'), ('QT_IM_MODULE', 'ibus'), ('PWD', '/home/sonvu/ur_ws/build/ur_bringup'), ('LC_ALL', 'en_US.UTF-8'), ('XDG_CONFIG_DIRS', '/etc/xdg/xdg-ubuntu:/etc/xdg'), ('XDG_DATA_DIRS', '/usr/share/ubuntu:/usr/local/share/:/usr/share/:/var/lib/snapd/desktop'), ('PYTHONPATH', '/home/sonvu/ur_ws/install/ur_dashboard_msgs/local/lib/python3.10/dist-packages:/home/sonvu/rtablc_base/build/rtablc_experiment:/home/sonvu/rtablc_base/install/rtablc_experiment/lib/python3.10/site-packages:/opt/ros/humble/lib/python3.10/site-packages:/opt/ros/humble/local/lib/python3.10/dist-packages'), ('LC_NUMERIC', 'vi_VN'), ('LC_PAPER', 'vi_VN'), ('COLCON', '1'), ('VTE_VERSION', '6800'), ('CMAKE_PREFIX_PATH', '/home/sonvu/ur_ws/install/ur_controllers:/home/sonvu/ur_ws/install/ur_dashboard_msgs:/home/sonvu/rtablc_base/install/rtablc_experiment:/opt/ros/humble')]), 'shell': False}
[35.823162] (ur_simulation_gz) JobProgress: {'identifier': 'ur_simulation_gz', 'progress': 'cmake'}
[35.823554] (ur_simulation_gz) Command: {'cmd': ['/usr/bin/cmake', '/home/sonvu/ur_ws/src/ur_simulation_gz/ur_simulation_gz', '-DAMENT_CMAKE_SYMLINK_INSTALL=1', '-DCMAKE_INSTALL_PREFIX=/home/sonvu/ur_ws/install/ur_simulation_gz'], 'cwd': '/home/sonvu/ur_ws/build/ur_simulation_gz', 'env': OrderedDict([('LESSOPEN', '| /usr/bin/lesspipe %s'), ('LANGUAGE', 'en_US:en'), ('USER', 'sonvu'), ('LC_TIME', 'vi_VN'), ('XDG_SESSION_TYPE', 'wayland'), ('SHLVL', '1'), ('LD_LIBRARY_PATH', '/home/sonvu/ur_ws/install/ur_controllers/lib:/home/sonvu/ur_ws/install/ur_dashboard_msgs/lib:/usr/lib/x86_64-linux-gnu/gazebo-11/plugins:/opt/ros/humble/opt/rviz_ogre_vendor/lib:/opt/ros/humble/lib/x86_64-linux-gnu:/opt/ros/humble/lib'), ('HOME', '/home/sonvu'), ('OLDPWD', '/home/sonvu'), ('DESKTOP_SESSION', 'ubuntu'), ('ROS_PYTHON_VERSION', '3'), ('GNOME_SHELL_SESSION_MODE', 'ubuntu'), ('GTK_MODULES', 'gail:atk-bridge'), ('LC_MONETARY', 'vi_VN'), ('SYSTEMD_EXEC_PID', '1840'), ('DBUS_SESSION_BUS_ADDRESS', 'unix:path=/run/user/1000/bus'), ('COLORTERM', 'truecolor'), ('IM_CONFIG_PHASE', '1'), ('WAYLAND_DISPLAY', 'wayland-0'), ('COLCON_PREFIX_PATH', '/home/sonvu/rtablc_base/install'), ('ROS_DISTRO', 'humble'), ('LOGNAME', 'sonvu'), ('_', '/usr/bin/colcon'), ('ROS_VERSION', '2'), ('XDG_SESSION_CLASS', 'user'), ('USERNAME', 'sonvu'), ('TERM', 'xterm-256color'), ('GNOME_DESKTOP_SESSION_ID', 'this-is-deprecated'), ('ROS_LOCALHOST_ONLY', '0'), ('PATH', '/opt/ros/humble/bin:/home/sonvu/.local/bin:/usr/local/sbin:/usr/local/bin:/usr/sbin:/usr/bin:/sbin:/bin:/usr/games:/usr/local/games:/snap/bin:/snap/bin'), ('SESSION_MANAGER', 'local/sonvu-Thin-15-B13UC:@/tmp/.ICE-unix/1810,unix/sonvu-Thin-15-B13UC:/tmp/.ICE-unix/1810'), ('PAPERSIZE', 'a4'), ('XDG_MENU_PREFIX', 'gnome-'), ('LC_ADDRESS', 'vi_VN'), ('GNOME_TERMINAL_SCREEN', '/org/gnome/Terminal/screen/13a4e776_53ad_4e87_90a5_551c296629db'), ('GNOME_SETUP_DISPLAY', ':1'), ('XDG_RUNTIME_DIR', '/run/user/1000'), ('DISPLAY', ':0'), ('LANG', 'en_US.UTF-8'), ('XDG_CURRENT_DESKTOP', 'ubuntu:GNOME'), ('LC_TELEPHONE', 'vi_VN'), ('XMODIFIERS', '@im=ibus'), ('XDG_SESSION_DESKTOP', 'ubuntu'), ('XAUTHORITY', '/run/user/1000/.mutter-Xwaylandauth.JB0DV3'), ('LS_COLORS', 'rs=0:di=01;34:ln=01;36:mh=00:pi=40;33:so=01;35:do=01;35:bd=40;33;01:cd=40;33;01:or=40;31;01:mi=00:su=37;41:sg=30;43:ca=30;41:tw=30;42:ow=34;42:st=37;44:ex=01;32:*.tar=01;31:*.tgz=01;31:*.arc=01;31:*.arj=01;31:*.taz=01;31:*.lha=01;31:*.lz4=01;31:*.lzh=01;31:*.lzma=01;31:*.tlz=01;31:*.txz=01;31:*.tzo=01;31:*.t7z=01;31:*.zip=01;31:*.z=01;31:*.dz=01;31:*.gz=01;31:*.lrz=01;31:*.lz=01;31:*.lzo=01;31:*.xz=01;31:*.zst=01;31:*.tzst=01;31:*.bz2=01;31:*.bz=01;31:*.tbz=01;31:*.tbz2=01;31:*.tz=01;31:*.deb=01;31:*.rpm=01;31:*.jar=01;31:*.war=01;31:*.ear=01;31:*.sar=01;31:*.rar=01;31:*.alz=01;31:*.ace=01;31:*.zoo=01;31:*.cpio=01;31:*.7z=01;31:*.rz=01;31:*.cab=01;31:*.wim=01;31:*.swm=01;31:*.dwm=01;31:*.esd=01;31:*.jpg=01;35:*.jpeg=01;35:*.mjpg=01;35:*.mjpeg=01;35:*.gif=01;35:*.bmp=01;35:*.pbm=01;35:*.pgm=01;35:*.ppm=01;35:*.tga=01;35:*.xbm=01;35:*.xpm=01;35:*.tif=01;35:*.tiff=01;35:*.png=01;35:*.svg=01;35:*.svgz=01;35:*.mng=01;35:*.pcx=01;35:*.mov=01;35:*.mpg=01;35:*.mpeg=01;35:*.m2v=01;35:*.mkv=01;35:*.webm=01;35:*.webp=01;35:*.ogm=01;35:*.mp4=01;35:*.m4v=01;35:*.mp4v=01;35:*.vob=01;35:*.qt=01;35:*.nuv=01;35:*.wmv=01;35:*.asf=01;35:*.rm=01;35:*.rmvb=01;35:*.flc=01;35:*.avi=01;35:*.fli=01;35:*.flv=01;35:*.gl=01;35:*.dl=01;35:*.xcf=01;35:*.xwd=01;35:*.yuv=01;35:*.cgm=01;35:*.emf=01;35:*.ogv=01;35:*.ogx=01;35:*.aac=00;36:*.au=00;36:*.flac=00;36:*.m4a=00;36:*.mid=00;36:*.midi=00;36:*.mka=00;36:*.mp3=00;36:*.mpc=00;36:*.ogg=00;36:*.ra=00;36:*.wav=00;36:*.oga=00;36:*.opus=00;36:*.spx=00;36:*.xspf=00;36:'), ('GNOME_TERMINAL_SERVICE', ':1.111'), ('SSH_AGENT_LAUNCHER', 'gnome-keyring'), ('SSH_AUTH_SOCK', '/run/user/1000/keyring/ssh'), ('AMENT_PREFIX_PATH', '/home/sonvu/ur_ws/install/ur_controllers:/home/sonvu/ur_ws/install/ur_moveit_config:/home/sonvu/ur_ws/install/ur_dashboard_msgs:/home/sonvu/rtablc_base/install/rtablc_experiment:/opt/ros/humble'), ('SHELL', '/bin/bash'), ('LC_NAME', 'vi_VN'), ('QT_ACCESSIBILITY', '1'), ('GDMSESSION', 'ubuntu'), ('LESSCLOSE', '/usr/bin/lesspipe %s %s'), ('LC_MEASUREMENT', 'vi_VN'), ('LC_IDENTIFICATION', 'vi_VN'), ('QT_IM_MODULE', 'ibus'), ('PWD', '/home/sonvu/ur_ws/build/ur_simulation_gz'), ('LC_ALL', 'en_US.UTF-8'), ('XDG_CONFIG_DIRS', '/etc/xdg/xdg-ubuntu:/etc/xdg'), ('XDG_DATA_DIRS', '/usr/share/ubuntu:/usr/local/share/:/usr/share/:/var/lib/snapd/desktop'), ('PYTHONPATH', '/home/sonvu/ur_ws/install/ur_moveit_config/local/lib/python3.10/dist-packages:/home/sonvu/ur_ws/install/ur_dashboard_msgs/local/lib/python3.10/dist-packages:/home/sonvu/rtablc_base/build/rtablc_experiment:/home/sonvu/rtablc_base/install/rtablc_experiment/lib/python3.10/site-packages:/opt/ros/humble/lib/python3.10/site-packages:/opt/ros/humble/local/lib/python3.10/dist-packages'), ('LC_NUMERIC', 'vi_VN'), ('LC_PAPER', 'vi_VN'), ('COLCON', '1'), ('VTE_VERSION', '6800'), ('CMAKE_PREFIX_PATH', '/home/sonvu/ur_ws/install/ur_controllers:/home/sonvu/ur_ws/install/ur_moveit_config:/home/sonvu/ur_ws/install/ur_dashboard_msgs:/home/sonvu/rtablc_base/install/rtablc_experiment:/opt/ros/humble')]), 'shell': False}
[35.867777] (ur_bringup) StdoutLine: {'line': b'-- The C compiler identification is GNU 11.4.0\n'}
[35.872407] (ur_simulation_gz) StdoutLine: {'line': b'-- The C compiler identification is GNU 11.4.0\n'}
[35.875665] (ur_robot_driver) StdoutLine: {'line': b'-- The C compiler identification is GNU 11.4.0\n'}
[35.897015] (-) TimerEvent: {}
[35.910451] (ur_bringup) StdoutLine: {'line': b'-- The CXX compiler identification is GNU 11.4.0\n'}
[35.914471] (ur_robot_driver) StdoutLine: {'line': b'-- The CXX compiler identification is GNU 11.4.0\n'}
[35.915318] (ur_simulation_gz) StdoutLine: {'line': b'-- The CXX compiler identification is GNU 11.4.0\n'}
[35.917169] (ur_bringup) StdoutLine: {'line': b'-- Detecting C compiler ABI info\n'}
[35.919538] (ur_robot_driver) StdoutLine: {'line': b'-- Detecting C compiler ABI info\n'}
[35.920658] (ur_simulation_gz) StdoutLine: {'line': b'-- Detecting C compiler ABI info\n'}
[35.964523] (ur_simulation_gz) StdoutLine: {'line': b'-- Detecting C compiler ABI info - done\n'}
[35.969663] (ur_simulation_gz) StdoutLine: {'line': b'-- Check for working C compiler: /usr/bin/cc - skipped\n'}
[35.969863] (ur_simulation_gz) StdoutLine: {'line': b'-- Detecting C compile features\n'}
[35.970142] (ur_simulation_gz) StdoutLine: {'line': b'-- Detecting C compile features - done\n'}
[35.972344] (ur_simulation_gz) StdoutLine: {'line': b'-- Detecting CXX compiler ABI info\n'}
[35.972850] (ur_bringup) StdoutLine: {'line': b'-- Detecting C compiler ABI info - done\n'}
[35.973682] (ur_robot_driver) StdoutLine: {'line': b'-- Detecting C compiler ABI info - done\n'}
[35.978654] (ur_bringup) StdoutLine: {'line': b'-- Check for working C compiler: /usr/bin/cc - skipped\n'}
[35.978880] (ur_bringup) StdoutLine: {'line': b'-- Detecting C compile features\n'}
[35.979263] (ur_bringup) StdoutLine: {'line': b'-- Detecting C compile features - done\n'}
[35.979823] (ur_robot_driver) StdoutLine: {'line': b'-- Check for working C compiler: /usr/bin/cc - skipped\n'}
[35.980042] (ur_robot_driver) StdoutLine: {'line': b'-- Detecting C compile features\n'}
[35.980452] (ur_robot_driver) StdoutLine: {'line': b'-- Detecting C compile features - done\n'}
[35.982245] (ur_bringup) StdoutLine: {'line': b'-- Detecting CXX compiler ABI info\n'}
[35.983523] (ur_robot_driver) StdoutLine: {'line': b'-- Detecting CXX compiler ABI info\n'}
[35.997116] (-) TimerEvent: {}
[36.033176] (ur_simulation_gz) StdoutLine: {'line': b'-- Detecting CXX compiler ABI info - done\n'}
[36.036976] (ur_bringup) StdoutLine: {'line': b'-- Detecting CXX compiler ABI info - done\n'}
[36.039507] (ur_simulation_gz) StdoutLine: {'line': b'-- Check for working CXX compiler: /usr/bin/c++ - skipped\n'}
[36.039707] (ur_simulation_gz) StdoutLine: {'line': b'-- Detecting CXX compile features\n'}
[36.040131] (ur_simulation_gz) StdoutLine: {'line': b'-- Detecting CXX compile features - done\n'}
[36.042407] (ur_simulation_gz) StdoutLine: {'line': b'-- Found ament_cmake: 1.3.14 (/opt/ros/humble/share/ament_cmake/cmake)\n'}
[36.042669] (ur_bringup) StdoutLine: {'line': b'-- Check for working CXX compiler: /usr/bin/c++ - skipped\n'}
[36.042812] (ur_bringup) StdoutLine: {'line': b'-- Detecting CXX compile features\n'}
[36.043197] (ur_bringup) StdoutLine: {'line': b'-- Detecting CXX compile features - done\n'}
[36.045034] (ur_robot_driver) StdoutLine: {'line': b'-- Detecting CXX compiler ABI info - done\n'}
[36.045189] (ur_bringup) StdoutLine: {'line': b'-- Found ament_cmake: 1.3.14 (/opt/ros/humble/share/ament_cmake/cmake)\n'}
[36.050480] (ur_robot_driver) StdoutLine: {'line': b'-- Check for working CXX compiler: /usr/bin/c++ - skipped\n'}
[36.050627] (ur_robot_driver) StdoutLine: {'line': b'-- Detecting CXX compile features\n'}
[36.051002] (ur_robot_driver) StdoutLine: {'line': b'-- Detecting CXX compile features - done\n'}
[36.051543] (ur_robot_driver) StderrLine: {'line': b"\x1b[0mur_robot_driver: You did not request a specific build type: selecting 'RelWithDebInfo'.\x1b[0m\n"}
[36.053050] (ur_robot_driver) StdoutLine: {'line': b'-- Found ament_cmake: 1.3.14 (/opt/ros/humble/share/ament_cmake/cmake)\n'}
[36.097303] (-) TimerEvent: {}
[36.152277] (ur_bringup) StdoutLine: {'line': b'-- Found Python3: /usr/bin/python3 (found version "3.10.12") found components: Interpreter \n'}
[36.155401] (ur_simulation_gz) StdoutLine: {'line': b'-- Found Python3: /usr/bin/python3 (found version "3.10.12") found components: Interpreter \n'}
[36.167888] (ur_robot_driver) StdoutLine: {'line': b'-- Found Python3: /usr/bin/python3 (found version "3.10.12") found components: Interpreter \n'}
[36.196031] (ur_bringup) StdoutLine: {'line': b'-- Override CMake install command with custom implementation using symlinks instead of copying resources\n'}
[36.197408] (-) TimerEvent: {}
[36.200108] (ur_simulation_gz) StdoutLine: {'line': b'-- Override CMake install command with custom implementation using symlinks instead of copying resources\n'}
[36.211354] (ur_robot_driver) StdoutLine: {'line': b'-- Override CMake install command with custom implementation using symlinks instead of copying resources\n'}
[36.231314] (ur_simulation_gz) StdoutLine: {'line': b'-- Found launch_testing_ament_cmake: 1.0.14 (/opt/ros/humble/share/launch_testing_ament_cmake/cmake)\n'}
[36.233052] (ur_simulation_gz) StdoutLine: {'line': b'-- Found python_cmake_module: 0.10.0 (/opt/ros/humble/share/python_cmake_module/cmake)\n'}
[36.237686] (ur_robot_driver) StdoutLine: {'line': b'-- Found controller_manager: 2.54.0 (/opt/ros/humble/share/controller_manager/cmake)\n'}
[36.250447] (ur_simulation_gz) StdoutLine: {'line': b'-- Found PythonInterp: /usr/bin/python3 (found suitable version "3.10.12", minimum required is "3.6") \n'}
[36.259363] (ur_simulation_gz) StdoutLine: {'line': b'-- Found PythonLibs: /usr/lib/x86_64-linux-gnu/libpython3.10.so (found suitable version "3.10.12", minimum required is "3.5") \n'}
[36.259458] (ur_simulation_gz) StdoutLine: {'line': b'-- Using PYTHON_EXECUTABLE: /usr/bin/python3\n'}
[36.259495] (ur_simulation_gz) StdoutLine: {'line': b'-- Using PYTHON_INCLUDE_DIRS: /usr/include/python3.10\n'}
[36.259525] (ur_simulation_gz) StdoutLine: {'line': b'-- Using PYTHON_LIBRARIES: /usr/lib/x86_64-linux-gnu/libpython3.10.so\n'}
[36.267742] (ur_bringup) StdoutLine: {'line': b'-- Configuring done\n'}
[36.268954] (ur_bringup) StdoutLine: {'line': b'-- Generating done\n'}
[36.269702] (ur_bringup) StdoutLine: {'line': b'-- Build files have been written to: /home/sonvu/ur_ws/build/ur_bringup\n'}
[36.272625] (ur_bringup) CommandEnded: {'returncode': 0}
[36.272983] (ur_bringup) JobProgress: {'identifier': 'ur_bringup', 'progress': 'build'}
[36.273205] (ur_bringup) Command: {'cmd': ['/usr/bin/cmake', '--build', '/home/sonvu/ur_ws/build/ur_bringup', '--', '-j16', '-l16'], 'cwd': '/home/sonvu/ur_ws/build/ur_bringup', 'env': OrderedDict([('LESSOPEN', '| /usr/bin/lesspipe %s'), ('LANGUAGE', 'en_US:en'), ('USER', 'sonvu'), ('LC_TIME', 'vi_VN'), ('XDG_SESSION_TYPE', 'wayland'), ('SHLVL', '1'), ('LD_LIBRARY_PATH', '/home/sonvu/ur_ws/install/ur_controllers/lib:/home/sonvu/ur_ws/install/ur_dashboard_msgs/lib:/usr/lib/x86_64-linux-gnu/gazebo-11/plugins:/opt/ros/humble/opt/rviz_ogre_vendor/lib:/opt/ros/humble/lib/x86_64-linux-gnu:/opt/ros/humble/lib'), ('HOME', '/home/sonvu'), ('OLDPWD', '/home/sonvu'), ('DESKTOP_SESSION', 'ubuntu'), ('ROS_PYTHON_VERSION', '3'), ('GNOME_SHELL_SESSION_MODE', 'ubuntu'), ('GTK_MODULES', 'gail:atk-bridge'), ('LC_MONETARY', 'vi_VN'), ('SYSTEMD_EXEC_PID', '1840'), ('DBUS_SESSION_BUS_ADDRESS', 'unix:path=/run/user/1000/bus'), ('COLORTERM', 'truecolor'), ('IM_CONFIG_PHASE', '1'), ('WAYLAND_DISPLAY', 'wayland-0'), ('COLCON_PREFIX_PATH', '/home/sonvu/rtablc_base/install'), ('ROS_DISTRO', 'humble'), ('LOGNAME', 'sonvu'), ('_', '/usr/bin/colcon'), ('ROS_VERSION', '2'), ('XDG_SESSION_CLASS', 'user'), ('USERNAME', 'sonvu'), ('TERM', 'xterm-256color'), ('GNOME_DESKTOP_SESSION_ID', 'this-is-deprecated'), ('ROS_LOCALHOST_ONLY', '0'), ('PATH', '/opt/ros/humble/bin:/home/sonvu/.local/bin:/usr/local/sbin:/usr/local/bin:/usr/sbin:/usr/bin:/sbin:/bin:/usr/games:/usr/local/games:/snap/bin:/snap/bin'), ('SESSION_MANAGER', 'local/sonvu-Thin-15-B13UC:@/tmp/.ICE-unix/1810,unix/sonvu-Thin-15-B13UC:/tmp/.ICE-unix/1810'), ('PAPERSIZE', 'a4'), ('XDG_MENU_PREFIX', 'gnome-'), ('LC_ADDRESS', 'vi_VN'), ('GNOME_TERMINAL_SCREEN', '/org/gnome/Terminal/screen/13a4e776_53ad_4e87_90a5_551c296629db'), ('GNOME_SETUP_DISPLAY', ':1'), ('XDG_RUNTIME_DIR', '/run/user/1000'), ('DISPLAY', ':0'), ('LANG', 'en_US.UTF-8'), ('XDG_CURRENT_DESKTOP', 'ubuntu:GNOME'), ('LC_TELEPHONE', 'vi_VN'), ('XMODIFIERS', '@im=ibus'), ('XDG_SESSION_DESKTOP', 'ubuntu'), ('XAUTHORITY', '/run/user/1000/.mutter-Xwaylandauth.JB0DV3'), ('LS_COLORS', 'rs=0:di=01;34:ln=01;36:mh=00:pi=40;33:so=01;35:do=01;35:bd=40;33;01:cd=40;33;01:or=40;31;01:mi=00:su=37;41:sg=30;43:ca=30;41:tw=30;42:ow=34;42:st=37;44:ex=01;32:*.tar=01;31:*.tgz=01;31:*.arc=01;31:*.arj=01;31:*.taz=01;31:*.lha=01;31:*.lz4=01;31:*.lzh=01;31:*.lzma=01;31:*.tlz=01;31:*.txz=01;31:*.tzo=01;31:*.t7z=01;31:*.zip=01;31:*.z=01;31:*.dz=01;31:*.gz=01;31:*.lrz=01;31:*.lz=01;31:*.lzo=01;31:*.xz=01;31:*.zst=01;31:*.tzst=01;31:*.bz2=01;31:*.bz=01;31:*.tbz=01;31:*.tbz2=01;31:*.tz=01;31:*.deb=01;31:*.rpm=01;31:*.jar=01;31:*.war=01;31:*.ear=01;31:*.sar=01;31:*.rar=01;31:*.alz=01;31:*.ace=01;31:*.zoo=01;31:*.cpio=01;31:*.7z=01;31:*.rz=01;31:*.cab=01;31:*.wim=01;31:*.swm=01;31:*.dwm=01;31:*.esd=01;31:*.jpg=01;35:*.jpeg=01;35:*.mjpg=01;35:*.mjpeg=01;35:*.gif=01;35:*.bmp=01;35:*.pbm=01;35:*.pgm=01;35:*.ppm=01;35:*.tga=01;35:*.xbm=01;35:*.xpm=01;35:*.tif=01;35:*.tiff=01;35:*.png=01;35:*.svg=01;35:*.svgz=01;35:*.mng=01;35:*.pcx=01;35:*.mov=01;35:*.mpg=01;35:*.mpeg=01;35:*.m2v=01;35:*.mkv=01;35:*.webm=01;35:*.webp=01;35:*.ogm=01;35:*.mp4=01;35:*.m4v=01;35:*.mp4v=01;35:*.vob=01;35:*.qt=01;35:*.nuv=01;35:*.wmv=01;35:*.asf=01;35:*.rm=01;35:*.rmvb=01;35:*.flc=01;35:*.avi=01;35:*.fli=01;35:*.flv=01;35:*.gl=01;35:*.dl=01;35:*.xcf=01;35:*.xwd=01;35:*.yuv=01;35:*.cgm=01;35:*.emf=01;35:*.ogv=01;35:*.ogx=01;35:*.aac=00;36:*.au=00;36:*.flac=00;36:*.m4a=00;36:*.mid=00;36:*.midi=00;36:*.mka=00;36:*.mp3=00;36:*.mpc=00;36:*.ogg=00;36:*.ra=00;36:*.wav=00;36:*.oga=00;36:*.opus=00;36:*.spx=00;36:*.xspf=00;36:'), ('GNOME_TERMINAL_SERVICE', ':1.111'), ('SSH_AGENT_LAUNCHER', 'gnome-keyring'), ('SSH_AUTH_SOCK', '/run/user/1000/keyring/ssh'), ('AMENT_PREFIX_PATH', '/home/sonvu/ur_ws/install/ur_controllers:/home/sonvu/ur_ws/install/ur_dashboard_msgs:/home/sonvu/rtablc_base/install/rtablc_experiment:/opt/ros/humble'), ('SHELL', '/bin/bash'), ('LC_NAME', 'vi_VN'), ('QT_ACCESSIBILITY', '1'), ('GDMSESSION', 'ubuntu'), ('LESSCLOSE', '/usr/bin/lesspipe %s %s'), ('LC_MEASUREMENT', 'vi_VN'), ('LC_IDENTIFICATION', 'vi_VN'), ('QT_IM_MODULE', 'ibus'), ('PWD', '/home/sonvu/ur_ws/build/ur_bringup'), ('LC_ALL', 'en_US.UTF-8'), ('XDG_CONFIG_DIRS', '/etc/xdg/xdg-ubuntu:/etc/xdg'), ('XDG_DATA_DIRS', '/usr/share/ubuntu:/usr/local/share/:/usr/share/:/var/lib/snapd/desktop'), ('PYTHONPATH', '/home/sonvu/ur_ws/install/ur_dashboard_msgs/local/lib/python3.10/dist-packages:/home/sonvu/rtablc_base/build/rtablc_experiment:/home/sonvu/rtablc_base/install/rtablc_experiment/lib/python3.10/site-packages:/opt/ros/humble/lib/python3.10/site-packages:/opt/ros/humble/local/lib/python3.10/dist-packages'), ('LC_NUMERIC', 'vi_VN'), ('LC_PAPER', 'vi_VN'), ('COLCON', '1'), ('VTE_VERSION', '6800'), ('CMAKE_PREFIX_PATH', '/home/sonvu/ur_ws/install/ur_controllers:/home/sonvu/ur_ws/install/ur_dashboard_msgs:/home/sonvu/rtablc_base/install/rtablc_experiment:/opt/ros/humble')]), 'shell': False}
[36.274508] (ur_robot_driver) StdoutLine: {'line': b'-- Found rosidl_generator_c: 3.1.8 (/opt/ros/humble/share/rosidl_generator_c/cmake)\n'}
[36.274680] (ur_simulation_gz) StdoutLine: {'line': b'-- Found PythonExtra: .so  \n'}
[36.276891] (ur_simulation_gz) StdoutLine: {'line': b'-- Found ament_cmake_pytest: 1.3.14 (/opt/ros/humble/share/ament_cmake_pytest/cmake)\n'}
[36.278598] (ur_robot_driver) StdoutLine: {'line': b'-- Found rosidl_adapter: 3.1.8 (/opt/ros/humble/share/rosidl_adapter/cmake)\n'}
[36.285149] (ur_robot_driver) StdoutLine: {'line': b'-- Found rosidl_generator_cpp: 3.1.8 (/opt/ros/humble/share/rosidl_generator_cpp/cmake)\n'}
[36.293839] (ur_robot_driver) StdoutLine: {'line': b'-- Using all available rosidl_typesupport_c: rosidl_typesupport_fastrtps_c;rosidl_typesupport_introspection_c\n'}
[36.297491] (-) TimerEvent: {}
[36.305009] (ur_bringup) CommandEnded: {'returncode': 0}
[36.306436] (ur_bringup) JobProgress: {'identifier': 'ur_bringup', 'progress': 'install'}
[36.306630] (ur_bringup) Command: {'cmd': ['/usr/bin/cmake', '--install', '/home/sonvu/ur_ws/build/ur_bringup'], 'cwd': '/home/sonvu/ur_ws/build/ur_bringup', 'env': OrderedDict([('LESSOPEN', '| /usr/bin/lesspipe %s'), ('LANGUAGE', 'en_US:en'), ('USER', 'sonvu'), ('LC_TIME', 'vi_VN'), ('XDG_SESSION_TYPE', 'wayland'), ('SHLVL', '1'), ('LD_LIBRARY_PATH', '/home/sonvu/ur_ws/install/ur_controllers/lib:/home/sonvu/ur_ws/install/ur_dashboard_msgs/lib:/usr/lib/x86_64-linux-gnu/gazebo-11/plugins:/opt/ros/humble/opt/rviz_ogre_vendor/lib:/opt/ros/humble/lib/x86_64-linux-gnu:/opt/ros/humble/lib'), ('HOME', '/home/sonvu'), ('OLDPWD', '/home/sonvu'), ('DESKTOP_SESSION', 'ubuntu'), ('ROS_PYTHON_VERSION', '3'), ('GNOME_SHELL_SESSION_MODE', 'ubuntu'), ('GTK_MODULES', 'gail:atk-bridge'), ('LC_MONETARY', 'vi_VN'), ('SYSTEMD_EXEC_PID', '1840'), ('DBUS_SESSION_BUS_ADDRESS', 'unix:path=/run/user/1000/bus'), ('COLORTERM', 'truecolor'), ('IM_CONFIG_PHASE', '1'), ('WAYLAND_DISPLAY', 'wayland-0'), ('COLCON_PREFIX_PATH', '/home/sonvu/rtablc_base/install'), ('ROS_DISTRO', 'humble'), ('LOGNAME', 'sonvu'), ('_', '/usr/bin/colcon'), ('ROS_VERSION', '2'), ('XDG_SESSION_CLASS', 'user'), ('USERNAME', 'sonvu'), ('TERM', 'xterm-256color'), ('GNOME_DESKTOP_SESSION_ID', 'this-is-deprecated'), ('ROS_LOCALHOST_ONLY', '0'), ('PATH', '/opt/ros/humble/bin:/home/sonvu/.local/bin:/usr/local/sbin:/usr/local/bin:/usr/sbin:/usr/bin:/sbin:/bin:/usr/games:/usr/local/games:/snap/bin:/snap/bin'), ('SESSION_MANAGER', 'local/sonvu-Thin-15-B13UC:@/tmp/.ICE-unix/1810,unix/sonvu-Thin-15-B13UC:/tmp/.ICE-unix/1810'), ('PAPERSIZE', 'a4'), ('XDG_MENU_PREFIX', 'gnome-'), ('LC_ADDRESS', 'vi_VN'), ('GNOME_TERMINAL_SCREEN', '/org/gnome/Terminal/screen/13a4e776_53ad_4e87_90a5_551c296629db'), ('GNOME_SETUP_DISPLAY', ':1'), ('XDG_RUNTIME_DIR', '/run/user/1000'), ('DISPLAY', ':0'), ('LANG', 'en_US.UTF-8'), ('XDG_CURRENT_DESKTOP', 'ubuntu:GNOME'), ('LC_TELEPHONE', 'vi_VN'), ('XMODIFIERS', '@im=ibus'), ('XDG_SESSION_DESKTOP', 'ubuntu'), ('XAUTHORITY', '/run/user/1000/.mutter-Xwaylandauth.JB0DV3'), ('LS_COLORS', 'rs=0:di=01;34:ln=01;36:mh=00:pi=40;33:so=01;35:do=01;35:bd=40;33;01:cd=40;33;01:or=40;31;01:mi=00:su=37;41:sg=30;43:ca=30;41:tw=30;42:ow=34;42:st=37;44:ex=01;32:*.tar=01;31:*.tgz=01;31:*.arc=01;31:*.arj=01;31:*.taz=01;31:*.lha=01;31:*.lz4=01;31:*.lzh=01;31:*.lzma=01;31:*.tlz=01;31:*.txz=01;31:*.tzo=01;31:*.t7z=01;31:*.zip=01;31:*.z=01;31:*.dz=01;31:*.gz=01;31:*.lrz=01;31:*.lz=01;31:*.lzo=01;31:*.xz=01;31:*.zst=01;31:*.tzst=01;31:*.bz2=01;31:*.bz=01;31:*.tbz=01;31:*.tbz2=01;31:*.tz=01;31:*.deb=01;31:*.rpm=01;31:*.jar=01;31:*.war=01;31:*.ear=01;31:*.sar=01;31:*.rar=01;31:*.alz=01;31:*.ace=01;31:*.zoo=01;31:*.cpio=01;31:*.7z=01;31:*.rz=01;31:*.cab=01;31:*.wim=01;31:*.swm=01;31:*.dwm=01;31:*.esd=01;31:*.jpg=01;35:*.jpeg=01;35:*.mjpg=01;35:*.mjpeg=01;35:*.gif=01;35:*.bmp=01;35:*.pbm=01;35:*.pgm=01;35:*.ppm=01;35:*.tga=01;35:*.xbm=01;35:*.xpm=01;35:*.tif=01;35:*.tiff=01;35:*.png=01;35:*.svg=01;35:*.svgz=01;35:*.mng=01;35:*.pcx=01;35:*.mov=01;35:*.mpg=01;35:*.mpeg=01;35:*.m2v=01;35:*.mkv=01;35:*.webm=01;35:*.webp=01;35:*.ogm=01;35:*.mp4=01;35:*.m4v=01;35:*.mp4v=01;35:*.vob=01;35:*.qt=01;35:*.nuv=01;35:*.wmv=01;35:*.asf=01;35:*.rm=01;35:*.rmvb=01;35:*.flc=01;35:*.avi=01;35:*.fli=01;35:*.flv=01;35:*.gl=01;35:*.dl=01;35:*.xcf=01;35:*.xwd=01;35:*.yuv=01;35:*.cgm=01;35:*.emf=01;35:*.ogv=01;35:*.ogx=01;35:*.aac=00;36:*.au=00;36:*.flac=00;36:*.m4a=00;36:*.mid=00;36:*.midi=00;36:*.mka=00;36:*.mp3=00;36:*.mpc=00;36:*.ogg=00;36:*.ra=00;36:*.wav=00;36:*.oga=00;36:*.opus=00;36:*.spx=00;36:*.xspf=00;36:'), ('GNOME_TERMINAL_SERVICE', ':1.111'), ('SSH_AGENT_LAUNCHER', 'gnome-keyring'), ('SSH_AUTH_SOCK', '/run/user/1000/keyring/ssh'), ('AMENT_PREFIX_PATH', '/home/sonvu/ur_ws/install/ur_controllers:/home/sonvu/ur_ws/install/ur_dashboard_msgs:/home/sonvu/rtablc_base/install/rtablc_experiment:/opt/ros/humble'), ('SHELL', '/bin/bash'), ('LC_NAME', 'vi_VN'), ('QT_ACCESSIBILITY', '1'), ('GDMSESSION', 'ubuntu'), ('LESSCLOSE', '/usr/bin/lesspipe %s %s'), ('LC_MEASUREMENT', 'vi_VN'), ('LC_IDENTIFICATION', 'vi_VN'), ('QT_IM_MODULE', 'ibus'), ('PWD', '/home/sonvu/ur_ws/build/ur_bringup'), ('LC_ALL', 'en_US.UTF-8'), ('XDG_CONFIG_DIRS', '/etc/xdg/xdg-ubuntu:/etc/xdg'), ('XDG_DATA_DIRS', '/usr/share/ubuntu:/usr/local/share/:/usr/share/:/var/lib/snapd/desktop'), ('PYTHONPATH', '/home/sonvu/ur_ws/install/ur_dashboard_msgs/local/lib/python3.10/dist-packages:/home/sonvu/rtablc_base/build/rtablc_experiment:/home/sonvu/rtablc_base/install/rtablc_experiment/lib/python3.10/site-packages:/opt/ros/humble/lib/python3.10/site-packages:/opt/ros/humble/local/lib/python3.10/dist-packages'), ('LC_NUMERIC', 'vi_VN'), ('LC_PAPER', 'vi_VN'), ('COLCON', '1'), ('VTE_VERSION', '6800'), ('CMAKE_PREFIX_PATH', '/home/sonvu/ur_ws/install/ur_controllers:/home/sonvu/ur_ws/install/ur_dashboard_msgs:/home/sonvu/rtablc_base/install/rtablc_experiment:/opt/ros/humble')]), 'shell': False}
[36.307301] (ur_robot_driver) StdoutLine: {'line': b'-- Using all available rosidl_typesupport_cpp: rosidl_typesupport_fastrtps_cpp;rosidl_typesupport_introspection_cpp\n'}
[36.312382] (ur_bringup) StdoutLine: {'line': b'-- Install configuration: ""\n'}
[36.312643] (ur_bringup) StdoutLine: {'line': b'-- Execute custom install script\n'}
[36.313538] (ur_bringup) StdoutLine: {'line': b'-- Symlinking: /home/sonvu/ur_ws/install/ur_bringup/share/ur_bringup/config/test_goal_publishers_config.yaml\n'}
[36.319371] (ur_bringup) StdoutLine: {'line': b'-- Symlinking: /home/sonvu/ur_ws/install/ur_bringup/share/ur_bringup/config/test_velocity_goal_publishers_config.yaml\n'}
[36.321353] (ur_simulation_gz) StdoutLine: {'line': b'-- Configuring done\n'}
[36.322795] (ur_simulation_gz) StdoutLine: {'line': b'-- Generating done\n'}
[36.323681] (ur_simulation_gz) StdoutLine: {'line': b'-- Build files have been written to: /home/sonvu/ur_ws/build/ur_simulation_gz\n'}
[36.328056] (ur_simulation_gz) CommandEnded: {'returncode': 0}
[36.328450] (ur_simulation_gz) JobProgress: {'identifier': 'ur_simulation_gz', 'progress': 'build'}
[36.328684] (ur_simulation_gz) Command: {'cmd': ['/usr/bin/cmake', '--build', '/home/sonvu/ur_ws/build/ur_simulation_gz', '--', '-j16', '-l16'], 'cwd': '/home/sonvu/ur_ws/build/ur_simulation_gz', 'env': OrderedDict([('LESSOPEN', '| /usr/bin/lesspipe %s'), ('LANGUAGE', 'en_US:en'), ('USER', 'sonvu'), ('LC_TIME', 'vi_VN'), ('XDG_SESSION_TYPE', 'wayland'), ('SHLVL', '1'), ('LD_LIBRARY_PATH', '/home/sonvu/ur_ws/install/ur_controllers/lib:/home/sonvu/ur_ws/install/ur_dashboard_msgs/lib:/usr/lib/x86_64-linux-gnu/gazebo-11/plugins:/opt/ros/humble/opt/rviz_ogre_vendor/lib:/opt/ros/humble/lib/x86_64-linux-gnu:/opt/ros/humble/lib'), ('HOME', '/home/sonvu'), ('OLDPWD', '/home/sonvu'), ('DESKTOP_SESSION', 'ubuntu'), ('ROS_PYTHON_VERSION', '3'), ('GNOME_SHELL_SESSION_MODE', 'ubuntu'), ('GTK_MODULES', 'gail:atk-bridge'), ('LC_MONETARY', 'vi_VN'), ('SYSTEMD_EXEC_PID', '1840'), ('DBUS_SESSION_BUS_ADDRESS', 'unix:path=/run/user/1000/bus'), ('COLORTERM', 'truecolor'), ('IM_CONFIG_PHASE', '1'), ('WAYLAND_DISPLAY', 'wayland-0'), ('COLCON_PREFIX_PATH', '/home/sonvu/rtablc_base/install'), ('ROS_DISTRO', 'humble'), ('LOGNAME', 'sonvu'), ('_', '/usr/bin/colcon'), ('ROS_VERSION', '2'), ('XDG_SESSION_CLASS', 'user'), ('USERNAME', 'sonvu'), ('TERM', 'xterm-256color'), ('GNOME_DESKTOP_SESSION_ID', 'this-is-deprecated'), ('ROS_LOCALHOST_ONLY', '0'), ('PATH', '/opt/ros/humble/bin:/home/sonvu/.local/bin:/usr/local/sbin:/usr/local/bin:/usr/sbin:/usr/bin:/sbin:/bin:/usr/games:/usr/local/games:/snap/bin:/snap/bin'), ('SESSION_MANAGER', 'local/sonvu-Thin-15-B13UC:@/tmp/.ICE-unix/1810,unix/sonvu-Thin-15-B13UC:/tmp/.ICE-unix/1810'), ('PAPERSIZE', 'a4'), ('XDG_MENU_PREFIX', 'gnome-'), ('LC_ADDRESS', 'vi_VN'), ('GNOME_TERMINAL_SCREEN', '/org/gnome/Terminal/screen/13a4e776_53ad_4e87_90a5_551c296629db'), ('GNOME_SETUP_DISPLAY', ':1'), ('XDG_RUNTIME_DIR', '/run/user/1000'), ('DISPLAY', ':0'), ('LANG', 'en_US.UTF-8'), ('XDG_CURRENT_DESKTOP', 'ubuntu:GNOME'), ('LC_TELEPHONE', 'vi_VN'), ('XMODIFIERS', '@im=ibus'), ('XDG_SESSION_DESKTOP', 'ubuntu'), ('XAUTHORITY', '/run/user/1000/.mutter-Xwaylandauth.JB0DV3'), ('LS_COLORS', 'rs=0:di=01;34:ln=01;36:mh=00:pi=40;33:so=01;35:do=01;35:bd=40;33;01:cd=40;33;01:or=40;31;01:mi=00:su=37;41:sg=30;43:ca=30;41:tw=30;42:ow=34;42:st=37;44:ex=01;32:*.tar=01;31:*.tgz=01;31:*.arc=01;31:*.arj=01;31:*.taz=01;31:*.lha=01;31:*.lz4=01;31:*.lzh=01;31:*.lzma=01;31:*.tlz=01;31:*.txz=01;31:*.tzo=01;31:*.t7z=01;31:*.zip=01;31:*.z=01;31:*.dz=01;31:*.gz=01;31:*.lrz=01;31:*.lz=01;31:*.lzo=01;31:*.xz=01;31:*.zst=01;31:*.tzst=01;31:*.bz2=01;31:*.bz=01;31:*.tbz=01;31:*.tbz2=01;31:*.tz=01;31:*.deb=01;31:*.rpm=01;31:*.jar=01;31:*.war=01;31:*.ear=01;31:*.sar=01;31:*.rar=01;31:*.alz=01;31:*.ace=01;31:*.zoo=01;31:*.cpio=01;31:*.7z=01;31:*.rz=01;31:*.cab=01;31:*.wim=01;31:*.swm=01;31:*.dwm=01;31:*.esd=01;31:*.jpg=01;35:*.jpeg=01;35:*.mjpg=01;35:*.mjpeg=01;35:*.gif=01;35:*.bmp=01;35:*.pbm=01;35:*.pgm=01;35:*.ppm=01;35:*.tga=01;35:*.xbm=01;35:*.xpm=01;35:*.tif=01;35:*.tiff=01;35:*.png=01;35:*.svg=01;35:*.svgz=01;35:*.mng=01;35:*.pcx=01;35:*.mov=01;35:*.mpg=01;35:*.mpeg=01;35:*.m2v=01;35:*.mkv=01;35:*.webm=01;35:*.webp=01;35:*.ogm=01;35:*.mp4=01;35:*.m4v=01;35:*.mp4v=01;35:*.vob=01;35:*.qt=01;35:*.nuv=01;35:*.wmv=01;35:*.asf=01;35:*.rm=01;35:*.rmvb=01;35:*.flc=01;35:*.avi=01;35:*.fli=01;35:*.flv=01;35:*.gl=01;35:*.dl=01;35:*.xcf=01;35:*.xwd=01;35:*.yuv=01;35:*.cgm=01;35:*.emf=01;35:*.ogv=01;35:*.ogx=01;35:*.aac=00;36:*.au=00;36:*.flac=00;36:*.m4a=00;36:*.mid=00;36:*.midi=00;36:*.mka=00;36:*.mp3=00;36:*.mpc=00;36:*.ogg=00;36:*.ra=00;36:*.wav=00;36:*.oga=00;36:*.opus=00;36:*.spx=00;36:*.xspf=00;36:'), ('GNOME_TERMINAL_SERVICE', ':1.111'), ('SSH_AGENT_LAUNCHER', 'gnome-keyring'), ('SSH_AUTH_SOCK', '/run/user/1000/keyring/ssh'), ('AMENT_PREFIX_PATH', '/home/sonvu/ur_ws/install/ur_controllers:/home/sonvu/ur_ws/install/ur_moveit_config:/home/sonvu/ur_ws/install/ur_dashboard_msgs:/home/sonvu/rtablc_base/install/rtablc_experiment:/opt/ros/humble'), ('SHELL', '/bin/bash'), ('LC_NAME', 'vi_VN'), ('QT_ACCESSIBILITY', '1'), ('GDMSESSION', 'ubuntu'), ('LESSCLOSE', '/usr/bin/lesspipe %s %s'), ('LC_MEASUREMENT', 'vi_VN'), ('LC_IDENTIFICATION', 'vi_VN'), ('QT_IM_MODULE', 'ibus'), ('PWD', '/home/sonvu/ur_ws/build/ur_simulation_gz'), ('LC_ALL', 'en_US.UTF-8'), ('XDG_CONFIG_DIRS', '/etc/xdg/xdg-ubuntu:/etc/xdg'), ('XDG_DATA_DIRS', '/usr/share/ubuntu:/usr/local/share/:/usr/share/:/var/lib/snapd/desktop'), ('PYTHONPATH', '/home/sonvu/ur_ws/install/ur_moveit_config/local/lib/python3.10/dist-packages:/home/sonvu/ur_ws/install/ur_dashboard_msgs/local/lib/python3.10/dist-packages:/home/sonvu/rtablc_base/build/rtablc_experiment:/home/sonvu/rtablc_base/install/rtablc_experiment/lib/python3.10/site-packages:/opt/ros/humble/lib/python3.10/site-packages:/opt/ros/humble/local/lib/python3.10/dist-packages'), ('LC_NUMERIC', 'vi_VN'), ('LC_PAPER', 'vi_VN'), ('COLCON', '1'), ('VTE_VERSION', '6800'), ('CMAKE_PREFIX_PATH', '/home/sonvu/ur_ws/install/ur_controllers:/home/sonvu/ur_ws/install/ur_moveit_config:/home/sonvu/ur_ws/install/ur_dashboard_msgs:/home/sonvu/rtablc_base/install/rtablc_experiment:/opt/ros/humble')]), 'shell': False}
[36.329510] (ur_bringup) StdoutLine: {'line': b'-- Symlinking: /home/sonvu/ur_ws/install/ur_bringup/share/ur_bringup/config/ur10_update_rate.yaml\n'}
[36.334554] (ur_bringup) StdoutLine: {'line': b'-- Symlinking: /home/sonvu/ur_ws/install/ur_bringup/share/ur_bringup/config/ur10e_update_rate.yaml\n'}
[36.342831] (ur_bringup) StdoutLine: {'line': b'-- Symlinking: /home/sonvu/ur_ws/install/ur_bringup/share/ur_bringup/config/ur16e_update_rate.yaml\n'}
[36.350884] (ur_bringup) StdoutLine: {'line': b'-- Symlinking: /home/sonvu/ur_ws/install/ur_bringup/share/ur_bringup/config/ur18_update_rate.yaml\n'}
[36.356199] (ur_bringup) StdoutLine: {'line': b'-- Symlinking: /home/sonvu/ur_ws/install/ur_bringup/share/ur_bringup/config/ur3_update_rate.yaml\n'}
[36.363385] (ur_simulation_gz) CommandEnded: {'returncode': 0}
[36.363965] (ur_bringup) StdoutLine: {'line': b'-- Symlinking: /home/sonvu/ur_ws/install/ur_bringup/share/ur_bringup/config/ur3e_update_rate.yaml\n'}
[36.364329] (ur_simulation_gz) JobProgress: {'identifier': 'ur_simulation_gz', 'progress': 'install'}
[36.364679] (ur_simulation_gz) Command: {'cmd': ['/usr/bin/cmake', '--install', '/home/sonvu/ur_ws/build/ur_simulation_gz'], 'cwd': '/home/sonvu/ur_ws/build/ur_simulation_gz', 'env': OrderedDict([('LESSOPEN', '| /usr/bin/lesspipe %s'), ('LANGUAGE', 'en_US:en'), ('USER', 'sonvu'), ('LC_TIME', 'vi_VN'), ('XDG_SESSION_TYPE', 'wayland'), ('SHLVL', '1'), ('LD_LIBRARY_PATH', '/home/sonvu/ur_ws/install/ur_controllers/lib:/home/sonvu/ur_ws/install/ur_dashboard_msgs/lib:/usr/lib/x86_64-linux-gnu/gazebo-11/plugins:/opt/ros/humble/opt/rviz_ogre_vendor/lib:/opt/ros/humble/lib/x86_64-linux-gnu:/opt/ros/humble/lib'), ('HOME', '/home/sonvu'), ('OLDPWD', '/home/sonvu'), ('DESKTOP_SESSION', 'ubuntu'), ('ROS_PYTHON_VERSION', '3'), ('GNOME_SHELL_SESSION_MODE', 'ubuntu'), ('GTK_MODULES', 'gail:atk-bridge'), ('LC_MONETARY', 'vi_VN'), ('SYSTEMD_EXEC_PID', '1840'), ('DBUS_SESSION_BUS_ADDRESS', 'unix:path=/run/user/1000/bus'), ('COLORTERM', 'truecolor'), ('IM_CONFIG_PHASE', '1'), ('WAYLAND_DISPLAY', 'wayland-0'), ('COLCON_PREFIX_PATH', '/home/sonvu/rtablc_base/install'), ('ROS_DISTRO', 'humble'), ('LOGNAME', 'sonvu'), ('_', '/usr/bin/colcon'), ('ROS_VERSION', '2'), ('XDG_SESSION_CLASS', 'user'), ('USERNAME', 'sonvu'), ('TERM', 'xterm-256color'), ('GNOME_DESKTOP_SESSION_ID', 'this-is-deprecated'), ('ROS_LOCALHOST_ONLY', '0'), ('PATH', '/opt/ros/humble/bin:/home/sonvu/.local/bin:/usr/local/sbin:/usr/local/bin:/usr/sbin:/usr/bin:/sbin:/bin:/usr/games:/usr/local/games:/snap/bin:/snap/bin'), ('SESSION_MANAGER', 'local/sonvu-Thin-15-B13UC:@/tmp/.ICE-unix/1810,unix/sonvu-Thin-15-B13UC:/tmp/.ICE-unix/1810'), ('PAPERSIZE', 'a4'), ('XDG_MENU_PREFIX', 'gnome-'), ('LC_ADDRESS', 'vi_VN'), ('GNOME_TERMINAL_SCREEN', '/org/gnome/Terminal/screen/13a4e776_53ad_4e87_90a5_551c296629db'), ('GNOME_SETUP_DISPLAY', ':1'), ('XDG_RUNTIME_DIR', '/run/user/1000'), ('DISPLAY', ':0'), ('LANG', 'en_US.UTF-8'), ('XDG_CURRENT_DESKTOP', 'ubuntu:GNOME'), ('LC_TELEPHONE', 'vi_VN'), ('XMODIFIERS', '@im=ibus'), ('XDG_SESSION_DESKTOP', 'ubuntu'), ('XAUTHORITY', '/run/user/1000/.mutter-Xwaylandauth.JB0DV3'), ('LS_COLORS', 'rs=0:di=01;34:ln=01;36:mh=00:pi=40;33:so=01;35:do=01;35:bd=40;33;01:cd=40;33;01:or=40;31;01:mi=00:su=37;41:sg=30;43:ca=30;41:tw=30;42:ow=34;42:st=37;44:ex=01;32:*.tar=01;31:*.tgz=01;31:*.arc=01;31:*.arj=01;31:*.taz=01;31:*.lha=01;31:*.lz4=01;31:*.lzh=01;31:*.lzma=01;31:*.tlz=01;31:*.txz=01;31:*.tzo=01;31:*.t7z=01;31:*.zip=01;31:*.z=01;31:*.dz=01;31:*.gz=01;31:*.lrz=01;31:*.lz=01;31:*.lzo=01;31:*.xz=01;31:*.zst=01;31:*.tzst=01;31:*.bz2=01;31:*.bz=01;31:*.tbz=01;31:*.tbz2=01;31:*.tz=01;31:*.deb=01;31:*.rpm=01;31:*.jar=01;31:*.war=01;31:*.ear=01;31:*.sar=01;31:*.rar=01;31:*.alz=01;31:*.ace=01;31:*.zoo=01;31:*.cpio=01;31:*.7z=01;31:*.rz=01;31:*.cab=01;31:*.wim=01;31:*.swm=01;31:*.dwm=01;31:*.esd=01;31:*.jpg=01;35:*.jpeg=01;35:*.mjpg=01;35:*.mjpeg=01;35:*.gif=01;35:*.bmp=01;35:*.pbm=01;35:*.pgm=01;35:*.ppm=01;35:*.tga=01;35:*.xbm=01;35:*.xpm=01;35:*.tif=01;35:*.tiff=01;35:*.png=01;35:*.svg=01;35:*.svgz=01;35:*.mng=01;35:*.pcx=01;35:*.mov=01;35:*.mpg=01;35:*.mpeg=01;35:*.m2v=01;35:*.mkv=01;35:*.webm=01;35:*.webp=01;35:*.ogm=01;35:*.mp4=01;35:*.m4v=01;35:*.mp4v=01;35:*.vob=01;35:*.qt=01;35:*.nuv=01;35:*.wmv=01;35:*.asf=01;35:*.rm=01;35:*.rmvb=01;35:*.flc=01;35:*.avi=01;35:*.fli=01;35:*.flv=01;35:*.gl=01;35:*.dl=01;35:*.xcf=01;35:*.xwd=01;35:*.yuv=01;35:*.cgm=01;35:*.emf=01;35:*.ogv=01;35:*.ogx=01;35:*.aac=00;36:*.au=00;36:*.flac=00;36:*.m4a=00;36:*.mid=00;36:*.midi=00;36:*.mka=00;36:*.mp3=00;36:*.mpc=00;36:*.ogg=00;36:*.ra=00;36:*.wav=00;36:*.oga=00;36:*.opus=00;36:*.spx=00;36:*.xspf=00;36:'), ('GNOME_TERMINAL_SERVICE', ':1.111'), ('SSH_AGENT_LAUNCHER', 'gnome-keyring'), ('SSH_AUTH_SOCK', '/run/user/1000/keyring/ssh'), ('AMENT_PREFIX_PATH', '/home/sonvu/ur_ws/install/ur_controllers:/home/sonvu/ur_ws/install/ur_moveit_config:/home/sonvu/ur_ws/install/ur_dashboard_msgs:/home/sonvu/rtablc_base/install/rtablc_experiment:/opt/ros/humble'), ('SHELL', '/bin/bash'), ('LC_NAME', 'vi_VN'), ('QT_ACCESSIBILITY', '1'), ('GDMSESSION', 'ubuntu'), ('LESSCLOSE', '/usr/bin/lesspipe %s %s'), ('LC_MEASUREMENT', 'vi_VN'), ('LC_IDENTIFICATION', 'vi_VN'), ('QT_IM_MODULE', 'ibus'), ('PWD', '/home/sonvu/ur_ws/build/ur_simulation_gz'), ('LC_ALL', 'en_US.UTF-8'), ('XDG_CONFIG_DIRS', '/etc/xdg/xdg-ubuntu:/etc/xdg'), ('XDG_DATA_DIRS', '/usr/share/ubuntu:/usr/local/share/:/usr/share/:/var/lib/snapd/desktop'), ('PYTHONPATH', '/home/sonvu/ur_ws/install/ur_moveit_config/local/lib/python3.10/dist-packages:/home/sonvu/ur_ws/install/ur_dashboard_msgs/local/lib/python3.10/dist-packages:/home/sonvu/rtablc_base/build/rtablc_experiment:/home/sonvu/rtablc_base/install/rtablc_experiment/lib/python3.10/site-packages:/opt/ros/humble/lib/python3.10/site-packages:/opt/ros/humble/local/lib/python3.10/dist-packages'), ('LC_NUMERIC', 'vi_VN'), ('LC_PAPER', 'vi_VN'), ('COLCON', '1'), ('VTE_VERSION', '6800'), ('CMAKE_PREFIX_PATH', '/home/sonvu/ur_ws/install/ur_controllers:/home/sonvu/ur_ws/install/ur_moveit_config:/home/sonvu/ur_ws/install/ur_dashboard_msgs:/home/sonvu/rtablc_base/install/rtablc_experiment:/opt/ros/humble')]), 'shell': False}
[36.370452] (ur_bringup) StdoutLine: {'line': b'-- Symlinking: /home/sonvu/ur_ws/install/ur_bringup/share/ur_bringup/config/ur5_update_rate.yaml\n'}
[36.370781] (ur_simulation_gz) StdoutLine: {'line': b'-- Install configuration: ""\n'}
[36.371095] (ur_simulation_gz) StdoutLine: {'line': b'-- Execute custom install script\n'}
[36.371964] (ur_simulation_gz) StdoutLine: {'line': b'-- Symlinking: /home/sonvu/ur_ws/install/ur_simulation_gz/share/ur_simulation_gz/config/ur_controllers.yaml\n'}
[36.377909] (ur_bringup) StdoutLine: {'line': b'-- Symlinking: /home/sonvu/ur_ws/install/ur_bringup/share/ur_bringup/config/ur5e_update_rate.yaml\n'}
[36.379742] (ur_simulation_gz) StdoutLine: {'line': b'-- Symlinking: /home/sonvu/ur_ws/install/ur_simulation_gz/share/ur_simulation_gz/launch/ur_sim_control.launch.py\n'}
[36.385275] (ur_simulation_gz) StdoutLine: {'line': b'-- Symlinking: /home/sonvu/ur_ws/install/ur_simulation_gz/share/ur_simulation_gz/launch/ur_sim_moveit.launch.py\n'}
[36.385504] (ur_bringup) StdoutLine: {'line': b'-- Symlinking: /home/sonvu/ur_ws/install/ur_bringup/share/ur_bringup/config/ur8long_update_rate.yaml\n'}
[36.393175] (ur_simulation_gz) StdoutLine: {'line': b'-- Symlinking: /home/sonvu/ur_ws/install/ur_simulation_gz/share/ament_index/resource_index/package_run_dependencies/ur_simulation_gz\n'}
[36.393592] (ur_bringup) StdoutLine: {'line': b'-- Symlinking: /home/sonvu/ur_ws/install/ur_bringup/share/ur_bringup/config/ur_controllers.yaml\n'}
[36.397546] (-) TimerEvent: {}
[36.398160] (ur_simulation_gz) StdoutLine: {'line': b'-- Symlinking: /home/sonvu/ur_ws/install/ur_simulation_gz/share/ament_index/resource_index/parent_prefix_path/ur_simulation_gz\n'}
[36.399593] (ur_bringup) StdoutLine: {'line': b'-- Symlinking: /home/sonvu/ur_ws/install/ur_bringup/share/ur_bringup/launch/test_forward_velocity_controller.launch.py\n'}
[36.403818] (ur_simulation_gz) StdoutLine: {'line': b'-- Symlinking: /home/sonvu/ur_ws/install/ur_simulation_gz/share/ur_simulation_gz/environment/ament_prefix_path.sh\n'}
[36.404864] (ur_bringup) StdoutLine: {'line': b'-- Symlinking: /home/sonvu/ur_ws/install/ur_bringup/share/ur_bringup/launch/test_joint_trajectory_controller.launch.py\n'}
[36.411366] (ur_bringup) StdoutLine: {'line': b'-- Symlinking: /home/sonvu/ur_ws/install/ur_bringup/share/ur_bringup/launch/test_scaled_joint_trajectory_controller.launch.py\n'}
[36.411600] (ur_simulation_gz) StdoutLine: {'line': b'-- Symlinking: /home/sonvu/ur_ws/install/ur_simulation_gz/share/ur_simulation_gz/environment/ament_prefix_path.dsv\n'}
[36.418046] (ur_simulation_gz) StdoutLine: {'line': b'-- Symlinking: /home/sonvu/ur_ws/install/ur_simulation_gz/share/ur_simulation_gz/environment/path.sh\n'}
[36.418536] (ur_bringup) StdoutLine: {'line': b'-- Symlinking: /home/sonvu/ur_ws/install/ur_bringup/share/ur_bringup/launch/ur10.launch.py\n'}
[36.426614] (ur_bringup) StdoutLine: {'line': b'-- Symlinking: /home/sonvu/ur_ws/install/ur_bringup/share/ur_bringup/launch/ur10e.launch.py\n'}
[36.426770] (ur_simulation_gz) StdoutLine: {'line': b'-- Symlinking: /home/sonvu/ur_ws/install/ur_simulation_gz/share/ur_simulation_gz/environment/path.dsv\n'}
[36.432338] (ur_simulation_gz) StdoutLine: {'line': b'-- Symlinking: /home/sonvu/ur_ws/install/ur_simulation_gz/share/ur_simulation_gz/local_setup.bash\n'}
[36.434230] (ur_bringup) StdoutLine: {'line': b'-- Symlinking: /home/sonvu/ur_ws/install/ur_bringup/share/ur_bringup/launch/ur12e.launch.py\n'}
[36.438092] (ur_simulation_gz) StdoutLine: {'line': b'-- Symlinking: /home/sonvu/ur_ws/install/ur_simulation_gz/share/ur_simulation_gz/local_setup.sh\n'}
[36.442127] (ur_bringup) StdoutLine: {'line': b'-- Symlinking: /home/sonvu/ur_ws/install/ur_bringup/share/ur_bringup/launch/ur15.launch.py\n'}
[36.443978] (ur_simulation_gz) StdoutLine: {'line': b'-- Symlinking: /home/sonvu/ur_ws/install/ur_simulation_gz/share/ur_simulation_gz/local_setup.zsh\n'}
[36.448841] (ur_robot_driver) StdoutLine: {'line': b'-- Found rmw_implementation_cmake: 6.1.2 (/opt/ros/humble/share/rmw_implementation_cmake/cmake)\n'}
[36.450255] (ur_bringup) StdoutLine: {'line': b'-- Symlinking: /home/sonvu/ur_ws/install/ur_bringup/share/ur_bringup/launch/ur16e.launch.py\n'}
[36.450896] (ur_simulation_gz) StdoutLine: {'line': b'-- Symlinking: /home/sonvu/ur_ws/install/ur_simulation_gz/share/ur_simulation_gz/local_setup.dsv\n'}
[36.451117] (ur_robot_driver) StdoutLine: {'line': b'-- Found rmw_fastrtps_cpp: 6.2.10 (/opt/ros/humble/share/rmw_fastrtps_cpp/cmake)\n'}
[36.455864] (ur_simulation_gz) StdoutLine: {'line': b'-- Symlinking: /home/sonvu/ur_ws/install/ur_simulation_gz/share/ur_simulation_gz/package.dsv\n'}
[36.458377] (ur_bringup) StdoutLine: {'line': b'-- Symlinking: /home/sonvu/ur_ws/install/ur_bringup/share/ur_bringup/launch/ur18.launch.py\n'}
[36.461321] (ur_simulation_gz) StdoutLine: {'line': b'-- Symlinking: /home/sonvu/ur_ws/install/ur_simulation_gz/share/ament_index/resource_index/packages/ur_simulation_gz\n'}
[36.466304] (ur_bringup) StdoutLine: {'line': b'-- Symlinking: /home/sonvu/ur_ws/install/ur_bringup/share/ur_bringup/launch/ur20.launch.py\n'}
[36.467586] (ur_simulation_gz) StdoutLine: {'line': b'-- Symlinking: /home/sonvu/ur_ws/install/ur_simulation_gz/share/ur_simulation_gz/cmake/ur_simulation_gzConfig.cmake\n'}
[36.470028] (ur_robot_driver) StdoutLine: {'line': b'-- Found TinyXML2 via Config file: TinyXML2_DIR-NOTFOUND\n'}
[36.473392] (ur_bringup) StdoutLine: {'line': b'-- Symlinking: /home/sonvu/ur_ws/install/ur_bringup/share/ur_bringup/launch/ur3.launch.py\n'}
[36.475345] (ur_simulation_gz) StdoutLine: {'line': b'-- Symlinking: /home/sonvu/ur_ws/install/ur_simulation_gz/share/ur_simulation_gz/cmake/ur_simulation_gzConfig-version.cmake\n'}
[36.480162] (ur_simulation_gz) StdoutLine: {'line': b'-- Symlinking: /home/sonvu/ur_ws/install/ur_simulation_gz/share/ur_simulation_gz/package.xml\n'}
[36.481649] (ur_bringup) StdoutLine: {'line': b'-- Symlinking: /home/sonvu/ur_ws/install/ur_bringup/share/ur_bringup/launch/ur30.launch.py\n'}
[36.486562] (ur_simulation_gz) CommandEnded: {'returncode': 0}
[36.488133] (ur_bringup) StdoutLine: {'line': b'-- Symlinking: /home/sonvu/ur_ws/install/ur_bringup/share/ur_bringup/launch/ur3e.launch.py\n'}
[36.493401] (ur_bringup) StdoutLine: {'line': b'-- Symlinking: /home/sonvu/ur_ws/install/ur_bringup/share/ur_bringup/launch/ur5.launch.py\n'}
[36.495993] (ur_simulation_gz) JobEnded: {'identifier': 'ur_simulation_gz', 'rc': 0}
[36.497610] (-) TimerEvent: {}
[36.500898] (ur_bringup) StdoutLine: {'line': b'-- Symlinking: /home/sonvu/ur_ws/install/ur_bringup/share/ur_bringup/launch/ur5e.launch.py\n'}
[36.507084] (ur_bringup) StdoutLine: {'line': b'-- Symlinking: /home/sonvu/ur_ws/install/ur_bringup/share/ur_bringup/launch/ur7e.launch.py\n'}
[36.515018] (ur_bringup) StdoutLine: {'line': b'-- Symlinking: /home/sonvu/ur_ws/install/ur_bringup/share/ur_bringup/launch/ur8long.launch.py\n'}
[36.516848] (ur_robot_driver) StdoutLine: {'line': b'-- Found OpenSSL: /usr/lib/x86_64-linux-gnu/libcrypto.so (found version "3.0.2")  \n'}
[36.519006] (ur_robot_driver) StdoutLine: {'line': b'-- Found TinyXML2 via Config file: TinyXML2_DIR-NOTFOUND\n'}
[36.522304] (ur_bringup) StdoutLine: {'line': b'-- Symlinking: /home/sonvu/ur_ws/install/ur_bringup/share/ur_bringup/launch/ur_control.launch.py\n'}
[36.529662] (ur_bringup) StdoutLine: {'line': b'-- Symlinking: /home/sonvu/ur_ws/install/ur_bringup/share/ur_bringup/launch/ur_dashboard_client.launch.py\n'}
[36.531098] (ur_robot_driver) StdoutLine: {'line': b'-- Found FastRTPS: /opt/ros/humble/include  \n'}
[36.533412] (ur_robot_driver) StdoutLine: {'line': b'-- Found TinyXML2 via Config file: TinyXML2_DIR-NOTFOUND\n'}
[36.536006] (ur_bringup) StdoutLine: {'line': b'-- Symlinking: /home/sonvu/ur_ws/install/ur_bringup/lib/ur_bringup/start_ursim.sh\n'}
[36.542359] (ur_robot_driver) StdoutLine: {'line': b'-- Found TinyXML2 via Config file: TinyXML2_DIR-NOTFOUND\n'}
[36.542892] (ur_bringup) StdoutLine: {'line': b'-- Symlinking: /home/sonvu/ur_ws/install/ur_bringup/share/ament_index/resource_index/package_run_dependencies/ur_bringup\n'}
[36.549993] (ur_bringup) StdoutLine: {'line': b'-- Symlinking: /home/sonvu/ur_ws/install/ur_bringup/share/ament_index/resource_index/parent_prefix_path/ur_bringup\n'}
[36.554792] (ur_robot_driver) StdoutLine: {'line': b"-- Using RMW implementation 'rmw_fastrtps_cpp' as default\n"}
[36.559392] (ur_bringup) StdoutLine: {'line': b'-- Symlinking: /home/sonvu/ur_ws/install/ur_bringup/share/ur_bringup/environment/ament_prefix_path.sh\n'}
[36.563372] (ur_robot_driver) StdoutLine: {'line': b'-- Looking for pthread.h\n'}
[36.565830] (ur_bringup) StdoutLine: {'line': b'-- Symlinking: /home/sonvu/ur_ws/install/ur_bringup/share/ur_bringup/environment/ament_prefix_path.dsv\n'}
[36.571687] (ur_bringup) StdoutLine: {'line': b'-- Symlinking: /home/sonvu/ur_ws/install/ur_bringup/share/ur_bringup/environment/path.sh\n'}
[36.582239] (ur_bringup) StdoutLine: {'line': b'-- Symlinking: /home/sonvu/ur_ws/install/ur_bringup/share/ur_bringup/environment/path.dsv\n'}
[36.590435] (ur_bringup) StdoutLine: {'line': b'-- Symlinking: /home/sonvu/ur_ws/install/ur_bringup/share/ur_bringup/local_setup.bash\n'}
[36.597723] (-) TimerEvent: {}
[36.602551] (ur_bringup) StdoutLine: {'line': b'-- Symlinking: /home/sonvu/ur_ws/install/ur_bringup/share/ur_bringup/local_setup.sh\n'}
[36.613036] (ur_bringup) StdoutLine: {'line': b'-- Symlinking: /home/sonvu/ur_ws/install/ur_bringup/share/ur_bringup/local_setup.zsh\n'}
[36.619577] (ur_bringup) StdoutLine: {'line': b'-- Symlinking: /home/sonvu/ur_ws/install/ur_bringup/share/ur_bringup/local_setup.dsv\n'}
[36.630895] (ur_bringup) StdoutLine: {'line': b'-- Symlinking: /home/sonvu/ur_ws/install/ur_bringup/share/ur_bringup/package.dsv\n'}
[36.642664] (ur_bringup) StdoutLine: {'line': b'-- Symlinking: /home/sonvu/ur_ws/install/ur_bringup/share/ament_index/resource_index/packages/ur_bringup\n'}
[36.648797] (ur_bringup) StdoutLine: {'line': b'-- Symlinking: /home/sonvu/ur_ws/install/ur_bringup/share/ur_bringup/cmake/ur_bringupConfig.cmake\n'}
[36.657230] (ur_bringup) StdoutLine: {'line': b'-- Symlinking: /home/sonvu/ur_ws/install/ur_bringup/share/ur_bringup/cmake/ur_bringupConfig-version.cmake\n'}
[36.664380] (ur_robot_driver) StdoutLine: {'line': b'-- Looking for pthread.h - found\n'}
[36.664505] (ur_robot_driver) StdoutLine: {'line': b'-- Performing Test CMAKE_HAVE_LIBC_PTHREAD\n'}
[36.664549] (ur_bringup) StdoutLine: {'line': b'-- Symlinking: /home/sonvu/ur_ws/install/ur_bringup/share/ur_bringup/package.xml\n'}
[36.673329] (ur_bringup) CommandEnded: {'returncode': 0}
[36.687980] (ur_bringup) JobEnded: {'identifier': 'ur_bringup', 'rc': 0}
[36.697850] (-) TimerEvent: {}
[36.779082] (ur_robot_driver) StdoutLine: {'line': b'-- Performing Test CMAKE_HAVE_LIBC_PTHREAD - Success\n'}
[36.780438] (ur_robot_driver) StdoutLine: {'line': b'-- Found Threads: TRUE  \n'}
[36.798012] (-) TimerEvent: {}
[36.849408] (ur_robot_driver) StdoutLine: {'line': b'-- Found rclpy: 3.3.21 (/opt/ros/humble/share/rclpy/cmake)\n'}
[36.850911] (ur_robot_driver) StdoutLine: {'line': b'-- Found std_srvs: 4.9.1 (/opt/ros/humble/share/std_srvs/cmake)\n'}
[36.858046] (ur_robot_driver) StdoutLine: {'line': b'-- Found tf2_geometry_msgs: 0.25.20 (/opt/ros/humble/share/tf2_geometry_msgs/cmake)\n'}
[36.868805] (ur_robot_driver) StdoutLine: {'line': b'-- Found eigen3_cmake_module: 0.1.1 (/opt/ros/humble/share/eigen3_cmake_module/cmake)\n'}
[36.869712] (ur_robot_driver) StdoutLine: {'line': b'-- Found Eigen3: TRUE (found version "3.4.0") \n'}
[36.869782] (ur_robot_driver) StdoutLine: {'line': b'-- Ensuring Eigen3 include directory is part of orocos-kdl CMake target\n'}
[36.898178] (-) TimerEvent: {}
[36.910814] (ur_robot_driver) StdoutLine: {'line': b'-- Found ur_dashboard_msgs: 2.15.0 (/home/sonvu/ur_ws/install/ur_dashboard_msgs/share/ur_dashboard_msgs/cmake)\n'}
[36.921993] (ur_robot_driver) StdoutLine: {'line': b'-- Found ur_msgs: 2.6.0 (/opt/ros/humble/share/ur_msgs/cmake)\n'}
[36.998359] (-) TimerEvent: {}
[37.072240] (ur_robot_driver) StdoutLine: {'line': b'-- Found ament_cmake_gmock: 1.3.14 (/opt/ros/humble/share/ament_cmake_gmock/cmake)\n'}
[37.072627] (ur_robot_driver) StdoutLine: {'line': b'-- Found ur_controllers: 2.15.0 (/home/sonvu/ur_ws/install/ur_controllers/share/ur_controllers/cmake)\n'}
[37.098534] (-) TimerEvent: {}
[37.147400] (ur_robot_driver) StdoutLine: {'line': b'-- Found ur_description: 2.13.0 (/opt/ros/humble/share/ur_description/cmake)\n'}
[37.148770] (ur_robot_driver) StdoutLine: {'line': b'-- Found launch_testing_ament_cmake: 1.0.14 (/opt/ros/humble/share/launch_testing_ament_cmake/cmake)\n'}
[37.150292] (ur_robot_driver) StdoutLine: {'line': b'-- Found python_cmake_module: 0.10.0 (/opt/ros/humble/share/python_cmake_module/cmake)\n'}
[37.165239] (ur_robot_driver) StdoutLine: {'line': b'-- Found PythonInterp: /usr/bin/python3 (found suitable version "3.10.12", minimum required is "3.6") \n'}
[37.168725] (ur_robot_driver) StdoutLine: {'line': b'-- Found PythonLibs: /usr/lib/x86_64-linux-gnu/libpython3.10.so (found suitable version "3.10.12", minimum required is "3.5") \n'}
[37.168795] (ur_robot_driver) StdoutLine: {'line': b'-- Using PYTHON_EXECUTABLE: /usr/bin/python3\n'}
[37.168829] (ur_robot_driver) StdoutLine: {'line': b'-- Using PYTHON_INCLUDE_DIRS: /usr/include/python3.10\n'}
[37.168858] (ur_robot_driver) StdoutLine: {'line': b'-- Using PYTHON_LIBRARIES: /usr/lib/x86_64-linux-gnu/libpython3.10.so\n'}
[37.193696] (ur_robot_driver) StdoutLine: {'line': b'-- Found PythonExtra: .so  \n'}
[37.197139] (ur_robot_driver) StdoutLine: {'line': b"-- Found gmock sources under '/opt/ros/humble/src/gmock_vendor': C++ tests using 'Google Mock' will be built\n"}
[37.198613] (-) TimerEvent: {}
[37.202785] (ur_robot_driver) StdoutLine: {'line': b'-- Found ament_cmake_gtest: 1.3.14 (/opt/ros/humble/share/ament_cmake_gtest/cmake)\n'}
[37.203458] (ur_robot_driver) StdoutLine: {'line': b"-- Found gtest sources under '/opt/ros/humble/src/gtest_vendor': C++ tests using 'Google Test' will be built\n"}
[37.208590] (ur_robot_driver) StdoutLine: {'line': b'-- Configuring done\n'}
[37.251619] (ur_robot_driver) StdoutLine: {'line': b'-- Generating done\n'}
[37.269344] (ur_robot_driver) StdoutLine: {'line': b'-- Build files have been written to: /home/sonvu/ur_ws/build/ur_robot_driver\n'}
[37.279362] (ur_robot_driver) CommandEnded: {'returncode': 0}
[37.279657] (ur_robot_driver) JobProgress: {'identifier': 'ur_robot_driver', 'progress': 'build'}
[37.279675] (ur_robot_driver) Command: {'cmd': ['/usr/bin/cmake', '--build', '/home/sonvu/ur_ws/build/ur_robot_driver', '--', '-j16', '-l16'], 'cwd': '/home/sonvu/ur_ws/build/ur_robot_driver', 'env': OrderedDict([('LESSOPEN', '| /usr/bin/lesspipe %s'), ('LANGUAGE', 'en_US:en'), ('USER', 'sonvu'), ('LC_TIME', 'vi_VN'), ('XDG_SESSION_TYPE', 'wayland'), ('SHLVL', '1'), ('LD_LIBRARY_PATH', '/home/sonvu/ur_ws/install/ur_controllers/lib:/home/sonvu/ur_ws/install/ur_dashboard_msgs/lib:/usr/lib/x86_64-linux-gnu/gazebo-11/plugins:/opt/ros/humble/opt/rviz_ogre_vendor/lib:/opt/ros/humble/lib/x86_64-linux-gnu:/opt/ros/humble/lib'), ('HOME', '/home/sonvu'), ('OLDPWD', '/home/sonvu'), ('DESKTOP_SESSION', 'ubuntu'), ('ROS_PYTHON_VERSION', '3'), ('GNOME_SHELL_SESSION_MODE', 'ubuntu'), ('GTK_MODULES', 'gail:atk-bridge'), ('LC_MONETARY', 'vi_VN'), ('SYSTEMD_EXEC_PID', '1840'), ('DBUS_SESSION_BUS_ADDRESS', 'unix:path=/run/user/1000/bus'), ('COLORTERM', 'truecolor'), ('IM_CONFIG_PHASE', '1'), ('WAYLAND_DISPLAY', 'wayland-0'), ('COLCON_PREFIX_PATH', '/home/sonvu/rtablc_base/install'), ('ROS_DISTRO', 'humble'), ('LOGNAME', 'sonvu'), ('_', '/usr/bin/colcon'), ('ROS_VERSION', '2'), ('XDG_SESSION_CLASS', 'user'), ('USERNAME', 'sonvu'), ('TERM', 'xterm-256color'), ('GNOME_DESKTOP_SESSION_ID', 'this-is-deprecated'), ('ROS_LOCALHOST_ONLY', '0'), ('PATH', '/opt/ros/humble/bin:/home/sonvu/.local/bin:/usr/local/sbin:/usr/local/bin:/usr/sbin:/usr/bin:/sbin:/bin:/usr/games:/usr/local/games:/snap/bin:/snap/bin'), ('SESSION_MANAGER', 'local/sonvu-Thin-15-B13UC:@/tmp/.ICE-unix/1810,unix/sonvu-Thin-15-B13UC:/tmp/.ICE-unix/1810'), ('PAPERSIZE', 'a4'), ('XDG_MENU_PREFIX', 'gnome-'), ('LC_ADDRESS', 'vi_VN'), ('GNOME_TERMINAL_SCREEN', '/org/gnome/Terminal/screen/13a4e776_53ad_4e87_90a5_551c296629db'), ('GNOME_SETUP_DISPLAY', ':1'), ('XDG_RUNTIME_DIR', '/run/user/1000'), ('DISPLAY', ':0'), ('LANG', 'en_US.UTF-8'), ('XDG_CURRENT_DESKTOP', 'ubuntu:GNOME'), ('LC_TELEPHONE', 'vi_VN'), ('XMODIFIERS', '@im=ibus'), ('XDG_SESSION_DESKTOP', 'ubuntu'), ('XAUTHORITY', '/run/user/1000/.mutter-Xwaylandauth.JB0DV3'), ('LS_COLORS', 'rs=0:di=01;34:ln=01;36:mh=00:pi=40;33:so=01;35:do=01;35:bd=40;33;01:cd=40;33;01:or=40;31;01:mi=00:su=37;41:sg=30;43:ca=30;41:tw=30;42:ow=34;42:st=37;44:ex=01;32:*.tar=01;31:*.tgz=01;31:*.arc=01;31:*.arj=01;31:*.taz=01;31:*.lha=01;31:*.lz4=01;31:*.lzh=01;31:*.lzma=01;31:*.tlz=01;31:*.txz=01;31:*.tzo=01;31:*.t7z=01;31:*.zip=01;31:*.z=01;31:*.dz=01;31:*.gz=01;31:*.lrz=01;31:*.lz=01;31:*.lzo=01;31:*.xz=01;31:*.zst=01;31:*.tzst=01;31:*.bz2=01;31:*.bz=01;31:*.tbz=01;31:*.tbz2=01;31:*.tz=01;31:*.deb=01;31:*.rpm=01;31:*.jar=01;31:*.war=01;31:*.ear=01;31:*.sar=01;31:*.rar=01;31:*.alz=01;31:*.ace=01;31:*.zoo=01;31:*.cpio=01;31:*.7z=01;31:*.rz=01;31:*.cab=01;31:*.wim=01;31:*.swm=01;31:*.dwm=01;31:*.esd=01;31:*.jpg=01;35:*.jpeg=01;35:*.mjpg=01;35:*.mjpeg=01;35:*.gif=01;35:*.bmp=01;35:*.pbm=01;35:*.pgm=01;35:*.ppm=01;35:*.tga=01;35:*.xbm=01;35:*.xpm=01;35:*.tif=01;35:*.tiff=01;35:*.png=01;35:*.svg=01;35:*.svgz=01;35:*.mng=01;35:*.pcx=01;35:*.mov=01;35:*.mpg=01;35:*.mpeg=01;35:*.m2v=01;35:*.mkv=01;35:*.webm=01;35:*.webp=01;35:*.ogm=01;35:*.mp4=01;35:*.m4v=01;35:*.mp4v=01;35:*.vob=01;35:*.qt=01;35:*.nuv=01;35:*.wmv=01;35:*.asf=01;35:*.rm=01;35:*.rmvb=01;35:*.flc=01;35:*.avi=01;35:*.fli=01;35:*.flv=01;35:*.gl=01;35:*.dl=01;35:*.xcf=01;35:*.xwd=01;35:*.yuv=01;35:*.cgm=01;35:*.emf=01;35:*.ogv=01;35:*.ogx=01;35:*.aac=00;36:*.au=00;36:*.flac=00;36:*.m4a=00;36:*.mid=00;36:*.midi=00;36:*.mka=00;36:*.mp3=00;36:*.mpc=00;36:*.ogg=00;36:*.ra=00;36:*.wav=00;36:*.oga=00;36:*.opus=00;36:*.spx=00;36:*.xspf=00;36:'), ('GNOME_TERMINAL_SERVICE', ':1.111'), ('SSH_AGENT_LAUNCHER', 'gnome-keyring'), ('SSH_AUTH_SOCK', '/run/user/1000/keyring/ssh'), ('AMENT_PREFIX_PATH', '/home/sonvu/ur_ws/install/ur_controllers:/home/sonvu/ur_ws/install/ur_dashboard_msgs:/home/sonvu/rtablc_base/install/rtablc_experiment:/opt/ros/humble'), ('SHELL', '/bin/bash'), ('LC_NAME', 'vi_VN'), ('QT_ACCESSIBILITY', '1'), ('GDMSESSION', 'ubuntu'), ('LESSCLOSE', '/usr/bin/lesspipe %s %s'), ('LC_MEASUREMENT', 'vi_VN'), ('LC_IDENTIFICATION', 'vi_VN'), ('QT_IM_MODULE', 'ibus'), ('PWD', '/home/sonvu/ur_ws/build/ur_robot_driver'), ('LC_ALL', 'en_US.UTF-8'), ('XDG_CONFIG_DIRS', '/etc/xdg/xdg-ubuntu:/etc/xdg'), ('XDG_DATA_DIRS', '/usr/share/ubuntu:/usr/local/share/:/usr/share/:/var/lib/snapd/desktop'), ('PYTHONPATH', '/home/sonvu/ur_ws/install/ur_dashboard_msgs/local/lib/python3.10/dist-packages:/home/sonvu/rtablc_base/build/rtablc_experiment:/home/sonvu/rtablc_base/install/rtablc_experiment/lib/python3.10/site-packages:/opt/ros/humble/lib/python3.10/site-packages:/opt/ros/humble/local/lib/python3.10/dist-packages'), ('LC_NUMERIC', 'vi_VN'), ('LC_PAPER', 'vi_VN'), ('COLCON', '1'), ('VTE_VERSION', '6800'), ('CMAKE_PREFIX_PATH', '/home/sonvu/ur_ws/install/ur_controllers:/home/sonvu/ur_ws/install/ur_dashboard_msgs:/home/sonvu/rtablc_base/install/rtablc_experiment:/opt/ros/humble')]), 'shell': False}
[37.298797] (-) TimerEvent: {}
[37.323572] (ur_robot_driver) StdoutLine: {'line': b'[  3%] \x1b[32mBuilding CXX object CMakeFiles/robot_state_helper_lib.dir/src/urcl_log_handler.cpp.o\x1b[0m\n'}
[37.323796] (ur_robot_driver) StdoutLine: {'line': b'[  6%] \x1b[32mBuilding CXX object CMakeFiles/trajectory_until_node.dir/src/trajectory_until_node.cpp.o\x1b[0m\n'}
[37.323900] (ur_robot_driver) StdoutLine: {'line': b'[ 13%] \x1b[32mBuilding CXX object CMakeFiles/urscript_interface.dir/src/urscript_interface.cpp.o\x1b[0m\n'}
[37.323985] (ur_robot_driver) StdoutLine: {'line': b'[ 13%] \x1b[32mBuilding CXX object CMakeFiles/ur_ros2_control_node.dir/src/ur_ros2_control_node.cpp.o\x1b[0m\n'}
[37.324072] (ur_robot_driver) StdoutLine: {'line': b'[ 17%] \x1b[32mBuilding CXX object CMakeFiles/ur_robot_driver_plugin.dir/src/dashboard_client_ros.cpp.o\x1b[0m\n'}
[37.324150] (ur_robot_driver) StdoutLine: {'line': b'[ 20%] \x1b[32mBuilding CXX object CMakeFiles/robot_state_helper_lib.dir/src/robot_state_helper.cpp.o\x1b[0m\n'}
[37.324227] (ur_robot_driver) StdoutLine: {'line': b'[ 27%] \x1b[32mBuilding CXX object CMakeFiles/ur_robot_driver_plugin.dir/src/urcl_log_handler.cpp.o\x1b[0m\n'}
[37.324301] (ur_robot_driver) StdoutLine: {'line': b'[ 27%] \x1b[32mBuilding CXX object CMakeFiles/ur_robot_driver_plugin.dir/src/hardware_interface.cpp.o\x1b[0m\n'}
[37.330597] (ur_robot_driver) StdoutLine: {'line': b'[ 31%] \x1b[32mBuilding CXX object gmock/CMakeFiles/gmock.dir/opt/ros/humble/src/gtest_vendor/src/gtest-all.cc.o\x1b[0m\n'}
[37.330784] (ur_robot_driver) StdoutLine: {'line': b'[ 37%] \x1b[32mBuilding CXX object CMakeFiles/controller_stopper_node.dir/src/controller_stopper_node.cpp.o\x1b[0m\n'}
[37.330840] (ur_robot_driver) StdoutLine: {'line': b'[ 37%] \x1b[32mBuilding CXX object CMakeFiles/controller_stopper_node.dir/src/controller_stopper.cpp.o\x1b[0m\n'}
[37.330889] (ur_robot_driver) StdoutLine: {'line': b'[ 41%] \x1b[32mBuilding CXX object gmock/CMakeFiles/gmock_main.dir/src/gmock_main.cc.o\x1b[0m\n'}
[37.330941] (ur_robot_driver) StdoutLine: {'line': b'[ 48%] \x1b[32mBuilding CXX object CMakeFiles/dashboard_client.dir/src/dashboard_client_node.cpp.o\x1b[0m\n'}
[37.330986] (ur_robot_driver) StdoutLine: {'line': b'[ 48%] \x1b[32mBuilding CXX object CMakeFiles/dashboard_client.dir/src/dashboard_client_ros.cpp.o\x1b[0m\n'}
[37.331029] (ur_robot_driver) StdoutLine: {'line': b'[ 51%] \x1b[32mBuilding CXX object gmock/CMakeFiles/gmock.dir/src/gmock-all.cc.o\x1b[0m\n'}
[37.331488] (ur_robot_driver) StdoutLine: {'line': b'[ 51%] Built target ament_cmake_python_symlink_ur_robot_driver\n'}
[37.339668] (ur_robot_driver) StdoutLine: {'line': b'[ 55%] \x1b[32mBuilding CXX object CMakeFiles/dashboard_client.dir/src/urcl_log_handler.cpp.o\x1b[0m\n'}
[37.400482] (-) TimerEvent: {}
[37.500793] (-) TimerEvent: {}
[37.601108] (-) TimerEvent: {}
[37.701473] (-) TimerEvent: {}
[37.801817] (-) TimerEvent: {}
[37.903502] (-) TimerEvent: {}
[38.003874] (-) TimerEvent: {}
[38.104263] (-) TimerEvent: {}
[38.204681] (-) TimerEvent: {}
[38.308771] (-) TimerEvent: {}
[38.409119] (-) TimerEvent: {}
[38.509478] (-) TimerEvent: {}
[38.509699] (ur_robot_driver) StdoutLine: {'line': b'running egg_info\n'}
[38.510403] (ur_robot_driver) StdoutLine: {'line': b'creating ur_robot_driver.egg-info\n'}
[38.510748] (ur_robot_driver) StdoutLine: {'line': b'writing ur_robot_driver.egg-info/PKG-INFO\n'}
[38.510983] (ur_robot_driver) StdoutLine: {'line': b'writing dependency_links to ur_robot_driver.egg-info/dependency_links.txt\n'}
[38.511174] (ur_robot_driver) StdoutLine: {'line': b'writing top-level names to ur_robot_driver.egg-info/top_level.txt\n'}
[38.511454] (ur_robot_driver) StdoutLine: {'line': b"writing manifest file 'ur_robot_driver.egg-info/SOURCES.txt'\n"}
[38.514201] (ur_robot_driver) StdoutLine: {'line': b"reading manifest file 'ur_robot_driver.egg-info/SOURCES.txt'\n"}
[38.515015] (ur_robot_driver) StdoutLine: {'line': b"writing manifest file 'ur_robot_driver.egg-info/SOURCES.txt'\n"}
[38.554589] (ur_robot_driver) StdoutLine: {'line': b'[ 55%] Built target ament_cmake_python_build_ur_robot_driver_egg\n'}
[38.609595] (-) TimerEvent: {}
[38.709923] (-) TimerEvent: {}
[38.716046] (ur_robot_driver) StdoutLine: {'line': b'[ 58%] \x1b[32m\x1b[1mLinking CXX static library libgmock_main.a\x1b[0m\n'}
[38.740107] (ur_robot_driver) StdoutLine: {'line': b'[ 58%] Built target gmock_main\n'}
[38.810039] (-) TimerEvent: {}
[38.910366] (-) TimerEvent: {}
[39.010693] (-) TimerEvent: {}
[39.112150] (-) TimerEvent: {}
[39.212776] (-) TimerEvent: {}
[39.313827] (-) TimerEvent: {}
[39.414369] (-) TimerEvent: {}
[39.515321] (-) TimerEvent: {}
[39.616094] (-) TimerEvent: {}
[39.717402] (-) TimerEvent: {}
[39.817957] (-) TimerEvent: {}
[39.918291] (-) TimerEvent: {}
[40.018636] (-) TimerEvent: {}
[40.118984] (-) TimerEvent: {}
[40.219337] (-) TimerEvent: {}
[40.319695] (-) TimerEvent: {}
[40.420013] (-) TimerEvent: {}
[40.520323] (-) TimerEvent: {}
[40.620656] (-) TimerEvent: {}
[40.720984] (-) TimerEvent: {}
[40.821318] (-) TimerEvent: {}
[40.921670] (-) TimerEvent: {}
[41.021987] (-) TimerEvent: {}
[41.122284] (-) TimerEvent: {}
[41.222603] (-) TimerEvent: {}
[41.322951] (-) TimerEvent: {}
[41.423291] (-) TimerEvent: {}
[41.523633] (-) TimerEvent: {}
[41.623972] (-) TimerEvent: {}
[41.724309] (-) TimerEvent: {}
[41.824660] (-) TimerEvent: {}
[41.924975] (-) TimerEvent: {}
[41.943195] (ur_robot_driver) StdoutLine: {'line': b'[ 62%] \x1b[32m\x1b[1mLinking CXX executable ur_ros2_control_node\x1b[0m\n'}
[42.025089] (-) TimerEvent: {}
[42.062031] (ur_robot_driver) StdoutLine: {'line': b'[ 62%] Built target ur_ros2_control_node\n'}
[42.125206] (-) TimerEvent: {}
[42.225550] (-) TimerEvent: {}
[42.325861] (-) TimerEvent: {}
[42.426161] (-) TimerEvent: {}
[42.526478] (-) TimerEvent: {}
[42.626793] (-) TimerEvent: {}
[42.727107] (-) TimerEvent: {}
[42.827401] (-) TimerEvent: {}
[42.927711] (-) TimerEvent: {}
[43.028013] (-) TimerEvent: {}
[43.128331] (-) TimerEvent: {}
[43.228644] (-) TimerEvent: {}
[43.328954] (-) TimerEvent: {}
[43.429260] (-) TimerEvent: {}
[43.529595] (-) TimerEvent: {}
[43.629935] (-) TimerEvent: {}
[43.730265] (-) TimerEvent: {}
[43.830613] (-) TimerEvent: {}
[43.930934] (-) TimerEvent: {}
[44.031238] (-) TimerEvent: {}
[44.131572] (-) TimerEvent: {}
[44.231896] (-) TimerEvent: {}
[44.332207] (-) TimerEvent: {}
[44.432550] (-) TimerEvent: {}
[44.532863] (-) TimerEvent: {}
[44.633193] (-) TimerEvent: {}
[44.733525] (-) TimerEvent: {}
[44.760169] (ur_robot_driver) StdoutLine: {'line': b'[ 65%] \x1b[32m\x1b[1mLinking CXX static library libgmock.a\x1b[0m\n'}
[44.815112] (ur_robot_driver) StdoutLine: {'line': b'[ 65%] Built target gmock\n'}
[44.833670] (-) TimerEvent: {}
[44.934029] (-) TimerEvent: {}
[45.034390] (-) TimerEvent: {}
[45.134772] (-) TimerEvent: {}
[45.235142] (-) TimerEvent: {}
[45.335526] (-) TimerEvent: {}
[45.435875] (-) TimerEvent: {}
[45.536241] (-) TimerEvent: {}
[45.636604] (-) TimerEvent: {}
[45.736963] (-) TimerEvent: {}
[45.837320] (-) TimerEvent: {}
[45.937655] (-) TimerEvent: {}
[46.037981] (-) TimerEvent: {}
[46.138323] (-) TimerEvent: {}
[46.238759] (-) TimerEvent: {}
[46.339085] (-) TimerEvent: {}
[46.439428] (-) TimerEvent: {}
[46.539763] (-) TimerEvent: {}
[46.640095] (-) TimerEvent: {}
[46.740420] (-) TimerEvent: {}
[46.840744] (-) TimerEvent: {}
[46.941086] (-) TimerEvent: {}
[47.041475] (-) TimerEvent: {}
[47.141826] (-) TimerEvent: {}
[47.204518] (ur_robot_driver) StdoutLine: {'line': b'[ 68%] \x1b[32m\x1b[1mLinking CXX executable trajectory_until_node\x1b[0m\n'}
[47.241981] (-) TimerEvent: {}
[47.342321] (-) TimerEvent: {}
[47.442641] (-) TimerEvent: {}
[47.446369] (ur_robot_driver) StdoutLine: {'line': b'[ 68%] Built target trajectory_until_node\n'}
[47.542764] (-) TimerEvent: {}
[47.643226] (-) TimerEvent: {}
[47.743693] (-) TimerEvent: {}
[47.844042] (-) TimerEvent: {}
[47.944486] (-) TimerEvent: {}
[48.044900] (-) TimerEvent: {}
[48.145352] (-) TimerEvent: {}
[48.245680] (-) TimerEvent: {}
[48.346101] (-) TimerEvent: {}
[48.446510] (-) TimerEvent: {}
[48.546933] (-) TimerEvent: {}
[48.647344] (-) TimerEvent: {}
[48.747773] (-) TimerEvent: {}
[48.848184] (-) TimerEvent: {}
[48.948605] (-) TimerEvent: {}
[49.048950] (-) TimerEvent: {}
[49.149366] (-) TimerEvent: {}
[49.249826] (-) TimerEvent: {}
[49.350253] (-) TimerEvent: {}
[49.450617] (-) TimerEvent: {}
[49.551054] (-) TimerEvent: {}
[49.651464] (-) TimerEvent: {}
[49.751825] (-) TimerEvent: {}
[49.852242] (-) TimerEvent: {}
[49.952626] (-) TimerEvent: {}
[50.052967] (-) TimerEvent: {}
[50.153436] (-) TimerEvent: {}
[50.253793] (-) TimerEvent: {}
[50.354132] (-) TimerEvent: {}
[50.454575] (-) TimerEvent: {}
[50.554912] (-) TimerEvent: {}
[50.655348] (-) TimerEvent: {}
[50.755654] (-) TimerEvent: {}
[50.856091] (-) TimerEvent: {}
[50.956529] (-) TimerEvent: {}
[51.056953] (-) TimerEvent: {}
[51.157384] (-) TimerEvent: {}
[51.252382] (ur_robot_driver) StdoutLine: {'line': b'[ 72%] \x1b[32m\x1b[1mLinking CXX executable controller_stopper_node\x1b[0m\n'}
[51.257518] (-) TimerEvent: {}
[51.357911] (-) TimerEvent: {}
[51.458349] (-) TimerEvent: {}
[51.498598] (ur_robot_driver) StdoutLine: {'line': b'[ 72%] Built target controller_stopper_node\n'}
[51.558595] (-) TimerEvent: {}
[51.659075] (-) TimerEvent: {}
[51.759694] (-) TimerEvent: {}
[51.810260] (ur_robot_driver) StdoutLine: {'line': b'[ 75%] \x1b[32m\x1b[1mLinking CXX executable urscript_interface\x1b[0m\n'}
[51.859899] (-) TimerEvent: {}
[51.960254] (-) TimerEvent: {}
[52.060600] (-) TimerEvent: {}
[52.061338] (ur_robot_driver) StdoutLine: {'line': b'[ 75%] Built target urscript_interface\n'}
[52.160808] (-) TimerEvent: {}
[52.261151] (-) TimerEvent: {}
[52.361467] (-) TimerEvent: {}
[52.461791] (-) TimerEvent: {}
[52.562130] (-) TimerEvent: {}
[52.662463] (-) TimerEvent: {}
[52.762779] (-) TimerEvent: {}
[52.863105] (-) TimerEvent: {}
[52.963455] (-) TimerEvent: {}
[53.063782] (-) TimerEvent: {}
[53.164125] (-) TimerEvent: {}
[53.264462] (-) TimerEvent: {}
[53.364789] (-) TimerEvent: {}
[53.465115] (-) TimerEvent: {}
[53.565449] (-) TimerEvent: {}
[53.665796] (-) TimerEvent: {}
[53.766149] (-) TimerEvent: {}
[53.866483] (-) TimerEvent: {}
[53.966827] (-) TimerEvent: {}
[54.067179] (-) TimerEvent: {}
[54.167514] (-) TimerEvent: {}
[54.267759] (-) TimerEvent: {}
[54.368083] (-) TimerEvent: {}
[54.468441] (-) TimerEvent: {}
[54.568774] (-) TimerEvent: {}
[54.669089] (-) TimerEvent: {}
[54.769428] (-) TimerEvent: {}
[54.869765] (-) TimerEvent: {}
[54.970090] (-) TimerEvent: {}
[55.070434] (-) TimerEvent: {}
[55.170746] (-) TimerEvent: {}
[55.271072] (-) TimerEvent: {}
[55.371403] (-) TimerEvent: {}
[55.471745] (-) TimerEvent: {}
[55.572073] (-) TimerEvent: {}
[55.672390] (-) TimerEvent: {}
[55.772746] (-) TimerEvent: {}
[55.873075] (-) TimerEvent: {}
[55.973419] (-) TimerEvent: {}
[56.073770] (-) TimerEvent: {}
[56.174100] (-) TimerEvent: {}
[56.274448] (-) TimerEvent: {}
[56.374787] (-) TimerEvent: {}
[56.475119] (-) TimerEvent: {}
[56.575464] (-) TimerEvent: {}
[56.675795] (-) TimerEvent: {}
[56.776133] (-) TimerEvent: {}
[56.876465] (-) TimerEvent: {}
[56.976799] (-) TimerEvent: {}
[57.077134] (-) TimerEvent: {}
[57.177477] (-) TimerEvent: {}
[57.277812] (-) TimerEvent: {}
[57.378164] (-) TimerEvent: {}
[57.478508] (-) TimerEvent: {}
[57.578833] (-) TimerEvent: {}
[57.679171] (-) TimerEvent: {}
[57.779511] (-) TimerEvent: {}
[57.879844] (-) TimerEvent: {}
[57.980183] (-) TimerEvent: {}
[58.080521] (-) TimerEvent: {}
[58.180860] (-) TimerEvent: {}
[58.281199] (-) TimerEvent: {}
[58.381525] (-) TimerEvent: {}
[58.481854] (-) TimerEvent: {}
[58.582125] (-) TimerEvent: {}
[58.682475] (-) TimerEvent: {}
[58.782857] (-) TimerEvent: {}
[58.883239] (-) TimerEvent: {}
[58.983598] (-) TimerEvent: {}
[59.080012] (ur_robot_driver) StdoutLine: {'line': b'[ 79%] \x1b[32m\x1b[1mLinking CXX shared library librobot_state_helper_lib.so\x1b[0m\n'}
[59.083668] (-) TimerEvent: {}
[59.183991] (-) TimerEvent: {}
[59.284318] (-) TimerEvent: {}
[59.384663] (-) TimerEvent: {}
[59.427158] (ur_robot_driver) StdoutLine: {'line': b'[ 79%] Built target robot_state_helper_lib\n'}
[59.447923] (ur_robot_driver) StdoutLine: {'line': b'[ 82%] \x1b[32mBuilding CXX object CMakeFiles/robot_state_helper.dir/src/robot_state_helper_node.cpp.o\x1b[0m\n'}
[59.448600] (ur_robot_driver) StdoutLine: {'line': b'[ 86%] \x1b[32mBuilding CXX object CMakeFiles/test_robot_state_helper.dir/test/test_robot_state_helper.cpp.o\x1b[0m\n'}
[59.484857] (-) TimerEvent: {}
[59.585280] (-) TimerEvent: {}
[59.685696] (-) TimerEvent: {}
[59.786103] (-) TimerEvent: {}
[59.886504] (-) TimerEvent: {}
[59.986939] (-) TimerEvent: {}
[60.087369] (-) TimerEvent: {}
[60.187842] (-) TimerEvent: {}
[60.288274] (-) TimerEvent: {}
[60.388739] (-) TimerEvent: {}
[60.489166] (-) TimerEvent: {}
[60.589619] (-) TimerEvent: {}
[60.690041] (-) TimerEvent: {}
[60.790493] (-) TimerEvent: {}
[60.890918] (-) TimerEvent: {}
[60.991355] (-) TimerEvent: {}
[61.091797] (-) TimerEvent: {}
[61.192235] (-) TimerEvent: {}
[61.292698] (-) TimerEvent: {}
[61.393122] (-) TimerEvent: {}
[61.487187] (ur_robot_driver) StdoutLine: {'line': b'[ 89%] \x1b[32m\x1b[1mLinking CXX executable robot_state_helper\x1b[0m\n'}
[61.493350] (-) TimerEvent: {}
[61.593761] (-) TimerEvent: {}
[61.624399] (ur_robot_driver) StdoutLine: {'line': b'[ 89%] Built target robot_state_helper\n'}
[61.693879] (-) TimerEvent: {}
[61.794307] (-) TimerEvent: {}
[61.894608] (-) TimerEvent: {}
[61.995027] (-) TimerEvent: {}
[62.095467] (-) TimerEvent: {}
[62.195888] (-) TimerEvent: {}
[62.296306] (-) TimerEvent: {}
[62.396745] (-) TimerEvent: {}
[62.497181] (-) TimerEvent: {}
[62.597637] (-) TimerEvent: {}
[62.698067] (-) TimerEvent: {}
[62.798485] (-) TimerEvent: {}
[62.899008] (-) TimerEvent: {}
[62.999347] (-) TimerEvent: {}
[63.099700] (-) TimerEvent: {}
[63.200028] (-) TimerEvent: {}
[63.300379] (-) TimerEvent: {}
[63.400713] (-) TimerEvent: {}
[63.501039] (-) TimerEvent: {}
[63.601370] (-) TimerEvent: {}
[63.701696] (-) TimerEvent: {}
[63.802022] (-) TimerEvent: {}
[63.902349] (-) TimerEvent: {}
[64.002689] (-) TimerEvent: {}
[64.103016] (-) TimerEvent: {}
[64.203349] (-) TimerEvent: {}
[64.303685] (-) TimerEvent: {}
[64.403957] (-) TimerEvent: {}
[64.504290] (-) TimerEvent: {}
[64.604624] (-) TimerEvent: {}
[64.704969] (-) TimerEvent: {}
[64.805312] (-) TimerEvent: {}
[64.905658] (-) TimerEvent: {}
[65.006013] (-) TimerEvent: {}
[65.106346] (-) TimerEvent: {}
[65.206692] (-) TimerEvent: {}
[65.307009] (-) TimerEvent: {}
[65.407328] (-) TimerEvent: {}
[65.507663] (-) TimerEvent: {}
[65.608004] (-) TimerEvent: {}
[65.708341] (-) TimerEvent: {}
[65.808697] (-) TimerEvent: {}
[65.909038] (-) TimerEvent: {}
[66.009376] (-) TimerEvent: {}
[66.109696] (-) TimerEvent: {}
[66.210027] (-) TimerEvent: {}
[66.310364] (-) TimerEvent: {}
[66.410720] (-) TimerEvent: {}
[66.511056] (-) TimerEvent: {}
[66.611382] (-) TimerEvent: {}
[66.711720] (-) TimerEvent: {}
[66.812075] (-) TimerEvent: {}
[66.912430] (-) TimerEvent: {}
[67.012767] (-) TimerEvent: {}
[67.113108] (-) TimerEvent: {}
[67.213444] (-) TimerEvent: {}
[67.313766] (-) TimerEvent: {}
[67.414103] (-) TimerEvent: {}
[67.514476] (-) TimerEvent: {}
[67.614826] (-) TimerEvent: {}
[67.715180] (-) TimerEvent: {}
[67.815516] (-) TimerEvent: {}
[67.915854] (-) TimerEvent: {}
[68.016219] (-) TimerEvent: {}
[68.116579] (-) TimerEvent: {}
[68.214726] (ur_robot_driver) StdoutLine: {'line': b'[ 93%] \x1b[32m\x1b[1mLinking CXX executable test_robot_state_helper\x1b[0m\n'}
[68.216645] (-) TimerEvent: {}
[68.316953] (-) TimerEvent: {}
[68.417332] (-) TimerEvent: {}
[68.466516] (ur_robot_driver) StdoutLine: {'line': b'[ 93%] Built target test_robot_state_helper\n'}
[68.517550] (-) TimerEvent: {}
[68.617921] (-) TimerEvent: {}
[68.718253] (-) TimerEvent: {}
[68.818614] (-) TimerEvent: {}
[68.918972] (-) TimerEvent: {}
[69.019335] (-) TimerEvent: {}
[69.109229] (ur_robot_driver) StdoutLine: {'line': b'[ 96%] \x1b[32m\x1b[1mLinking CXX shared library libur_robot_driver_plugin.so\x1b[0m\n'}
[69.119533] (-) TimerEvent: {}
[69.219863] (-) TimerEvent: {}
[69.320189] (-) TimerEvent: {}
[69.420535] (-) TimerEvent: {}
[69.520873] (-) TimerEvent: {}
[69.557195] (ur_robot_driver) StdoutLine: {'line': b'[ 96%] Built target ur_robot_driver_plugin\n'}
[69.621054] (-) TimerEvent: {}
[69.721408] (-) TimerEvent: {}
[69.821908] (-) TimerEvent: {}
[69.922240] (-) TimerEvent: {}
[70.022574] (-) TimerEvent: {}
[70.122910] (-) TimerEvent: {}
[70.223232] (-) TimerEvent: {}
[70.323568] (-) TimerEvent: {}
[70.423911] (-) TimerEvent: {}
[70.524260] (-) TimerEvent: {}
[70.624659] (-) TimerEvent: {}
[70.725055] (-) TimerEvent: {}
[70.825410] (-) TimerEvent: {}
[70.925907] (-) TimerEvent: {}
[71.026265] (-) TimerEvent: {}
[71.126609] (-) TimerEvent: {}
[71.196944] (ur_robot_driver) StdoutLine: {'line': b'[100%] \x1b[32m\x1b[1mLinking CXX executable dashboard_client\x1b[0m\n'}
[71.226775] (-) TimerEvent: {}
[71.327359] (-) TimerEvent: {}
[71.427913] (-) TimerEvent: {}
[71.528244] (-) TimerEvent: {}
[71.620792] (ur_robot_driver) StdoutLine: {'line': b'[100%] Built target dashboard_client\n'}
[71.628479] (-) TimerEvent: {}
[71.638057] (ur_robot_driver) CommandEnded: {'returncode': 0}
[71.639795] (ur_robot_driver) JobProgress: {'identifier': 'ur_robot_driver', 'progress': 'install'}
[71.642195] (ur_robot_driver) Command: {'cmd': ['/usr/bin/cmake', '--install', '/home/sonvu/ur_ws/build/ur_robot_driver'], 'cwd': '/home/sonvu/ur_ws/build/ur_robot_driver', 'env': OrderedDict([('LESSOPEN', '| /usr/bin/lesspipe %s'), ('LANGUAGE', 'en_US:en'), ('USER', 'sonvu'), ('LC_TIME', 'vi_VN'), ('XDG_SESSION_TYPE', 'wayland'), ('SHLVL', '1'), ('LD_LIBRARY_PATH', '/home/sonvu/ur_ws/install/ur_controllers/lib:/home/sonvu/ur_ws/install/ur_dashboard_msgs/lib:/usr/lib/x86_64-linux-gnu/gazebo-11/plugins:/opt/ros/humble/opt/rviz_ogre_vendor/lib:/opt/ros/humble/lib/x86_64-linux-gnu:/opt/ros/humble/lib'), ('HOME', '/home/sonvu'), ('OLDPWD', '/home/sonvu'), ('DESKTOP_SESSION', 'ubuntu'), ('ROS_PYTHON_VERSION', '3'), ('GNOME_SHELL_SESSION_MODE', 'ubuntu'), ('GTK_MODULES', 'gail:atk-bridge'), ('LC_MONETARY', 'vi_VN'), ('SYSTEMD_EXEC_PID', '1840'), ('DBUS_SESSION_BUS_ADDRESS', 'unix:path=/run/user/1000/bus'), ('COLORTERM', 'truecolor'), ('IM_CONFIG_PHASE', '1'), ('WAYLAND_DISPLAY', 'wayland-0'), ('COLCON_PREFIX_PATH', '/home/sonvu/rtablc_base/install'), ('ROS_DISTRO', 'humble'), ('LOGNAME', 'sonvu'), ('_', '/usr/bin/colcon'), ('ROS_VERSION', '2'), ('XDG_SESSION_CLASS', 'user'), ('USERNAME', 'sonvu'), ('TERM', 'xterm-256color'), ('GNOME_DESKTOP_SESSION_ID', 'this-is-deprecated'), ('ROS_LOCALHOST_ONLY', '0'), ('PATH', '/opt/ros/humble/bin:/home/sonvu/.local/bin:/usr/local/sbin:/usr/local/bin:/usr/sbin:/usr/bin:/sbin:/bin:/usr/games:/usr/local/games:/snap/bin:/snap/bin'), ('SESSION_MANAGER', 'local/sonvu-Thin-15-B13UC:@/tmp/.ICE-unix/1810,unix/sonvu-Thin-15-B13UC:/tmp/.ICE-unix/1810'), ('PAPERSIZE', 'a4'), ('XDG_MENU_PREFIX', 'gnome-'), ('LC_ADDRESS', 'vi_VN'), ('GNOME_TERMINAL_SCREEN', '/org/gnome/Terminal/screen/13a4e776_53ad_4e87_90a5_551c296629db'), ('GNOME_SETUP_DISPLAY', ':1'), ('XDG_RUNTIME_DIR', '/run/user/1000'), ('DISPLAY', ':0'), ('LANG', 'en_US.UTF-8'), ('XDG_CURRENT_DESKTOP', 'ubuntu:GNOME'), ('LC_TELEPHONE', 'vi_VN'), ('XMODIFIERS', '@im=ibus'), ('XDG_SESSION_DESKTOP', 'ubuntu'), ('XAUTHORITY', '/run/user/1000/.mutter-Xwaylandauth.JB0DV3'), ('LS_COLORS', 'rs=0:di=01;34:ln=01;36:mh=00:pi=40;33:so=01;35:do=01;35:bd=40;33;01:cd=40;33;01:or=40;31;01:mi=00:su=37;41:sg=30;43:ca=30;41:tw=30;42:ow=34;42:st=37;44:ex=01;32:*.tar=01;31:*.tgz=01;31:*.arc=01;31:*.arj=01;31:*.taz=01;31:*.lha=01;31:*.lz4=01;31:*.lzh=01;31:*.lzma=01;31:*.tlz=01;31:*.txz=01;31:*.tzo=01;31:*.t7z=01;31:*.zip=01;31:*.z=01;31:*.dz=01;31:*.gz=01;31:*.lrz=01;31:*.lz=01;31:*.lzo=01;31:*.xz=01;31:*.zst=01;31:*.tzst=01;31:*.bz2=01;31:*.bz=01;31:*.tbz=01;31:*.tbz2=01;31:*.tz=01;31:*.deb=01;31:*.rpm=01;31:*.jar=01;31:*.war=01;31:*.ear=01;31:*.sar=01;31:*.rar=01;31:*.alz=01;31:*.ace=01;31:*.zoo=01;31:*.cpio=01;31:*.7z=01;31:*.rz=01;31:*.cab=01;31:*.wim=01;31:*.swm=01;31:*.dwm=01;31:*.esd=01;31:*.jpg=01;35:*.jpeg=01;35:*.mjpg=01;35:*.mjpeg=01;35:*.gif=01;35:*.bmp=01;35:*.pbm=01;35:*.pgm=01;35:*.ppm=01;35:*.tga=01;35:*.xbm=01;35:*.xpm=01;35:*.tif=01;35:*.tiff=01;35:*.png=01;35:*.svg=01;35:*.svgz=01;35:*.mng=01;35:*.pcx=01;35:*.mov=01;35:*.mpg=01;35:*.mpeg=01;35:*.m2v=01;35:*.mkv=01;35:*.webm=01;35:*.webp=01;35:*.ogm=01;35:*.mp4=01;35:*.m4v=01;35:*.mp4v=01;35:*.vob=01;35:*.qt=01;35:*.nuv=01;35:*.wmv=01;35:*.asf=01;35:*.rm=01;35:*.rmvb=01;35:*.flc=01;35:*.avi=01;35:*.fli=01;35:*.flv=01;35:*.gl=01;35:*.dl=01;35:*.xcf=01;35:*.xwd=01;35:*.yuv=01;35:*.cgm=01;35:*.emf=01;35:*.ogv=01;35:*.ogx=01;35:*.aac=00;36:*.au=00;36:*.flac=00;36:*.m4a=00;36:*.mid=00;36:*.midi=00;36:*.mka=00;36:*.mp3=00;36:*.mpc=00;36:*.ogg=00;36:*.ra=00;36:*.wav=00;36:*.oga=00;36:*.opus=00;36:*.spx=00;36:*.xspf=00;36:'), ('GNOME_TERMINAL_SERVICE', ':1.111'), ('SSH_AGENT_LAUNCHER', 'gnome-keyring'), ('SSH_AUTH_SOCK', '/run/user/1000/keyring/ssh'), ('AMENT_PREFIX_PATH', '/home/sonvu/ur_ws/install/ur_controllers:/home/sonvu/ur_ws/install/ur_dashboard_msgs:/home/sonvu/rtablc_base/install/rtablc_experiment:/opt/ros/humble'), ('SHELL', '/bin/bash'), ('LC_NAME', 'vi_VN'), ('QT_ACCESSIBILITY', '1'), ('GDMSESSION', 'ubuntu'), ('LESSCLOSE', '/usr/bin/lesspipe %s %s'), ('LC_MEASUREMENT', 'vi_VN'), ('LC_IDENTIFICATION', 'vi_VN'), ('QT_IM_MODULE', 'ibus'), ('PWD', '/home/sonvu/ur_ws/build/ur_robot_driver'), ('LC_ALL', 'en_US.UTF-8'), ('XDG_CONFIG_DIRS', '/etc/xdg/xdg-ubuntu:/etc/xdg'), ('XDG_DATA_DIRS', '/usr/share/ubuntu:/usr/local/share/:/usr/share/:/var/lib/snapd/desktop'), ('PYTHONPATH', '/home/sonvu/ur_ws/install/ur_dashboard_msgs/local/lib/python3.10/dist-packages:/home/sonvu/rtablc_base/build/rtablc_experiment:/home/sonvu/rtablc_base/install/rtablc_experiment/lib/python3.10/site-packages:/opt/ros/humble/lib/python3.10/site-packages:/opt/ros/humble/local/lib/python3.10/dist-packages'), ('LC_NUMERIC', 'vi_VN'), ('LC_PAPER', 'vi_VN'), ('COLCON', '1'), ('VTE_VERSION', '6800'), ('CMAKE_PREFIX_PATH', '/home/sonvu/ur_ws/install/ur_controllers:/home/sonvu/ur_ws/install/ur_dashboard_msgs:/home/sonvu/rtablc_base/install/rtablc_experiment:/opt/ros/humble')]), 'shell': False}
[71.657597] (ur_robot_driver) StdoutLine: {'line': b'-- Install configuration: "RelWithDebInfo"\n'}
[71.658295] (ur_robot_driver) StdoutLine: {'line': b'-- Execute custom install script\n'}
[71.658489] (ur_robot_driver) StdoutLine: {'line': b'-- Symlinking: /home/sonvu/ur_ws/install/ur_robot_driver/share/ur_robot_driver//hardware_interface_plugin.xml\n'}
[71.666390] (ur_robot_driver) StdoutLine: {'line': b'-- Symlinking: /home/sonvu/ur_ws/install/ur_robot_driver/lib/ur_robot_driver/controller_stopper_node\n'}
[71.678193] (ur_robot_driver) StdoutLine: {'line': b'-- Symlinking: /home/sonvu/ur_ws/install/ur_robot_driver/lib/ur_robot_driver/dashboard_client\n'}
[71.700466] (ur_robot_driver) StdoutLine: {'line': b'-- Symlinking: /home/sonvu/ur_ws/install/ur_robot_driver/lib/ur_robot_driver/robot_state_helper\n'}
[71.720311] (ur_robot_driver) StdoutLine: {'line': b'-- Symlinking: /home/sonvu/ur_ws/install/ur_robot_driver/lib/ur_robot_driver/trajectory_until_node\n'}
[71.728707] (-) TimerEvent: {}
[71.730921] (ur_robot_driver) StdoutLine: {'line': b'-- Symlinking: /home/sonvu/ur_ws/install/ur_robot_driver/lib/ur_robot_driver/ur_ros2_control_node\n'}
[71.744573] (ur_robot_driver) StdoutLine: {'line': b'-- Symlinking: /home/sonvu/ur_ws/install/ur_robot_driver/lib/ur_robot_driver/urscript_interface\n'}
[71.763701] (ur_robot_driver) StdoutLine: {'line': b'-- Symlinking: /home/sonvu/ur_ws/install/ur_robot_driver/lib/libur_robot_driver_plugin.so\n'}
[71.781829] (ur_robot_driver) StdoutLine: {'line': b'-- Symlinking: /home/sonvu/ur_ws/install/ur_robot_driver/include/ur_robot_driver/controller_stopper.hpp\n'}
[71.796256] (ur_robot_driver) StdoutLine: {'line': b'-- Symlinking: /home/sonvu/ur_ws/install/ur_robot_driver/include/ur_robot_driver/dashboard_client_ros.hpp\n'}
[71.811125] (ur_robot_driver) StdoutLine: {'line': b'-- Symlinking: /home/sonvu/ur_ws/install/ur_robot_driver/include/ur_robot_driver/hardware_interface.hpp\n'}
[71.825879] (ur_robot_driver) StdoutLine: {'line': b'-- Symlinking: /home/sonvu/ur_ws/install/ur_robot_driver/include/ur_robot_driver/robot_state_helper.hpp\n'}
[71.828873] (-) TimerEvent: {}
[71.844086] (ur_robot_driver) StdoutLine: {'line': b'-- Symlinking: /home/sonvu/ur_ws/install/ur_robot_driver/include/ur_robot_driver/trajectory_until_node.hpp\n'}
[71.864062] (ur_robot_driver) StdoutLine: {'line': b'-- Symlinking: /home/sonvu/ur_ws/install/ur_robot_driver/include/ur_robot_driver/urcl_log_handler.hpp\n'}
[71.871120] (ur_robot_driver) StdoutLine: {'line': b'-- Symlinking: /home/sonvu/ur_ws/install/ur_robot_driver/share/ur_robot_driver/environment/library_path.sh\n'}
[71.882103] (ur_robot_driver) StdoutLine: {'line': b'-- Symlinking: /home/sonvu/ur_ws/install/ur_robot_driver/share/ur_robot_driver/environment/library_path.dsv\n'}
[71.899249] (ur_robot_driver) StdoutLine: {'line': b'-- Up-to-date symlink: /home/sonvu/ur_ws/install/ur_robot_driver/include/ur_robot_driver/controller_stopper.hpp\n'}
[71.899503] (ur_robot_driver) StdoutLine: {'line': b'-- Up-to-date symlink: /home/sonvu/ur_ws/install/ur_robot_driver/include/ur_robot_driver/dashboard_client_ros.hpp\n'}
[71.899802] (ur_robot_driver) StdoutLine: {'line': b'-- Up-to-date symlink: /home/sonvu/ur_ws/install/ur_robot_driver/include/ur_robot_driver/hardware_interface.hpp\n'}
[71.899992] (ur_robot_driver) StdoutLine: {'line': b'-- Up-to-date symlink: /home/sonvu/ur_ws/install/ur_robot_driver/include/ur_robot_driver/robot_state_helper.hpp\n'}
[71.900165] (ur_robot_driver) StdoutLine: {'line': b'-- Up-to-date symlink: /home/sonvu/ur_ws/install/ur_robot_driver/include/ur_robot_driver/trajectory_until_node.hpp\n'}
[71.900247] (ur_robot_driver) StdoutLine: {'line': b'-- Up-to-date symlink: /home/sonvu/ur_ws/install/ur_robot_driver/include/ur_robot_driver/urcl_log_handler.hpp\n'}
[71.900325] (ur_robot_driver) StdoutLine: {'line': b'-- Symlinking: /home/sonvu/ur_ws/install/ur_robot_driver/share/ur_robot_driver/environment/pythonpath.sh\n'}
[71.912060] (ur_robot_driver) StdoutLine: {'line': b'-- Symlinking: /home/sonvu/ur_ws/install/ur_robot_driver/share/ur_robot_driver/environment/pythonpath.dsv\n'}
[71.929090] (-) TimerEvent: {}
[71.938549] (ur_robot_driver) StdoutLine: {'line': b'-- Symlinking: /home/sonvu/ur_ws/install/ur_robot_driver/local/lib/python3.10/dist-packages/ur_robot_driver-2.15.0-py3.10.egg-info/PKG-INFO\n'}
[71.951546] (ur_robot_driver) StdoutLine: {'line': b'-- Symlinking: /home/sonvu/ur_ws/install/ur_robot_driver/local/lib/python3.10/dist-packages/ur_robot_driver-2.15.0-py3.10.egg-info/SOURCES.txt\n'}
[71.961077] (ur_robot_driver) StdoutLine: {'line': b'-- Symlinking: /home/sonvu/ur_ws/install/ur_robot_driver/local/lib/python3.10/dist-packages/ur_robot_driver-2.15.0-py3.10.egg-info/dependency_links.txt\n'}
[71.968971] (ur_robot_driver) StdoutLine: {'line': b'-- Symlinking: /home/sonvu/ur_ws/install/ur_robot_driver/local/lib/python3.10/dist-packages/ur_robot_driver-2.15.0-py3.10.egg-info/top_level.txt\n'}
[71.977771] (ur_robot_driver) StdoutLine: {'line': b'-- Symlinking: /home/sonvu/ur_ws/install/ur_robot_driver/local/lib/python3.10/dist-packages/ur_robot_driver/__init__.py\n'}
[72.000017] (ur_robot_driver) StdoutLine: {'line': b'-- Symlinking: /home/sonvu/ur_ws/install/ur_robot_driver/lib/ur_robot_driver/tool_communication.py\n'}
[72.027587] (ur_robot_driver) StdoutLine: {'line': b'-- Symlinking: /home/sonvu/ur_ws/install/ur_robot_driver/lib/ur_robot_driver/example_move.py\n'}
[72.029343] (-) TimerEvent: {}
[72.051657] (ur_robot_driver) StdoutLine: {'line': b'-- Symlinking: /home/sonvu/ur_ws/install/ur_robot_driver/lib/ur_robot_driver/start_ursim.sh\n'}
[72.064482] (ur_robot_driver) StdoutLine: {'line': b'-- Symlinking: /home/sonvu/ur_ws/install/ur_robot_driver/lib/ur_robot_driver/wait_robot_booted.py\n'}
[72.087362] (ur_robot_driver) StdoutLine: {'line': b'-- Symlinking: /home/sonvu/ur_ws/install/ur_robot_driver/lib/ur_robot_driver/examples.py\n'}
[72.122805] (ur_robot_driver) StdoutLine: {'line': b'-- Symlinking: /home/sonvu/ur_ws/install/ur_robot_driver/lib/ur_robot_driver/force_mode.py\n'}
[72.129594] (-) TimerEvent: {}
[72.138587] (ur_robot_driver) StdoutLine: {'line': b'-- Symlinking: /home/sonvu/ur_ws/install/ur_robot_driver/lib/ur_robot_driver/move_until_example.py\n'}
[72.146126] (ur_robot_driver) StdoutLine: {'line': b'-- Symlinking: /home/sonvu/ur_ws/install/ur_robot_driver/bin/wait_dashboard_server.sh\n'}
[72.156323] (ur_robot_driver) StdoutLine: {'line': b'-- Up-to-date symlink: /home/sonvu/ur_ws/install/ur_robot_driver/lib/ur_robot_driver/start_ursim.sh\n'}
[72.164884] (ur_robot_driver) StdoutLine: {'line': b'-- Symlinking: /home/sonvu/ur_ws/install/ur_robot_driver/share/ur_robot_driver/config/test_goal_publishers_config.yaml\n'}
[72.184544] (ur_robot_driver) StdoutLine: {'line': b'-- Symlinking: /home/sonvu/ur_ws/install/ur_robot_driver/share/ur_robot_driver/config/test_velocity_goal_publishers_config.yaml\n'}
[72.197138] (ur_robot_driver) StdoutLine: {'line': b'-- Symlinking: /home/sonvu/ur_ws/install/ur_robot_driver/share/ur_robot_driver/config/ur10_update_rate.yaml\n'}
[72.209093] (ur_robot_driver) StdoutLine: {'line': b'-- Symlinking: /home/sonvu/ur_ws/install/ur_robot_driver/share/ur_robot_driver/config/ur10e_update_rate.yaml\n'}
[72.221109] (ur_robot_driver) StdoutLine: {'line': b'-- Symlinking: /home/sonvu/ur_ws/install/ur_robot_driver/share/ur_robot_driver/config/ur12e_update_rate.yaml\n'}
[72.226965] (ur_robot_driver) StdoutLine: {'line': b'-- Symlinking: /home/sonvu/ur_ws/install/ur_robot_driver/share/ur_robot_driver/config/ur15_update_rate.yaml\n'}
[72.229634] (-) TimerEvent: {}
[72.235779] (ur_robot_driver) StdoutLine: {'line': b'-- Symlinking: /home/sonvu/ur_ws/install/ur_robot_driver/share/ur_robot_driver/config/ur16e_update_rate.yaml\n'}
[72.244364] (ur_robot_driver) StdoutLine: {'line': b'-- Symlinking: /home/sonvu/ur_ws/install/ur_robot_driver/share/ur_robot_driver/config/ur18_update_rate.yaml\n'}
[72.254701] (ur_robot_driver) StdoutLine: {'line': b'-- Symlinking: /home/sonvu/ur_ws/install/ur_robot_driver/share/ur_robot_driver/config/ur20_update_rate.yaml\n'}
[72.265985] (ur_robot_driver) StdoutLine: {'line': b'-- Symlinking: /home/sonvu/ur_ws/install/ur_robot_driver/share/ur_robot_driver/config/ur30_update_rate.yaml\n'}
[72.275201] (ur_robot_driver) StdoutLine: {'line': b'-- Symlinking: /home/sonvu/ur_ws/install/ur_robot_driver/share/ur_robot_driver/config/ur3_update_rate.yaml\n'}
[72.288237] (ur_robot_driver) StdoutLine: {'line': b'-- Symlinking: /home/sonvu/ur_ws/install/ur_robot_driver/share/ur_robot_driver/config/ur3e_update_rate.yaml\n'}
[72.301236] (ur_robot_driver) StdoutLine: {'line': b'-- Symlinking: /home/sonvu/ur_ws/install/ur_robot_driver/share/ur_robot_driver/config/ur5_update_rate.yaml\n'}
[72.315158] (ur_robot_driver) StdoutLine: {'line': b'-- Symlinking: /home/sonvu/ur_ws/install/ur_robot_driver/share/ur_robot_driver/config/ur5e_update_rate.yaml\n'}
[72.329820] (-) TimerEvent: {}
[72.330814] (ur_robot_driver) StdoutLine: {'line': b'-- Symlinking: /home/sonvu/ur_ws/install/ur_robot_driver/share/ur_robot_driver/config/ur7e_update_rate.yaml\n'}
[72.350509] (ur_robot_driver) StdoutLine: {'line': b'-- Symlinking: /home/sonvu/ur_ws/install/ur_robot_driver/share/ur_robot_driver/config/ur8long_update_rate.yaml\n'}
[72.361100] (ur_robot_driver) StdoutLine: {'line': b'-- Symlinking: /home/sonvu/ur_ws/install/ur_robot_driver/share/ur_robot_driver/config/ur_controllers.yaml\n'}
[72.393816] (ur_robot_driver) StdoutLine: {'line': b'-- Symlinking: /home/sonvu/ur_ws/install/ur_robot_driver/share/ur_robot_driver/launch/test_forward_velocity_controller.launch.py\n'}
[72.408505] (ur_robot_driver) StdoutLine: {'line': b'-- Symlinking: /home/sonvu/ur_ws/install/ur_robot_driver/share/ur_robot_driver/launch/test_joint_trajectory_controller.launch.py\n'}
[72.430156] (ur_robot_driver) StdoutLine: {'line': b'-- Symlinking: /home/sonvu/ur_ws/install/ur_robot_driver/share/ur_robot_driver/launch/test_scaled_joint_trajectory_controller.launch.py\n'}
[72.430507] (-) TimerEvent: {}
[72.444779] (ur_robot_driver) StdoutLine: {'line': b'-- Symlinking: /home/sonvu/ur_ws/install/ur_robot_driver/share/ur_robot_driver/launch/ur10.launch.py\n'}
[72.459537] (ur_robot_driver) StdoutLine: {'line': b'-- Symlinking: /home/sonvu/ur_ws/install/ur_robot_driver/share/ur_robot_driver/launch/ur10e.launch.py\n'}
[72.477157] (ur_robot_driver) StdoutLine: {'line': b'-- Symlinking: /home/sonvu/ur_ws/install/ur_robot_driver/share/ur_robot_driver/launch/ur12e.launch.py\n'}
[72.490517] (ur_robot_driver) StdoutLine: {'line': b'-- Symlinking: /home/sonvu/ur_ws/install/ur_robot_driver/share/ur_robot_driver/launch/ur15.launch.py\n'}
[72.505184] (ur_robot_driver) StdoutLine: {'line': b'-- Symlinking: /home/sonvu/ur_ws/install/ur_robot_driver/share/ur_robot_driver/launch/ur16e.launch.py\n'}
[72.518105] (ur_robot_driver) StdoutLine: {'line': b'-- Symlinking: /home/sonvu/ur_ws/install/ur_robot_driver/share/ur_robot_driver/launch/ur18.launch.py\n'}
[72.530696] (-) TimerEvent: {}
[72.532505] (ur_robot_driver) StdoutLine: {'line': b'-- Symlinking: /home/sonvu/ur_ws/install/ur_robot_driver/share/ur_robot_driver/launch/ur20.launch.py\n'}
[72.543999] (ur_robot_driver) StdoutLine: {'line': b'-- Symlinking: /home/sonvu/ur_ws/install/ur_robot_driver/share/ur_robot_driver/launch/ur3.launch.py\n'}
[72.564742] (ur_robot_driver) StdoutLine: {'line': b'-- Symlinking: /home/sonvu/ur_ws/install/ur_robot_driver/share/ur_robot_driver/launch/ur30.launch.py\n'}
[72.586845] (ur_robot_driver) StdoutLine: {'line': b'-- Symlinking: /home/sonvu/ur_ws/install/ur_robot_driver/share/ur_robot_driver/launch/ur3e.launch.py\n'}
[72.612673] (ur_robot_driver) StdoutLine: {'line': b'-- Symlinking: /home/sonvu/ur_ws/install/ur_robot_driver/share/ur_robot_driver/launch/ur5.launch.py\n'}
[72.630977] (-) TimerEvent: {}
[72.639686] (ur_robot_driver) StdoutLine: {'line': b'-- Symlinking: /home/sonvu/ur_ws/install/ur_robot_driver/share/ur_robot_driver/launch/ur5e.launch.py\n'}
[72.661109] (ur_robot_driver) StdoutLine: {'line': b'-- Symlinking: /home/sonvu/ur_ws/install/ur_robot_driver/share/ur_robot_driver/launch/ur7e.launch.py\n'}
[72.688946] (ur_robot_driver) StdoutLine: {'line': b'-- Symlinking: /home/sonvu/ur_ws/install/ur_robot_driver/share/ur_robot_driver/launch/ur8long.launch.py\n'}
[72.703629] (ur_robot_driver) StdoutLine: {'line': b'-- Symlinking: /home/sonvu/ur_ws/install/ur_robot_driver/share/ur_robot_driver/launch/ur_control.launch.py\n'}
[72.713611] (ur_robot_driver) StdoutLine: {'line': b'-- Symlinking: /home/sonvu/ur_ws/install/ur_robot_driver/share/ur_robot_driver/launch/ur_dashboard_client.launch.py\n'}
[72.726258] (ur_robot_driver) StdoutLine: {'line': b'-- Symlinking: /home/sonvu/ur_ws/install/ur_robot_driver/share/ament_index/resource_index/package_run_dependencies/ur_robot_driver\n'}
[72.731121] (-) TimerEvent: {}
[72.741866] (ur_robot_driver) StdoutLine: {'line': b'-- Symlinking: /home/sonvu/ur_ws/install/ur_robot_driver/share/ament_index/resource_index/parent_prefix_path/ur_robot_driver\n'}
[72.752902] (ur_robot_driver) StdoutLine: {'line': b'-- Symlinking: /home/sonvu/ur_ws/install/ur_robot_driver/share/ur_robot_driver/environment/ament_prefix_path.sh\n'}
[72.761503] (ur_robot_driver) StdoutLine: {'line': b'-- Symlinking: /home/sonvu/ur_ws/install/ur_robot_driver/share/ur_robot_driver/environment/ament_prefix_path.dsv\n'}
[72.769936] (ur_robot_driver) StdoutLine: {'line': b'-- Symlinking: /home/sonvu/ur_ws/install/ur_robot_driver/share/ur_robot_driver/environment/path.sh\n'}
[72.788241] (ur_robot_driver) StdoutLine: {'line': b'-- Symlinking: /home/sonvu/ur_ws/install/ur_robot_driver/share/ur_robot_driver/environment/path.dsv\n'}
[72.807335] (ur_robot_driver) StdoutLine: {'line': b'-- Symlinking: /home/sonvu/ur_ws/install/ur_robot_driver/share/ur_robot_driver/local_setup.bash\n'}
[72.831241] (-) TimerEvent: {}
[72.837944] (ur_robot_driver) StdoutLine: {'line': b'-- Symlinking: /home/sonvu/ur_ws/install/ur_robot_driver/share/ur_robot_driver/local_setup.sh\n'}
[72.860689] (ur_robot_driver) StdoutLine: {'line': b'-- Symlinking: /home/sonvu/ur_ws/install/ur_robot_driver/share/ur_robot_driver/local_setup.zsh\n'}
[72.879785] (ur_robot_driver) StdoutLine: {'line': b'-- Symlinking: /home/sonvu/ur_ws/install/ur_robot_driver/share/ur_robot_driver/local_setup.dsv\n'}
[72.899459] (ur_robot_driver) StdoutLine: {'line': b'-- Symlinking: /home/sonvu/ur_ws/install/ur_robot_driver/share/ur_robot_driver/package.dsv\n'}
[72.918027] (ur_robot_driver) StdoutLine: {'line': b'-- Symlinking: /home/sonvu/ur_ws/install/ur_robot_driver/share/ament_index/resource_index/packages/ur_robot_driver\n'}
[72.931351] (-) TimerEvent: {}
[72.937427] (ur_robot_driver) StdoutLine: {'line': b'-- Symlinking: /home/sonvu/ur_ws/install/ur_robot_driver/share/ament_index/resource_index/hardware_interface__pluginlib__plugin/ur_robot_driver\n'}
[72.948465] (ur_robot_driver) StdoutLine: {'line': b'-- Symlinking: /home/sonvu/ur_ws/install/ur_robot_driver/share/ur_robot_driver/cmake/ament_cmake_export_include_directories-extras.cmake\n'}
[72.961806] (ur_robot_driver) StdoutLine: {'line': b'-- Symlinking: /home/sonvu/ur_ws/install/ur_robot_driver/share/ur_robot_driver/cmake/ament_cmake_export_libraries-extras.cmake\n'}
[72.971340] (ur_robot_driver) StdoutLine: {'line': b'-- Symlinking: /home/sonvu/ur_ws/install/ur_robot_driver/share/ur_robot_driver/cmake/ament_cmake_export_dependencies-extras.cmake\n'}
[72.981852] (ur_robot_driver) StdoutLine: {'line': b'-- Symlinking: /home/sonvu/ur_ws/install/ur_robot_driver/share/ur_robot_driver/cmake/ur_robot_driverConfig.cmake\n'}
[72.996102] (ur_robot_driver) StdoutLine: {'line': b'-- Symlinking: /home/sonvu/ur_ws/install/ur_robot_driver/share/ur_robot_driver/cmake/ur_robot_driverConfig-version.cmake\n'}
[73.003406] (ur_robot_driver) StdoutLine: {'line': b'-- Symlinking: /home/sonvu/ur_ws/install/ur_robot_driver/share/ur_robot_driver/package.xml\n'}
[73.012763] (ur_robot_driver) StdoutLine: {'line': b'-- Installing: /home/sonvu/ur_ws/install/ur_robot_driver/lib/librobot_state_helper_lib.so\n'}
[73.031543] (-) TimerEvent: {}
[73.037379] (ur_robot_driver) StdoutLine: {'line': b'-- Set runtime path of "/home/sonvu/ur_ws/install/ur_robot_driver/lib/librobot_state_helper_lib.so" to ""\n'}
[73.037475] (ur_robot_driver) StdoutLine: {'line': b'-- Installing: /home/sonvu/ur_ws/install/ur_robot_driver/share/ur_robot_driver/resources\n'}
[73.050564] (ur_robot_driver) StdoutLine: {'line': b'-- Installing: /home/sonvu/ur_ws/install/ur_robot_driver/share/ur_robot_driver/resources/rtde_output_recipe.txt\n'}
[73.051142] (ur_robot_driver) StdoutLine: {'line': b'-- Installing: /home/sonvu/ur_ws/install/ur_robot_driver/share/ur_robot_driver/resources/externalcontrol-1.0.5.urcap\n'}
[73.051826] (ur_robot_driver) StdoutLine: {'line': b'-- Installing: /home/sonvu/ur_ws/install/ur_robot_driver/share/ur_robot_driver/resources/rtde_input_recipe.txt\n'}
[73.052330] (ur_robot_driver) StdoutLine: {'line': b'-- Installing: /home/sonvu/ur_ws/install/ur_robot_driver/share/ur_robot_driver/resources/ros_control.urscript\n'}
[73.052765] (ur_robot_driver) StdoutLine: {'line': b'-- Installing: /home/sonvu/ur_ws/install/ur_robot_driver/share/ur_robot_driver/resources/rs485-1.0.urcap\n'}
[73.096297] (ur_robot_driver) StdoutLine: {'line': b"Listing '/home/sonvu/ur_ws/install/ur_robot_driver/local/lib/python3.10/dist-packages/ur_robot_driver'...\n"}
[73.096403] (ur_robot_driver) StdoutLine: {'line': b"Compiling '/home/sonvu/ur_ws/install/ur_robot_driver/local/lib/python3.10/dist-packages/ur_robot_driver/__init__.py'...\n"}
[73.101114] (ur_robot_driver) CommandEnded: {'returncode': 0}
[73.120154] (ur_robot_driver) JobEnded: {'identifier': 'ur_robot_driver', 'rc': 0}
[73.120504] (ur_calibration) JobStarted: {'identifier': 'ur_calibration'}
[73.131639] (-) TimerEvent: {}
[73.133946] (ur_calibration) JobProgress: {'identifier': 'ur_calibration', 'progress': 'cmake'}
[73.135076] (ur_calibration) Command: {'cmd': ['/usr/bin/cmake', '/home/sonvu/ur_ws/src/Universal_Robots_ROS2_Driver/ur_calibration', '-DAMENT_CMAKE_SYMLINK_INSTALL=1', '-DCMAKE_INSTALL_PREFIX=/home/sonvu/ur_ws/install/ur_calibration'], 'cwd': '/home/sonvu/ur_ws/build/ur_calibration', 'env': OrderedDict([('LESSOPEN', '| /usr/bin/lesspipe %s'), ('LANGUAGE', 'en_US:en'), ('USER', 'sonvu'), ('LC_TIME', 'vi_VN'), ('XDG_SESSION_TYPE', 'wayland'), ('SHLVL', '1'), ('LD_LIBRARY_PATH', '/home/sonvu/ur_ws/install/ur_robot_driver/lib:/home/sonvu/ur_ws/install/ur_controllers/lib:/home/sonvu/ur_ws/install/ur_dashboard_msgs/lib:/usr/lib/x86_64-linux-gnu/gazebo-11/plugins:/opt/ros/humble/opt/rviz_ogre_vendor/lib:/opt/ros/humble/lib/x86_64-linux-gnu:/opt/ros/humble/lib'), ('HOME', '/home/sonvu'), ('OLDPWD', '/home/sonvu'), ('DESKTOP_SESSION', 'ubuntu'), ('ROS_PYTHON_VERSION', '3'), ('GNOME_SHELL_SESSION_MODE', 'ubuntu'), ('GTK_MODULES', 'gail:atk-bridge'), ('LC_MONETARY', 'vi_VN'), ('SYSTEMD_EXEC_PID', '1840'), ('DBUS_SESSION_BUS_ADDRESS', 'unix:path=/run/user/1000/bus'), ('COLORTERM', 'truecolor'), ('IM_CONFIG_PHASE', '1'), ('WAYLAND_DISPLAY', 'wayland-0'), ('COLCON_PREFIX_PATH', '/home/sonvu/rtablc_base/install'), ('ROS_DISTRO', 'humble'), ('LOGNAME', 'sonvu'), ('_', '/usr/bin/colcon'), ('ROS_VERSION', '2'), ('XDG_SESSION_CLASS', 'user'), ('USERNAME', 'sonvu'), ('TERM', 'xterm-256color'), ('GNOME_DESKTOP_SESSION_ID', 'this-is-deprecated'), ('ROS_LOCALHOST_ONLY', '0'), ('PATH', '/home/sonvu/ur_ws/install/ur_robot_driver/bin:/opt/ros/humble/bin:/home/sonvu/.local/bin:/usr/local/sbin:/usr/local/bin:/usr/sbin:/usr/bin:/sbin:/bin:/usr/games:/usr/local/games:/snap/bin:/snap/bin'), ('SESSION_MANAGER', 'local/sonvu-Thin-15-B13UC:@/tmp/.ICE-unix/1810,unix/sonvu-Thin-15-B13UC:/tmp/.ICE-unix/1810'), ('PAPERSIZE', 'a4'), ('XDG_MENU_PREFIX', 'gnome-'), ('LC_ADDRESS', 'vi_VN'), ('GNOME_TERMINAL_SCREEN', '/org/gnome/Terminal/screen/13a4e776_53ad_4e87_90a5_551c296629db'), ('GNOME_SETUP_DISPLAY', ':1'), ('XDG_RUNTIME_DIR', '/run/user/1000'), ('DISPLAY', ':0'), ('LANG', 'en_US.UTF-8'), ('XDG_CURRENT_DESKTOP', 'ubuntu:GNOME'), ('LC_TELEPHONE', 'vi_VN'), ('XMODIFIERS', '@im=ibus'), ('XDG_SESSION_DESKTOP', 'ubuntu'), ('XAUTHORITY', '/run/user/1000/.mutter-Xwaylandauth.JB0DV3'), ('LS_COLORS', 'rs=0:di=01;34:ln=01;36:mh=00:pi=40;33:so=01;35:do=01;35:bd=40;33;01:cd=40;33;01:or=40;31;01:mi=00:su=37;41:sg=30;43:ca=30;41:tw=30;42:ow=34;42:st=37;44:ex=01;32:*.tar=01;31:*.tgz=01;31:*.arc=01;31:*.arj=01;31:*.taz=01;31:*.lha=01;31:*.lz4=01;31:*.lzh=01;31:*.lzma=01;31:*.tlz=01;31:*.txz=01;31:*.tzo=01;31:*.t7z=01;31:*.zip=01;31:*.z=01;31:*.dz=01;31:*.gz=01;31:*.lrz=01;31:*.lz=01;31:*.lzo=01;31:*.xz=01;31:*.zst=01;31:*.tzst=01;31:*.bz2=01;31:*.bz=01;31:*.tbz=01;31:*.tbz2=01;31:*.tz=01;31:*.deb=01;31:*.rpm=01;31:*.jar=01;31:*.war=01;31:*.ear=01;31:*.sar=01;31:*.rar=01;31:*.alz=01;31:*.ace=01;31:*.zoo=01;31:*.cpio=01;31:*.7z=01;31:*.rz=01;31:*.cab=01;31:*.wim=01;31:*.swm=01;31:*.dwm=01;31:*.esd=01;31:*.jpg=01;35:*.jpeg=01;35:*.mjpg=01;35:*.mjpeg=01;35:*.gif=01;35:*.bmp=01;35:*.pbm=01;35:*.pgm=01;35:*.ppm=01;35:*.tga=01;35:*.xbm=01;35:*.xpm=01;35:*.tif=01;35:*.tiff=01;35:*.png=01;35:*.svg=01;35:*.svgz=01;35:*.mng=01;35:*.pcx=01;35:*.mov=01;35:*.mpg=01;35:*.mpeg=01;35:*.m2v=01;35:*.mkv=01;35:*.webm=01;35:*.webp=01;35:*.ogm=01;35:*.mp4=01;35:*.m4v=01;35:*.mp4v=01;35:*.vob=01;35:*.qt=01;35:*.nuv=01;35:*.wmv=01;35:*.asf=01;35:*.rm=01;35:*.rmvb=01;35:*.flc=01;35:*.avi=01;35:*.fli=01;35:*.flv=01;35:*.gl=01;35:*.dl=01;35:*.xcf=01;35:*.xwd=01;35:*.yuv=01;35:*.cgm=01;35:*.emf=01;35:*.ogv=01;35:*.ogx=01;35:*.aac=00;36:*.au=00;36:*.flac=00;36:*.m4a=00;36:*.mid=00;36:*.midi=00;36:*.mka=00;36:*.mp3=00;36:*.mpc=00;36:*.ogg=00;36:*.ra=00;36:*.wav=00;36:*.oga=00;36:*.opus=00;36:*.spx=00;36:*.xspf=00;36:'), ('GNOME_TERMINAL_SERVICE', ':1.111'), ('SSH_AGENT_LAUNCHER', 'gnome-keyring'), ('SSH_AUTH_SOCK', '/run/user/1000/keyring/ssh'), ('AMENT_PREFIX_PATH', '/home/sonvu/ur_ws/install/ur_robot_driver:/home/sonvu/ur_ws/install/ur_controllers:/home/sonvu/ur_ws/install/ur_dashboard_msgs:/home/sonvu/rtablc_base/install/rtablc_experiment:/opt/ros/humble'), ('SHELL', '/bin/bash'), ('LC_NAME', 'vi_VN'), ('QT_ACCESSIBILITY', '1'), ('GDMSESSION', 'ubuntu'), ('LESSCLOSE', '/usr/bin/lesspipe %s %s'), ('LC_MEASUREMENT', 'vi_VN'), ('LC_IDENTIFICATION', 'vi_VN'), ('QT_IM_MODULE', 'ibus'), ('PWD', '/home/sonvu/ur_ws/build/ur_calibration'), ('LC_ALL', 'en_US.UTF-8'), ('XDG_CONFIG_DIRS', '/etc/xdg/xdg-ubuntu:/etc/xdg'), ('XDG_DATA_DIRS', '/usr/share/ubuntu:/usr/local/share/:/usr/share/:/var/lib/snapd/desktop'), ('PYTHONPATH', '/home/sonvu/ur_ws/install/ur_robot_driver/local/lib/python3.10/dist-packages:/home/sonvu/ur_ws/install/ur_dashboard_msgs/local/lib/python3.10/dist-packages:/home/sonvu/rtablc_base/build/rtablc_experiment:/home/sonvu/rtablc_base/install/rtablc_experiment/lib/python3.10/site-packages:/opt/ros/humble/lib/python3.10/site-packages:/opt/ros/humble/local/lib/python3.10/dist-packages'), ('LC_NUMERIC', 'vi_VN'), ('LC_PAPER', 'vi_VN'), ('COLCON', '1'), ('VTE_VERSION', '6800'), ('CMAKE_PREFIX_PATH', '/home/sonvu/ur_ws/install/ur_robot_driver:/home/sonvu/ur_ws/install/ur_controllers:/home/sonvu/ur_ws/install/ur_dashboard_msgs:/home/sonvu/rtablc_base/install/rtablc_experiment:/opt/ros/humble')]), 'shell': False}
[73.231793] (-) TimerEvent: {}
[73.286757] (ur_calibration) StdoutLine: {'line': b'-- The C compiler identification is GNU 11.4.0\n'}
[73.331971] (-) TimerEvent: {}
[73.336675] (ur_calibration) StdoutLine: {'line': b'-- The CXX compiler identification is GNU 11.4.0\n'}
[73.342469] (ur_calibration) StdoutLine: {'line': b'-- Detecting C compiler ABI info\n'}
[73.432159] (-) TimerEvent: {}
[73.434355] (ur_calibration) StdoutLine: {'line': b'-- Detecting C compiler ABI info - done\n'}
[73.439139] (ur_calibration) StdoutLine: {'line': b'-- Check for working C compiler: /usr/bin/cc - skipped\n'}
[73.439214] (ur_calibration) StdoutLine: {'line': b'-- Detecting C compile features\n'}
[73.439421] (ur_calibration) StdoutLine: {'line': b'-- Detecting C compile features - done\n'}
[73.441606] (ur_calibration) StdoutLine: {'line': b'-- Detecting CXX compiler ABI info\n'}
[73.532372] (-) TimerEvent: {}
[73.535148] (ur_calibration) StdoutLine: {'line': b'-- Detecting CXX compiler ABI info - done\n'}
[73.553639] (ur_calibration) StdoutLine: {'line': b'-- Check for working CXX compiler: /usr/bin/c++ - skipped\n'}
[73.554198] (ur_calibration) StdoutLine: {'line': b'-- Detecting CXX compile features\n'}
[73.555173] (ur_calibration) StdoutLine: {'line': b'-- Detecting CXX compile features - done\n'}
[73.556119] (ur_calibration) StderrLine: {'line': b"\x1b[0mur_calibration: You did not request a specific build type: selecting 'RelWithDebInfo'.\x1b[0m\n"}
[73.559583] (ur_calibration) StdoutLine: {'line': b'-- Found ament_cmake: 1.3.14 (/opt/ros/humble/share/ament_cmake/cmake)\n'}
[73.632573] (-) TimerEvent: {}
[73.678079] (ur_calibration) StdoutLine: {'line': b'-- Found Python3: /usr/bin/python3 (found version "3.10.12") found components: Interpreter \n'}
[73.728744] (ur_calibration) StdoutLine: {'line': b'-- Override CMake install command with custom implementation using symlinks instead of copying resources\n'}
[73.732638] (-) TimerEvent: {}
[73.753057] (ur_calibration) StdoutLine: {'line': b'-- Found rclcpp: 16.0.19 (/opt/ros/humble/share/rclcpp/cmake)\n'}
[73.785467] (ur_calibration) StdoutLine: {'line': b'-- Found rosidl_generator_c: 3.1.8 (/opt/ros/humble/share/rosidl_generator_c/cmake)\n'}
[73.789515] (ur_calibration) StdoutLine: {'line': b'-- Found rosidl_adapter: 3.1.8 (/opt/ros/humble/share/rosidl_adapter/cmake)\n'}
[73.795905] (ur_calibration) StdoutLine: {'line': b'-- Found rosidl_generator_cpp: 3.1.8 (/opt/ros/humble/share/rosidl_generator_cpp/cmake)\n'}
[73.804683] (ur_calibration) StdoutLine: {'line': b'-- Using all available rosidl_typesupport_c: rosidl_typesupport_fastrtps_c;rosidl_typesupport_introspection_c\n'}
[73.816381] (ur_calibration) StdoutLine: {'line': b'-- Using all available rosidl_typesupport_cpp: rosidl_typesupport_fastrtps_cpp;rosidl_typesupport_introspection_cpp\n'}
[73.832807] (-) TimerEvent: {}
[73.848981] (ur_calibration) StdoutLine: {'line': b'-- Found rmw_implementation_cmake: 6.1.2 (/opt/ros/humble/share/rmw_implementation_cmake/cmake)\n'}
[73.851169] (ur_calibration) StdoutLine: {'line': b'-- Found rmw_fastrtps_cpp: 6.2.10 (/opt/ros/humble/share/rmw_fastrtps_cpp/cmake)\n'}
[73.933047] (-) TimerEvent: {}
[73.978653] (ur_calibration) StdoutLine: {'line': b'-- Found OpenSSL: /usr/lib/x86_64-linux-gnu/libcrypto.so (found version "3.0.2")  \n'}
[74.009008] (ur_calibration) StdoutLine: {'line': b'-- Found FastRTPS: /opt/ros/humble/include  \n'}
[74.033191] (-) TimerEvent: {}
[74.038703] (ur_calibration) StdoutLine: {'line': b"-- Using RMW implementation 'rmw_fastrtps_cpp' as default\n"}
[74.045483] (ur_calibration) StdoutLine: {'line': b'-- Looking for pthread.h\n'}
[74.124646] (ur_calibration) StdoutLine: {'line': b'-- Looking for pthread.h - found\n'}
[74.126101] (ur_calibration) StdoutLine: {'line': b'-- Performing Test CMAKE_HAVE_LIBC_PTHREAD\n'}
[74.133476] (-) TimerEvent: {}
[74.234112] (-) TimerEvent: {}
[74.303055] (ur_calibration) StdoutLine: {'line': b'-- Performing Test CMAKE_HAVE_LIBC_PTHREAD - Success\n'}
[74.304712] (ur_calibration) StdoutLine: {'line': b'-- Found Threads: TRUE  \n'}
[74.334235] (-) TimerEvent: {}
[74.349105] (ur_calibration) StdoutLine: {'line': b'-- Found ur_robot_driver: 2.15.0 (/home/sonvu/ur_ws/install/ur_robot_driver/share/ur_robot_driver/cmake)\n'}
[74.434426] (-) TimerEvent: {}
[74.508220] (ur_calibration) StdoutLine: {'line': b'-- Found eigen3_cmake_module: 0.1.1 (/opt/ros/humble/share/eigen3_cmake_module/cmake)\n'}
[74.509130] (ur_calibration) StdoutLine: {'line': b'-- Found Eigen3: TRUE (found version "3.4.0") \n'}
[74.509201] (ur_calibration) StdoutLine: {'line': b'-- Ensuring Eigen3 include directory is part of orocos-kdl CMake target\n'}
[74.534582] (-) TimerEvent: {}
[74.596157] (ur_calibration) StdoutLine: {'line': b'-- Found yaml_cpp_vendor: 8.0.2 (/opt/ros/humble/share/yaml_cpp_vendor/cmake)\n'}
[74.626395] (ur_calibration) StdoutLine: {'line': b'-- Found ament_cmake_gmock: 1.3.14 (/opt/ros/humble/share/ament_cmake_gmock/cmake)\n'}
[74.628159] (ur_calibration) StdoutLine: {'line': b"-- Found gmock sources under '/opt/ros/humble/src/gmock_vendor': C++ tests using 'Google Mock' will be built\n"}
[74.632008] (ur_calibration) StdoutLine: {'line': b'-- Found ament_cmake_gtest: 1.3.14 (/opt/ros/humble/share/ament_cmake_gtest/cmake)\n'}
[74.632540] (ur_calibration) StdoutLine: {'line': b"-- Found gtest sources under '/opt/ros/humble/src/gtest_vendor': C++ tests using 'Google Test' will be built\n"}
[74.634651] (-) TimerEvent: {}
[74.679010] (ur_calibration) StdoutLine: {'line': b'-- Configuring done\n'}
[74.734731] (-) TimerEvent: {}
[74.748754] (ur_calibration) StdoutLine: {'line': b'-- Generating done\n'}
[74.756075] (ur_calibration) StdoutLine: {'line': b'-- Build files have been written to: /home/sonvu/ur_ws/build/ur_calibration\n'}
[74.765642] (ur_calibration) CommandEnded: {'returncode': 0}
[74.766065] (ur_calibration) JobProgress: {'identifier': 'ur_calibration', 'progress': 'build'}
[74.766096] (ur_calibration) Command: {'cmd': ['/usr/bin/cmake', '--build', '/home/sonvu/ur_ws/build/ur_calibration', '--', '-j16', '-l16'], 'cwd': '/home/sonvu/ur_ws/build/ur_calibration', 'env': OrderedDict([('LESSOPEN', '| /usr/bin/lesspipe %s'), ('LANGUAGE', 'en_US:en'), ('USER', 'sonvu'), ('LC_TIME', 'vi_VN'), ('XDG_SESSION_TYPE', 'wayland'), ('SHLVL', '1'), ('LD_LIBRARY_PATH', '/home/sonvu/ur_ws/install/ur_robot_driver/lib:/home/sonvu/ur_ws/install/ur_controllers/lib:/home/sonvu/ur_ws/install/ur_dashboard_msgs/lib:/usr/lib/x86_64-linux-gnu/gazebo-11/plugins:/opt/ros/humble/opt/rviz_ogre_vendor/lib:/opt/ros/humble/lib/x86_64-linux-gnu:/opt/ros/humble/lib'), ('HOME', '/home/sonvu'), ('OLDPWD', '/home/sonvu'), ('DESKTOP_SESSION', 'ubuntu'), ('ROS_PYTHON_VERSION', '3'), ('GNOME_SHELL_SESSION_MODE', 'ubuntu'), ('GTK_MODULES', 'gail:atk-bridge'), ('LC_MONETARY', 'vi_VN'), ('SYSTEMD_EXEC_PID', '1840'), ('DBUS_SESSION_BUS_ADDRESS', 'unix:path=/run/user/1000/bus'), ('COLORTERM', 'truecolor'), ('IM_CONFIG_PHASE', '1'), ('WAYLAND_DISPLAY', 'wayland-0'), ('COLCON_PREFIX_PATH', '/home/sonvu/rtablc_base/install'), ('ROS_DISTRO', 'humble'), ('LOGNAME', 'sonvu'), ('_', '/usr/bin/colcon'), ('ROS_VERSION', '2'), ('XDG_SESSION_CLASS', 'user'), ('USERNAME', 'sonvu'), ('TERM', 'xterm-256color'), ('GNOME_DESKTOP_SESSION_ID', 'this-is-deprecated'), ('ROS_LOCALHOST_ONLY', '0'), ('PATH', '/home/sonvu/ur_ws/install/ur_robot_driver/bin:/opt/ros/humble/bin:/home/sonvu/.local/bin:/usr/local/sbin:/usr/local/bin:/usr/sbin:/usr/bin:/sbin:/bin:/usr/games:/usr/local/games:/snap/bin:/snap/bin'), ('SESSION_MANAGER', 'local/sonvu-Thin-15-B13UC:@/tmp/.ICE-unix/1810,unix/sonvu-Thin-15-B13UC:/tmp/.ICE-unix/1810'), ('PAPERSIZE', 'a4'), ('XDG_MENU_PREFIX', 'gnome-'), ('LC_ADDRESS', 'vi_VN'), ('GNOME_TERMINAL_SCREEN', '/org/gnome/Terminal/screen/13a4e776_53ad_4e87_90a5_551c296629db'), ('GNOME_SETUP_DISPLAY', ':1'), ('XDG_RUNTIME_DIR', '/run/user/1000'), ('DISPLAY', ':0'), ('LANG', 'en_US.UTF-8'), ('XDG_CURRENT_DESKTOP', 'ubuntu:GNOME'), ('LC_TELEPHONE', 'vi_VN'), ('XMODIFIERS', '@im=ibus'), ('XDG_SESSION_DESKTOP', 'ubuntu'), ('XAUTHORITY', '/run/user/1000/.mutter-Xwaylandauth.JB0DV3'), ('LS_COLORS', 'rs=0:di=01;34:ln=01;36:mh=00:pi=40;33:so=01;35:do=01;35:bd=40;33;01:cd=40;33;01:or=40;31;01:mi=00:su=37;41:sg=30;43:ca=30;41:tw=30;42:ow=34;42:st=37;44:ex=01;32:*.tar=01;31:*.tgz=01;31:*.arc=01;31:*.arj=01;31:*.taz=01;31:*.lha=01;31:*.lz4=01;31:*.lzh=01;31:*.lzma=01;31:*.tlz=01;31:*.txz=01;31:*.tzo=01;31:*.t7z=01;31:*.zip=01;31:*.z=01;31:*.dz=01;31:*.gz=01;31:*.lrz=01;31:*.lz=01;31:*.lzo=01;31:*.xz=01;31:*.zst=01;31:*.tzst=01;31:*.bz2=01;31:*.bz=01;31:*.tbz=01;31:*.tbz2=01;31:*.tz=01;31:*.deb=01;31:*.rpm=01;31:*.jar=01;31:*.war=01;31:*.ear=01;31:*.sar=01;31:*.rar=01;31:*.alz=01;31:*.ace=01;31:*.zoo=01;31:*.cpio=01;31:*.7z=01;31:*.rz=01;31:*.cab=01;31:*.wim=01;31:*.swm=01;31:*.dwm=01;31:*.esd=01;31:*.jpg=01;35:*.jpeg=01;35:*.mjpg=01;35:*.mjpeg=01;35:*.gif=01;35:*.bmp=01;35:*.pbm=01;35:*.pgm=01;35:*.ppm=01;35:*.tga=01;35:*.xbm=01;35:*.xpm=01;35:*.tif=01;35:*.tiff=01;35:*.png=01;35:*.svg=01;35:*.svgz=01;35:*.mng=01;35:*.pcx=01;35:*.mov=01;35:*.mpg=01;35:*.mpeg=01;35:*.m2v=01;35:*.mkv=01;35:*.webm=01;35:*.webp=01;35:*.ogm=01;35:*.mp4=01;35:*.m4v=01;35:*.mp4v=01;35:*.vob=01;35:*.qt=01;35:*.nuv=01;35:*.wmv=01;35:*.asf=01;35:*.rm=01;35:*.rmvb=01;35:*.flc=01;35:*.avi=01;35:*.fli=01;35:*.flv=01;35:*.gl=01;35:*.dl=01;35:*.xcf=01;35:*.xwd=01;35:*.yuv=01;35:*.cgm=01;35:*.emf=01;35:*.ogv=01;35:*.ogx=01;35:*.aac=00;36:*.au=00;36:*.flac=00;36:*.m4a=00;36:*.mid=00;36:*.midi=00;36:*.mka=00;36:*.mp3=00;36:*.mpc=00;36:*.ogg=00;36:*.ra=00;36:*.wav=00;36:*.oga=00;36:*.opus=00;36:*.spx=00;36:*.xspf=00;36:'), ('GNOME_TERMINAL_SERVICE', ':1.111'), ('SSH_AGENT_LAUNCHER', 'gnome-keyring'), ('SSH_AUTH_SOCK', '/run/user/1000/keyring/ssh'), ('AMENT_PREFIX_PATH', '/home/sonvu/ur_ws/install/ur_robot_driver:/home/sonvu/ur_ws/install/ur_controllers:/home/sonvu/ur_ws/install/ur_dashboard_msgs:/home/sonvu/rtablc_base/install/rtablc_experiment:/opt/ros/humble'), ('SHELL', '/bin/bash'), ('LC_NAME', 'vi_VN'), ('QT_ACCESSIBILITY', '1'), ('GDMSESSION', 'ubuntu'), ('LESSCLOSE', '/usr/bin/lesspipe %s %s'), ('LC_MEASUREMENT', 'vi_VN'), ('LC_IDENTIFICATION', 'vi_VN'), ('QT_IM_MODULE', 'ibus'), ('PWD', '/home/sonvu/ur_ws/build/ur_calibration'), ('LC_ALL', 'en_US.UTF-8'), ('XDG_CONFIG_DIRS', '/etc/xdg/xdg-ubuntu:/etc/xdg'), ('XDG_DATA_DIRS', '/usr/share/ubuntu:/usr/local/share/:/usr/share/:/var/lib/snapd/desktop'), ('PYTHONPATH', '/home/sonvu/ur_ws/install/ur_robot_driver/local/lib/python3.10/dist-packages:/home/sonvu/ur_ws/install/ur_dashboard_msgs/local/lib/python3.10/dist-packages:/home/sonvu/rtablc_base/build/rtablc_experiment:/home/sonvu/rtablc_base/install/rtablc_experiment/lib/python3.10/site-packages:/opt/ros/humble/lib/python3.10/site-packages:/opt/ros/humble/local/lib/python3.10/dist-packages'), ('LC_NUMERIC', 'vi_VN'), ('LC_PAPER', 'vi_VN'), ('COLCON', '1'), ('VTE_VERSION', '6800'), ('CMAKE_PREFIX_PATH', '/home/sonvu/ur_ws/install/ur_robot_driver:/home/sonvu/ur_ws/install/ur_controllers:/home/sonvu/ur_ws/install/ur_dashboard_msgs:/home/sonvu/rtablc_base/install/rtablc_experiment:/opt/ros/humble')]), 'shell': False}
[74.816183] (ur_calibration) StdoutLine: {'line': b'[  8%] \x1b[32mBuilding CXX object gmock/CMakeFiles/gmock.dir/opt/ros/humble/src/gtest_vendor/src/gtest-all.cc.o\x1b[0m\n'}
[74.817024] (ur_calibration) StdoutLine: {'line': b'[ 16%] \x1b[32mBuilding CXX object gmock/CMakeFiles/gmock.dir/src/gmock-all.cc.o\x1b[0m\n'}
[74.830812] (ur_calibration) StdoutLine: {'line': b'[ 25%] \x1b[32mBuilding CXX object CMakeFiles/calibration.dir/src/calibration_consumer.cpp.o\x1b[0m\n'}
[74.832582] (ur_calibration) StdoutLine: {'line': b'[ 33%] \x1b[32mBuilding CXX object gmock/CMakeFiles/gmock_main.dir/src/gmock_main.cc.o\x1b[0m\n'}
[74.834943] (-) TimerEvent: {}
[74.840153] (ur_calibration) StdoutLine: {'line': b'[ 41%] \x1b[32mBuilding CXX object CMakeFiles/calibration.dir/src/calibration.cpp.o\x1b[0m\n'}
[74.935119] (-) TimerEvent: {}
[75.035475] (-) TimerEvent: {}
[75.135818] (-) TimerEvent: {}
[75.236167] (-) TimerEvent: {}
[75.336518] (-) TimerEvent: {}
[75.436875] (-) TimerEvent: {}
[75.537242] (-) TimerEvent: {}
[75.637604] (-) TimerEvent: {}
[75.688436] (ur_calibration) StdoutLine: {'line': b'[ 50%] \x1b[32m\x1b[1mLinking CXX static library libgmock_main.a\x1b[0m\n'}
[75.729367] (ur_calibration) StdoutLine: {'line': b'[ 50%] Built target gmock_main\n'}
[75.737718] (-) TimerEvent: {}
[75.838050] (-) TimerEvent: {}
[75.938487] (-) TimerEvent: {}
[76.038812] (-) TimerEvent: {}
[76.139245] (-) TimerEvent: {}
[76.239628] (-) TimerEvent: {}
[76.340045] (-) TimerEvent: {}
[76.440470] (-) TimerEvent: {}
[76.540785] (-) TimerEvent: {}
[76.641222] (-) TimerEvent: {}
[76.741645] (-) TimerEvent: {}
[76.842062] (-) TimerEvent: {}
[76.942603] (-) TimerEvent: {}
[77.042960] (-) TimerEvent: {}
[77.143318] (-) TimerEvent: {}
[77.243715] (-) TimerEvent: {}
[77.344054] (-) TimerEvent: {}
[77.444400] (-) TimerEvent: {}
[77.544750] (-) TimerEvent: {}
[77.645087] (-) TimerEvent: {}
[77.745430] (-) TimerEvent: {}
[77.845769] (-) TimerEvent: {}
[77.946097] (-) TimerEvent: {}
[78.046435] (-) TimerEvent: {}
[78.146775] (-) TimerEvent: {}
[78.247100] (-) TimerEvent: {}
[78.347442] (-) TimerEvent: {}
[78.447679] (-) TimerEvent: {}
[78.548004] (-) TimerEvent: {}
[78.648328] (-) TimerEvent: {}
[78.748655] (-) TimerEvent: {}
[78.848977] (-) TimerEvent: {}
[78.949301] (-) TimerEvent: {}
[79.049663] (-) TimerEvent: {}
[79.149984] (-) TimerEvent: {}
[79.250310] (-) TimerEvent: {}
[79.350655] (-) TimerEvent: {}
[79.450990] (-) TimerEvent: {}
[79.551311] (-) TimerEvent: {}
[79.651650] (-) TimerEvent: {}
[79.751986] (-) TimerEvent: {}
[79.852317] (-) TimerEvent: {}
[79.952657] (-) TimerEvent: {}
[80.053006] (-) TimerEvent: {}
[80.153340] (-) TimerEvent: {}
[80.253694] (-) TimerEvent: {}
[80.354040] (-) TimerEvent: {}
[80.454359] (-) TimerEvent: {}
[80.465025] (ur_calibration) StdoutLine: {'line': b'[ 58%] \x1b[32m\x1b[1mLinking CXX static library libcalibration.a\x1b[0m\n'}
[80.545546] (ur_calibration) StdoutLine: {'line': b'[ 58%] Built target calibration\n'}
[80.554476] (-) TimerEvent: {}
[80.562654] (ur_calibration) StdoutLine: {'line': b'[ 66%] \x1b[32mBuilding CXX object CMakeFiles/calibration_correction.dir/src/calibration_correction.cpp.o\x1b[0m\n'}
[80.654681] (-) TimerEvent: {}
[80.755019] (-) TimerEvent: {}
[80.855354] (-) TimerEvent: {}
[80.920974] (ur_calibration) StdoutLine: {'line': b'[ 75%] \x1b[32m\x1b[1mLinking CXX static library libgmock.a\x1b[0m\n'}
[80.955555] (-) TimerEvent: {}
[81.006405] (ur_calibration) StdoutLine: {'line': b'[ 75%] Built target gmock\n'}
[81.026163] (ur_calibration) StdoutLine: {'line': b'[ 83%] \x1b[32mBuilding CXX object CMakeFiles/calibration_test.dir/test/calibration_test.cpp.o\x1b[0m\n'}
[81.055752] (-) TimerEvent: {}
[81.156077] (-) TimerEvent: {}
[81.256426] (-) TimerEvent: {}
[81.356757] (-) TimerEvent: {}
[81.457081] (-) TimerEvent: {}
[81.557433] (-) TimerEvent: {}
[81.657772] (-) TimerEvent: {}
[81.758111] (-) TimerEvent: {}
[81.858462] (-) TimerEvent: {}
[81.958798] (-) TimerEvent: {}
[82.059150] (-) TimerEvent: {}
[82.159509] (-) TimerEvent: {}
[82.259846] (-) TimerEvent: {}
[82.360183] (-) TimerEvent: {}
[82.460546] (-) TimerEvent: {}
[82.560904] (-) TimerEvent: {}
[82.661240] (-) TimerEvent: {}
[82.761592] (-) TimerEvent: {}
[82.861919] (-) TimerEvent: {}
[82.962257] (-) TimerEvent: {}
[83.062621] (-) TimerEvent: {}
[83.162974] (-) TimerEvent: {}
[83.263329] (-) TimerEvent: {}
[83.363583] (-) TimerEvent: {}
[83.463909] (-) TimerEvent: {}
[83.564270] (-) TimerEvent: {}
[83.664625] (-) TimerEvent: {}
[83.764966] (-) TimerEvent: {}
[83.865309] (-) TimerEvent: {}
[83.965654] (-) TimerEvent: {}
[84.065982] (-) TimerEvent: {}
[84.166316] (-) TimerEvent: {}
[84.266660] (-) TimerEvent: {}
[84.367013] (-) TimerEvent: {}
[84.467353] (-) TimerEvent: {}
[84.567721] (-) TimerEvent: {}
[84.668074] (-) TimerEvent: {}
[84.768421] (-) TimerEvent: {}
[84.817438] (ur_calibration) StdoutLine: {'line': b'[ 91%] \x1b[32m\x1b[1mLinking CXX executable calibration_correction\x1b[0m\n'}
[84.868562] (-) TimerEvent: {}
[84.968920] (-) TimerEvent: {}
[85.069257] (-) TimerEvent: {}
[85.094365] (ur_calibration) StdoutLine: {'line': b'[ 91%] Built target calibration_correction\n'}
[85.169448] (-) TimerEvent: {}
[85.269900] (-) TimerEvent: {}
[85.370227] (-) TimerEvent: {}
[85.470549] (-) TimerEvent: {}
[85.570877] (-) TimerEvent: {}
[85.671187] (-) TimerEvent: {}
[85.771510] (-) TimerEvent: {}
[85.871838] (-) TimerEvent: {}
[85.972167] (-) TimerEvent: {}
[86.072513] (-) TimerEvent: {}
[86.172869] (-) TimerEvent: {}
[86.273202] (-) TimerEvent: {}
[86.368294] (ur_calibration) StdoutLine: {'line': b'[100%] \x1b[32m\x1b[1mLinking CXX executable calibration_test\x1b[0m\n'}
[86.373377] (-) TimerEvent: {}
[86.473687] (-) TimerEvent: {}
[86.574016] (-) TimerEvent: {}
[86.621692] (ur_calibration) StdoutLine: {'line': b'[100%] Built target calibration_test\n'}
[86.640057] (ur_calibration) CommandEnded: {'returncode': 0}
[86.641352] (ur_calibration) JobProgress: {'identifier': 'ur_calibration', 'progress': 'install'}
[86.642118] (ur_calibration) Command: {'cmd': ['/usr/bin/cmake', '--install', '/home/sonvu/ur_ws/build/ur_calibration'], 'cwd': '/home/sonvu/ur_ws/build/ur_calibration', 'env': OrderedDict([('LESSOPEN', '| /usr/bin/lesspipe %s'), ('LANGUAGE', 'en_US:en'), ('USER', 'sonvu'), ('LC_TIME', 'vi_VN'), ('XDG_SESSION_TYPE', 'wayland'), ('SHLVL', '1'), ('LD_LIBRARY_PATH', '/home/sonvu/ur_ws/install/ur_robot_driver/lib:/home/sonvu/ur_ws/install/ur_controllers/lib:/home/sonvu/ur_ws/install/ur_dashboard_msgs/lib:/usr/lib/x86_64-linux-gnu/gazebo-11/plugins:/opt/ros/humble/opt/rviz_ogre_vendor/lib:/opt/ros/humble/lib/x86_64-linux-gnu:/opt/ros/humble/lib'), ('HOME', '/home/sonvu'), ('OLDPWD', '/home/sonvu'), ('DESKTOP_SESSION', 'ubuntu'), ('ROS_PYTHON_VERSION', '3'), ('GNOME_SHELL_SESSION_MODE', 'ubuntu'), ('GTK_MODULES', 'gail:atk-bridge'), ('LC_MONETARY', 'vi_VN'), ('SYSTEMD_EXEC_PID', '1840'), ('DBUS_SESSION_BUS_ADDRESS', 'unix:path=/run/user/1000/bus'), ('COLORTERM', 'truecolor'), ('IM_CONFIG_PHASE', '1'), ('WAYLAND_DISPLAY', 'wayland-0'), ('COLCON_PREFIX_PATH', '/home/sonvu/rtablc_base/install'), ('ROS_DISTRO', 'humble'), ('LOGNAME', 'sonvu'), ('_', '/usr/bin/colcon'), ('ROS_VERSION', '2'), ('XDG_SESSION_CLASS', 'user'), ('USERNAME', 'sonvu'), ('TERM', 'xterm-256color'), ('GNOME_DESKTOP_SESSION_ID', 'this-is-deprecated'), ('ROS_LOCALHOST_ONLY', '0'), ('PATH', '/home/sonvu/ur_ws/install/ur_robot_driver/bin:/opt/ros/humble/bin:/home/sonvu/.local/bin:/usr/local/sbin:/usr/local/bin:/usr/sbin:/usr/bin:/sbin:/bin:/usr/games:/usr/local/games:/snap/bin:/snap/bin'), ('SESSION_MANAGER', 'local/sonvu-Thin-15-B13UC:@/tmp/.ICE-unix/1810,unix/sonvu-Thin-15-B13UC:/tmp/.ICE-unix/1810'), ('PAPERSIZE', 'a4'), ('XDG_MENU_PREFIX', 'gnome-'), ('LC_ADDRESS', 'vi_VN'), ('GNOME_TERMINAL_SCREEN', '/org/gnome/Terminal/screen/13a4e776_53ad_4e87_90a5_551c296629db'), ('GNOME_SETUP_DISPLAY', ':1'), ('XDG_RUNTIME_DIR', '/run/user/1000'), ('DISPLAY', ':0'), ('LANG', 'en_US.UTF-8'), ('XDG_CURRENT_DESKTOP', 'ubuntu:GNOME'), ('LC_TELEPHONE', 'vi_VN'), ('XMODIFIERS', '@im=ibus'), ('XDG_SESSION_DESKTOP', 'ubuntu'), ('XAUTHORITY', '/run/user/1000/.mutter-Xwaylandauth.JB0DV3'), ('LS_COLORS', 'rs=0:di=01;34:ln=01;36:mh=00:pi=40;33:so=01;35:do=01;35:bd=40;33;01:cd=40;33;01:or=40;31;01:mi=00:su=37;41:sg=30;43:ca=30;41:tw=30;42:ow=34;42:st=37;44:ex=01;32:*.tar=01;31:*.tgz=01;31:*.arc=01;31:*.arj=01;31:*.taz=01;31:*.lha=01;31:*.lz4=01;31:*.lzh=01;31:*.lzma=01;31:*.tlz=01;31:*.txz=01;31:*.tzo=01;31:*.t7z=01;31:*.zip=01;31:*.z=01;31:*.dz=01;31:*.gz=01;31:*.lrz=01;31:*.lz=01;31:*.lzo=01;31:*.xz=01;31:*.zst=01;31:*.tzst=01;31:*.bz2=01;31:*.bz=01;31:*.tbz=01;31:*.tbz2=01;31:*.tz=01;31:*.deb=01;31:*.rpm=01;31:*.jar=01;31:*.war=01;31:*.ear=01;31:*.sar=01;31:*.rar=01;31:*.alz=01;31:*.ace=01;31:*.zoo=01;31:*.cpio=01;31:*.7z=01;31:*.rz=01;31:*.cab=01;31:*.wim=01;31:*.swm=01;31:*.dwm=01;31:*.esd=01;31:*.jpg=01;35:*.jpeg=01;35:*.mjpg=01;35:*.mjpeg=01;35:*.gif=01;35:*.bmp=01;35:*.pbm=01;35:*.pgm=01;35:*.ppm=01;35:*.tga=01;35:*.xbm=01;35:*.xpm=01;35:*.tif=01;35:*.tiff=01;35:*.png=01;35:*.svg=01;35:*.svgz=01;35:*.mng=01;35:*.pcx=01;35:*.mov=01;35:*.mpg=01;35:*.mpeg=01;35:*.m2v=01;35:*.mkv=01;35:*.webm=01;35:*.webp=01;35:*.ogm=01;35:*.mp4=01;35:*.m4v=01;35:*.mp4v=01;35:*.vob=01;35:*.qt=01;35:*.nuv=01;35:*.wmv=01;35:*.asf=01;35:*.rm=01;35:*.rmvb=01;35:*.flc=01;35:*.avi=01;35:*.fli=01;35:*.flv=01;35:*.gl=01;35:*.dl=01;35:*.xcf=01;35:*.xwd=01;35:*.yuv=01;35:*.cgm=01;35:*.emf=01;35:*.ogv=01;35:*.ogx=01;35:*.aac=00;36:*.au=00;36:*.flac=00;36:*.m4a=00;36:*.mid=00;36:*.midi=00;36:*.mka=00;36:*.mp3=00;36:*.mpc=00;36:*.ogg=00;36:*.ra=00;36:*.wav=00;36:*.oga=00;36:*.opus=00;36:*.spx=00;36:*.xspf=00;36:'), ('GNOME_TERMINAL_SERVICE', ':1.111'), ('SSH_AGENT_LAUNCHER', 'gnome-keyring'), ('SSH_AUTH_SOCK', '/run/user/1000/keyring/ssh'), ('AMENT_PREFIX_PATH', '/home/sonvu/ur_ws/install/ur_robot_driver:/home/sonvu/ur_ws/install/ur_controllers:/home/sonvu/ur_ws/install/ur_dashboard_msgs:/home/sonvu/rtablc_base/install/rtablc_experiment:/opt/ros/humble'), ('SHELL', '/bin/bash'), ('LC_NAME', 'vi_VN'), ('QT_ACCESSIBILITY', '1'), ('GDMSESSION', 'ubuntu'), ('LESSCLOSE', '/usr/bin/lesspipe %s %s'), ('LC_MEASUREMENT', 'vi_VN'), ('LC_IDENTIFICATION', 'vi_VN'), ('QT_IM_MODULE', 'ibus'), ('PWD', '/home/sonvu/ur_ws/build/ur_calibration'), ('LC_ALL', 'en_US.UTF-8'), ('XDG_CONFIG_DIRS', '/etc/xdg/xdg-ubuntu:/etc/xdg'), ('XDG_DATA_DIRS', '/usr/share/ubuntu:/usr/local/share/:/usr/share/:/var/lib/snapd/desktop'), ('PYTHONPATH', '/home/sonvu/ur_ws/install/ur_robot_driver/local/lib/python3.10/dist-packages:/home/sonvu/ur_ws/install/ur_dashboard_msgs/local/lib/python3.10/dist-packages:/home/sonvu/rtablc_base/build/rtablc_experiment:/home/sonvu/rtablc_base/install/rtablc_experiment/lib/python3.10/site-packages:/opt/ros/humble/lib/python3.10/site-packages:/opt/ros/humble/local/lib/python3.10/dist-packages'), ('LC_NUMERIC', 'vi_VN'), ('LC_PAPER', 'vi_VN'), ('COLCON', '1'), ('VTE_VERSION', '6800'), ('CMAKE_PREFIX_PATH', '/home/sonvu/ur_ws/install/ur_robot_driver:/home/sonvu/ur_ws/install/ur_controllers:/home/sonvu/ur_ws/install/ur_dashboard_msgs:/home/sonvu/rtablc_base/install/rtablc_experiment:/opt/ros/humble')]), 'shell': False}
[86.669815] (ur_calibration) StdoutLine: {'line': b'-- Install configuration: "RelWithDebInfo"\n'}
[86.670927] (ur_calibration) StdoutLine: {'line': b'-- Execute custom install script\n'}
[86.671733] (ur_calibration) StdoutLine: {'line': b'-- Symlinking: /home/sonvu/ur_ws/install/ur_calibration/lib/ur_calibration/calibration_correction\n'}
[86.674242] (-) TimerEvent: {}
[86.684679] (ur_calibration) StdoutLine: {'line': b'-- Symlinking: /home/sonvu/ur_ws/install/ur_calibration/include/ur_calibration/calibration.hpp\n'}
[86.695163] (ur_calibration) StdoutLine: {'line': b'-- Symlinking: /home/sonvu/ur_ws/install/ur_calibration/include/ur_calibration/calibration_consumer.hpp\n'}
[86.724878] (ur_calibration) StdoutLine: {'line': b'-- Symlinking: /home/sonvu/ur_ws/install/ur_calibration/share/ur_calibration/launch/calibration_correction.launch.py\n'}
[86.759517] (ur_calibration) StdoutLine: {'line': b'-- Symlinking: /home/sonvu/ur_ws/install/ur_calibration/share/ament_index/resource_index/package_run_dependencies/ur_calibration\n'}
[86.774561] (-) TimerEvent: {}
[86.790979] (ur_calibration) StdoutLine: {'line': b'-- Symlinking: /home/sonvu/ur_ws/install/ur_calibration/share/ament_index/resource_index/parent_prefix_path/ur_calibration\n'}
[86.810510] (ur_calibration) StdoutLine: {'line': b'-- Symlinking: /home/sonvu/ur_ws/install/ur_calibration/share/ur_calibration/environment/ament_prefix_path.sh\n'}
[86.830903] (ur_calibration) StdoutLine: {'line': b'-- Symlinking: /home/sonvu/ur_ws/install/ur_calibration/share/ur_calibration/environment/ament_prefix_path.dsv\n'}
[86.847758] (ur_calibration) StdoutLine: {'line': b'-- Symlinking: /home/sonvu/ur_ws/install/ur_calibration/share/ur_calibration/environment/path.sh\n'}
[86.862020] (ur_calibration) StdoutLine: {'line': b'-- Symlinking: /home/sonvu/ur_ws/install/ur_calibration/share/ur_calibration/environment/path.dsv\n'}
[86.874809] (-) TimerEvent: {}
[86.885706] (ur_calibration) StdoutLine: {'line': b'-- Symlinking: /home/sonvu/ur_ws/install/ur_calibration/share/ur_calibration/local_setup.bash\n'}
[86.895396] (ur_calibration) StdoutLine: {'line': b'-- Symlinking: /home/sonvu/ur_ws/install/ur_calibration/share/ur_calibration/local_setup.sh\n'}
[86.905663] (ur_calibration) StdoutLine: {'line': b'-- Symlinking: /home/sonvu/ur_ws/install/ur_calibration/share/ur_calibration/local_setup.zsh\n'}
[86.921694] (ur_calibration) StdoutLine: {'line': b'-- Symlinking: /home/sonvu/ur_ws/install/ur_calibration/share/ur_calibration/local_setup.dsv\n'}
[86.947815] (ur_calibration) StdoutLine: {'line': b'-- Symlinking: /home/sonvu/ur_ws/install/ur_calibration/share/ur_calibration/package.dsv\n'}
[86.969326] (ur_calibration) StdoutLine: {'line': b'-- Symlinking: /home/sonvu/ur_ws/install/ur_calibration/share/ament_index/resource_index/packages/ur_calibration\n'}
[86.975065] (-) TimerEvent: {}
[86.991617] (ur_calibration) StdoutLine: {'line': b'-- Symlinking: /home/sonvu/ur_ws/install/ur_calibration/share/ur_calibration/cmake/ament_cmake_export_include_directories-extras.cmake\n'}
[87.008045] (ur_calibration) StdoutLine: {'line': b'-- Symlinking: /home/sonvu/ur_ws/install/ur_calibration/share/ur_calibration/cmake/ament_cmake_export_dependencies-extras.cmake\n'}
[87.027736] (ur_calibration) StdoutLine: {'line': b'-- Symlinking: /home/sonvu/ur_ws/install/ur_calibration/share/ur_calibration/cmake/ur_calibrationConfig.cmake\n'}
[87.042316] (ur_calibration) StdoutLine: {'line': b'-- Symlinking: /home/sonvu/ur_ws/install/ur_calibration/share/ur_calibration/cmake/ur_calibrationConfig-version.cmake\n'}
[87.052458] (ur_calibration) StdoutLine: {'line': b'-- Symlinking: /home/sonvu/ur_ws/install/ur_calibration/share/ur_calibration/package.xml\n'}
[87.067384] (ur_calibration) CommandEnded: {'returncode': 0}
[87.075394] (-) TimerEvent: {}
[87.093758] (ur_calibration) JobEnded: {'identifier': 'ur_calibration', 'rc': 0}
[87.094243] (ur) JobStarted: {'identifier': 'ur'}
[87.111670] (ur) JobProgress: {'identifier': 'ur', 'progress': 'cmake'}
[87.113151] (ur) Command: {'cmd': ['/usr/bin/cmake', '/home/sonvu/ur_ws/src/Universal_Robots_ROS2_Driver/ur', '-DAMENT_CMAKE_SYMLINK_INSTALL=1', '-DCMAKE_INSTALL_PREFIX=/home/sonvu/ur_ws/install/ur'], 'cwd': '/home/sonvu/ur_ws/build/ur', 'env': OrderedDict([('LESSOPEN', '| /usr/bin/lesspipe %s'), ('LANGUAGE', 'en_US:en'), ('USER', 'sonvu'), ('LC_TIME', 'vi_VN'), ('XDG_SESSION_TYPE', 'wayland'), ('SHLVL', '1'), ('LD_LIBRARY_PATH', '/home/sonvu/ur_ws/install/ur_robot_driver/lib:/home/sonvu/ur_ws/install/ur_controllers/lib:/home/sonvu/ur_ws/install/ur_dashboard_msgs/lib:/usr/lib/x86_64-linux-gnu/gazebo-11/plugins:/opt/ros/humble/opt/rviz_ogre_vendor/lib:/opt/ros/humble/lib/x86_64-linux-gnu:/opt/ros/humble/lib'), ('HOME', '/home/sonvu'), ('OLDPWD', '/home/sonvu'), ('DESKTOP_SESSION', 'ubuntu'), ('ROS_PYTHON_VERSION', '3'), ('GNOME_SHELL_SESSION_MODE', 'ubuntu'), ('GTK_MODULES', 'gail:atk-bridge'), ('LC_MONETARY', 'vi_VN'), ('SYSTEMD_EXEC_PID', '1840'), ('DBUS_SESSION_BUS_ADDRESS', 'unix:path=/run/user/1000/bus'), ('COLORTERM', 'truecolor'), ('IM_CONFIG_PHASE', '1'), ('WAYLAND_DISPLAY', 'wayland-0'), ('COLCON_PREFIX_PATH', '/home/sonvu/rtablc_base/install'), ('ROS_DISTRO', 'humble'), ('LOGNAME', 'sonvu'), ('_', '/usr/bin/colcon'), ('ROS_VERSION', '2'), ('XDG_SESSION_CLASS', 'user'), ('USERNAME', 'sonvu'), ('TERM', 'xterm-256color'), ('GNOME_DESKTOP_SESSION_ID', 'this-is-deprecated'), ('ROS_LOCALHOST_ONLY', '0'), ('PATH', '/home/sonvu/ur_ws/install/ur_robot_driver/bin:/opt/ros/humble/bin:/home/sonvu/.local/bin:/usr/local/sbin:/usr/local/bin:/usr/sbin:/usr/bin:/sbin:/bin:/usr/games:/usr/local/games:/snap/bin:/snap/bin'), ('SESSION_MANAGER', 'local/sonvu-Thin-15-B13UC:@/tmp/.ICE-unix/1810,unix/sonvu-Thin-15-B13UC:/tmp/.ICE-unix/1810'), ('PAPERSIZE', 'a4'), ('XDG_MENU_PREFIX', 'gnome-'), ('LC_ADDRESS', 'vi_VN'), ('GNOME_TERMINAL_SCREEN', '/org/gnome/Terminal/screen/13a4e776_53ad_4e87_90a5_551c296629db'), ('GNOME_SETUP_DISPLAY', ':1'), ('XDG_RUNTIME_DIR', '/run/user/1000'), ('DISPLAY', ':0'), ('LANG', 'en_US.UTF-8'), ('XDG_CURRENT_DESKTOP', 'ubuntu:GNOME'), ('LC_TELEPHONE', 'vi_VN'), ('XMODIFIERS', '@im=ibus'), ('XDG_SESSION_DESKTOP', 'ubuntu'), ('XAUTHORITY', '/run/user/1000/.mutter-Xwaylandauth.JB0DV3'), ('LS_COLORS', 'rs=0:di=01;34:ln=01;36:mh=00:pi=40;33:so=01;35:do=01;35:bd=40;33;01:cd=40;33;01:or=40;31;01:mi=00:su=37;41:sg=30;43:ca=30;41:tw=30;42:ow=34;42:st=37;44:ex=01;32:*.tar=01;31:*.tgz=01;31:*.arc=01;31:*.arj=01;31:*.taz=01;31:*.lha=01;31:*.lz4=01;31:*.lzh=01;31:*.lzma=01;31:*.tlz=01;31:*.txz=01;31:*.tzo=01;31:*.t7z=01;31:*.zip=01;31:*.z=01;31:*.dz=01;31:*.gz=01;31:*.lrz=01;31:*.lz=01;31:*.lzo=01;31:*.xz=01;31:*.zst=01;31:*.tzst=01;31:*.bz2=01;31:*.bz=01;31:*.tbz=01;31:*.tbz2=01;31:*.tz=01;31:*.deb=01;31:*.rpm=01;31:*.jar=01;31:*.war=01;31:*.ear=01;31:*.sar=01;31:*.rar=01;31:*.alz=01;31:*.ace=01;31:*.zoo=01;31:*.cpio=01;31:*.7z=01;31:*.rz=01;31:*.cab=01;31:*.wim=01;31:*.swm=01;31:*.dwm=01;31:*.esd=01;31:*.jpg=01;35:*.jpeg=01;35:*.mjpg=01;35:*.mjpeg=01;35:*.gif=01;35:*.bmp=01;35:*.pbm=01;35:*.pgm=01;35:*.ppm=01;35:*.tga=01;35:*.xbm=01;35:*.xpm=01;35:*.tif=01;35:*.tiff=01;35:*.png=01;35:*.svg=01;35:*.svgz=01;35:*.mng=01;35:*.pcx=01;35:*.mov=01;35:*.mpg=01;35:*.mpeg=01;35:*.m2v=01;35:*.mkv=01;35:*.webm=01;35:*.webp=01;35:*.ogm=01;35:*.mp4=01;35:*.m4v=01;35:*.mp4v=01;35:*.vob=01;35:*.qt=01;35:*.nuv=01;35:*.wmv=01;35:*.asf=01;35:*.rm=01;35:*.rmvb=01;35:*.flc=01;35:*.avi=01;35:*.fli=01;35:*.flv=01;35:*.gl=01;35:*.dl=01;35:*.xcf=01;35:*.xwd=01;35:*.yuv=01;35:*.cgm=01;35:*.emf=01;35:*.ogv=01;35:*.ogx=01;35:*.aac=00;36:*.au=00;36:*.flac=00;36:*.m4a=00;36:*.mid=00;36:*.midi=00;36:*.mka=00;36:*.mp3=00;36:*.mpc=00;36:*.ogg=00;36:*.ra=00;36:*.wav=00;36:*.oga=00;36:*.opus=00;36:*.spx=00;36:*.xspf=00;36:'), ('GNOME_TERMINAL_SERVICE', ':1.111'), ('SSH_AGENT_LAUNCHER', 'gnome-keyring'), ('SSH_AUTH_SOCK', '/run/user/1000/keyring/ssh'), ('AMENT_PREFIX_PATH', '/home/sonvu/ur_ws/install/ur_calibration:/home/sonvu/ur_ws/install/ur_robot_driver:/home/sonvu/ur_ws/install/ur_controllers:/home/sonvu/ur_ws/install/ur_moveit_config:/home/sonvu/ur_ws/install/ur_dashboard_msgs:/home/sonvu/rtablc_base/install/rtablc_experiment:/opt/ros/humble'), ('SHELL', '/bin/bash'), ('LC_NAME', 'vi_VN'), ('QT_ACCESSIBILITY', '1'), ('GDMSESSION', 'ubuntu'), ('LESSCLOSE', '/usr/bin/lesspipe %s %s'), ('LC_MEASUREMENT', 'vi_VN'), ('LC_IDENTIFICATION', 'vi_VN'), ('QT_IM_MODULE', 'ibus'), ('PWD', '/home/sonvu/ur_ws/build/ur'), ('LC_ALL', 'en_US.UTF-8'), ('XDG_CONFIG_DIRS', '/etc/xdg/xdg-ubuntu:/etc/xdg'), ('XDG_DATA_DIRS', '/usr/share/ubuntu:/usr/local/share/:/usr/share/:/var/lib/snapd/desktop'), ('PYTHONPATH', '/home/sonvu/ur_ws/install/ur_robot_driver/local/lib/python3.10/dist-packages:/home/sonvu/ur_ws/install/ur_moveit_config/local/lib/python3.10/dist-packages:/home/sonvu/ur_ws/install/ur_dashboard_msgs/local/lib/python3.10/dist-packages:/home/sonvu/rtablc_base/build/rtablc_experiment:/home/sonvu/rtablc_base/install/rtablc_experiment/lib/python3.10/site-packages:/opt/ros/humble/lib/python3.10/site-packages:/opt/ros/humble/local/lib/python3.10/dist-packages'), ('LC_NUMERIC', 'vi_VN'), ('LC_PAPER', 'vi_VN'), ('COLCON', '1'), ('VTE_VERSION', '6800'), ('CMAKE_PREFIX_PATH', '/home/sonvu/ur_ws/install/ur_calibration:/home/sonvu/ur_ws/install/ur_robot_driver:/home/sonvu/ur_ws/install/ur_controllers:/home/sonvu/ur_ws/install/ur_moveit_config:/home/sonvu/ur_ws/install/ur_dashboard_msgs:/home/sonvu/rtablc_base/install/rtablc_experiment:/opt/ros/humble')]), 'shell': False}
[87.175721] (-) TimerEvent: {}
[87.275800] (ur) StdoutLine: {'line': b'-- The C compiler identification is GNU 11.4.0\n'}
[87.275938] (-) TimerEvent: {}
[87.376196] (ur) StdoutLine: {'line': b'-- The CXX compiler identification is GNU 11.4.0\n'}
[87.376311] (-) TimerEvent: {}
[87.381292] (ur) StdoutLine: {'line': b'-- Detecting C compiler ABI info\n'}
[87.476624] (-) TimerEvent: {}
[87.535725] (ur) StdoutLine: {'line': b'-- Detecting C compiler ABI info - done\n'}
[87.549695] (ur) StdoutLine: {'line': b'-- Check for working C compiler: /usr/bin/cc - skipped\n'}
[87.550051] (ur) StdoutLine: {'line': b'-- Detecting C compile features\n'}
[87.550796] (ur) StdoutLine: {'line': b'-- Detecting C compile features - done\n'}
[87.556401] (ur) StdoutLine: {'line': b'-- Detecting CXX compiler ABI info\n'}
[87.576829] (-) TimerEvent: {}
[87.677503] (-) TimerEvent: {}
[87.707571] (ur) StdoutLine: {'line': b'-- Detecting CXX compiler ABI info - done\n'}
[87.714795] (ur) StdoutLine: {'line': b'-- Check for working CXX compiler: /usr/bin/c++ - skipped\n'}
[87.715039] (ur) StdoutLine: {'line': b'-- Detecting CXX compile features\n'}
[87.715470] (ur) StdoutLine: {'line': b'-- Detecting CXX compile features - done\n'}
[87.718679] (ur) StdoutLine: {'line': b'-- Found ament_cmake: 1.3.14 (/opt/ros/humble/share/ament_cmake/cmake)\n'}
[87.777644] (-) TimerEvent: {}
[87.867851] (ur) StdoutLine: {'line': b'-- Found Python3: /usr/bin/python3 (found version "3.10.12") found components: Interpreter \n'}
[87.877788] (-) TimerEvent: {}
[87.921046] (ur) StdoutLine: {'line': b'-- Override CMake install command with custom implementation using symlinks instead of copying resources\n'}
[87.960769] (ur) StdoutLine: {'line': b'-- Found ament_lint_auto: 0.12.15 (/opt/ros/humble/share/ament_lint_auto/cmake)\n'}
[87.977951] (-) TimerEvent: {}
[88.034303] (ur) StdoutLine: {'line': b"-- Added test 'lint_cmake' to check CMake code style\n"}
[88.035204] (ur) StdoutLine: {'line': b"-- Added test 'xmllint' to check XML markup files\n"}
[88.036001] (ur) StdoutLine: {'line': b'-- Configuring done\n'}
[88.037354] (ur) StdoutLine: {'line': b'-- Generating done\n'}
[88.038059] (ur) StdoutLine: {'line': b'-- Build files have been written to: /home/sonvu/ur_ws/build/ur\n'}
[88.041172] (ur) CommandEnded: {'returncode': 0}
[88.041624] (ur) JobProgress: {'identifier': 'ur', 'progress': 'build'}
[88.041639] (ur) Command: {'cmd': ['/usr/bin/cmake', '--build', '/home/sonvu/ur_ws/build/ur', '--', '-j16', '-l16'], 'cwd': '/home/sonvu/ur_ws/build/ur', 'env': OrderedDict([('LESSOPEN', '| /usr/bin/lesspipe %s'), ('LANGUAGE', 'en_US:en'), ('USER', 'sonvu'), ('LC_TIME', 'vi_VN'), ('XDG_SESSION_TYPE', 'wayland'), ('SHLVL', '1'), ('LD_LIBRARY_PATH', '/home/sonvu/ur_ws/install/ur_robot_driver/lib:/home/sonvu/ur_ws/install/ur_controllers/lib:/home/sonvu/ur_ws/install/ur_dashboard_msgs/lib:/usr/lib/x86_64-linux-gnu/gazebo-11/plugins:/opt/ros/humble/opt/rviz_ogre_vendor/lib:/opt/ros/humble/lib/x86_64-linux-gnu:/opt/ros/humble/lib'), ('HOME', '/home/sonvu'), ('OLDPWD', '/home/sonvu'), ('DESKTOP_SESSION', 'ubuntu'), ('ROS_PYTHON_VERSION', '3'), ('GNOME_SHELL_SESSION_MODE', 'ubuntu'), ('GTK_MODULES', 'gail:atk-bridge'), ('LC_MONETARY', 'vi_VN'), ('SYSTEMD_EXEC_PID', '1840'), ('DBUS_SESSION_BUS_ADDRESS', 'unix:path=/run/user/1000/bus'), ('COLORTERM', 'truecolor'), ('IM_CONFIG_PHASE', '1'), ('WAYLAND_DISPLAY', 'wayland-0'), ('COLCON_PREFIX_PATH', '/home/sonvu/rtablc_base/install'), ('ROS_DISTRO', 'humble'), ('LOGNAME', 'sonvu'), ('_', '/usr/bin/colcon'), ('ROS_VERSION', '2'), ('XDG_SESSION_CLASS', 'user'), ('USERNAME', 'sonvu'), ('TERM', 'xterm-256color'), ('GNOME_DESKTOP_SESSION_ID', 'this-is-deprecated'), ('ROS_LOCALHOST_ONLY', '0'), ('PATH', '/home/sonvu/ur_ws/install/ur_robot_driver/bin:/opt/ros/humble/bin:/home/sonvu/.local/bin:/usr/local/sbin:/usr/local/bin:/usr/sbin:/usr/bin:/sbin:/bin:/usr/games:/usr/local/games:/snap/bin:/snap/bin'), ('SESSION_MANAGER', 'local/sonvu-Thin-15-B13UC:@/tmp/.ICE-unix/1810,unix/sonvu-Thin-15-B13UC:/tmp/.ICE-unix/1810'), ('PAPERSIZE', 'a4'), ('XDG_MENU_PREFIX', 'gnome-'), ('LC_ADDRESS', 'vi_VN'), ('GNOME_TERMINAL_SCREEN', '/org/gnome/Terminal/screen/13a4e776_53ad_4e87_90a5_551c296629db'), ('GNOME_SETUP_DISPLAY', ':1'), ('XDG_RUNTIME_DIR', '/run/user/1000'), ('DISPLAY', ':0'), ('LANG', 'en_US.UTF-8'), ('XDG_CURRENT_DESKTOP', 'ubuntu:GNOME'), ('LC_TELEPHONE', 'vi_VN'), ('XMODIFIERS', '@im=ibus'), ('XDG_SESSION_DESKTOP', 'ubuntu'), ('XAUTHORITY', '/run/user/1000/.mutter-Xwaylandauth.JB0DV3'), ('LS_COLORS', 'rs=0:di=01;34:ln=01;36:mh=00:pi=40;33:so=01;35:do=01;35:bd=40;33;01:cd=40;33;01:or=40;31;01:mi=00:su=37;41:sg=30;43:ca=30;41:tw=30;42:ow=34;42:st=37;44:ex=01;32:*.tar=01;31:*.tgz=01;31:*.arc=01;31:*.arj=01;31:*.taz=01;31:*.lha=01;31:*.lz4=01;31:*.lzh=01;31:*.lzma=01;31:*.tlz=01;31:*.txz=01;31:*.tzo=01;31:*.t7z=01;31:*.zip=01;31:*.z=01;31:*.dz=01;31:*.gz=01;31:*.lrz=01;31:*.lz=01;31:*.lzo=01;31:*.xz=01;31:*.zst=01;31:*.tzst=01;31:*.bz2=01;31:*.bz=01;31:*.tbz=01;31:*.tbz2=01;31:*.tz=01;31:*.deb=01;31:*.rpm=01;31:*.jar=01;31:*.war=01;31:*.ear=01;31:*.sar=01;31:*.rar=01;31:*.alz=01;31:*.ace=01;31:*.zoo=01;31:*.cpio=01;31:*.7z=01;31:*.rz=01;31:*.cab=01;31:*.wim=01;31:*.swm=01;31:*.dwm=01;31:*.esd=01;31:*.jpg=01;35:*.jpeg=01;35:*.mjpg=01;35:*.mjpeg=01;35:*.gif=01;35:*.bmp=01;35:*.pbm=01;35:*.pgm=01;35:*.ppm=01;35:*.tga=01;35:*.xbm=01;35:*.xpm=01;35:*.tif=01;35:*.tiff=01;35:*.png=01;35:*.svg=01;35:*.svgz=01;35:*.mng=01;35:*.pcx=01;35:*.mov=01;35:*.mpg=01;35:*.mpeg=01;35:*.m2v=01;35:*.mkv=01;35:*.webm=01;35:*.webp=01;35:*.ogm=01;35:*.mp4=01;35:*.m4v=01;35:*.mp4v=01;35:*.vob=01;35:*.qt=01;35:*.nuv=01;35:*.wmv=01;35:*.asf=01;35:*.rm=01;35:*.rmvb=01;35:*.flc=01;35:*.avi=01;35:*.fli=01;35:*.flv=01;35:*.gl=01;35:*.dl=01;35:*.xcf=01;35:*.xwd=01;35:*.yuv=01;35:*.cgm=01;35:*.emf=01;35:*.ogv=01;35:*.ogx=01;35:*.aac=00;36:*.au=00;36:*.flac=00;36:*.m4a=00;36:*.mid=00;36:*.midi=00;36:*.mka=00;36:*.mp3=00;36:*.mpc=00;36:*.ogg=00;36:*.ra=00;36:*.wav=00;36:*.oga=00;36:*.opus=00;36:*.spx=00;36:*.xspf=00;36:'), ('GNOME_TERMINAL_SERVICE', ':1.111'), ('SSH_AGENT_LAUNCHER', 'gnome-keyring'), ('SSH_AUTH_SOCK', '/run/user/1000/keyring/ssh'), ('AMENT_PREFIX_PATH', '/home/sonvu/ur_ws/install/ur_calibration:/home/sonvu/ur_ws/install/ur_robot_driver:/home/sonvu/ur_ws/install/ur_controllers:/home/sonvu/ur_ws/install/ur_moveit_config:/home/sonvu/ur_ws/install/ur_dashboard_msgs:/home/sonvu/rtablc_base/install/rtablc_experiment:/opt/ros/humble'), ('SHELL', '/bin/bash'), ('LC_NAME', 'vi_VN'), ('QT_ACCESSIBILITY', '1'), ('GDMSESSION', 'ubuntu'), ('LESSCLOSE', '/usr/bin/lesspipe %s %s'), ('LC_MEASUREMENT', 'vi_VN'), ('LC_IDENTIFICATION', 'vi_VN'), ('QT_IM_MODULE', 'ibus'), ('PWD', '/home/sonvu/ur_ws/build/ur'), ('LC_ALL', 'en_US.UTF-8'), ('XDG_CONFIG_DIRS', '/etc/xdg/xdg-ubuntu:/etc/xdg'), ('XDG_DATA_DIRS', '/usr/share/ubuntu:/usr/local/share/:/usr/share/:/var/lib/snapd/desktop'), ('PYTHONPATH', '/home/sonvu/ur_ws/install/ur_robot_driver/local/lib/python3.10/dist-packages:/home/sonvu/ur_ws/install/ur_moveit_config/local/lib/python3.10/dist-packages:/home/sonvu/ur_ws/install/ur_dashboard_msgs/local/lib/python3.10/dist-packages:/home/sonvu/rtablc_base/build/rtablc_experiment:/home/sonvu/rtablc_base/install/rtablc_experiment/lib/python3.10/site-packages:/opt/ros/humble/lib/python3.10/site-packages:/opt/ros/humble/local/lib/python3.10/dist-packages'), ('LC_NUMERIC', 'vi_VN'), ('LC_PAPER', 'vi_VN'), ('COLCON', '1'), ('VTE_VERSION', '6800'), ('CMAKE_PREFIX_PATH', '/home/sonvu/ur_ws/install/ur_calibration:/home/sonvu/ur_ws/install/ur_robot_driver:/home/sonvu/ur_ws/install/ur_controllers:/home/sonvu/ur_ws/install/ur_moveit_config:/home/sonvu/ur_ws/install/ur_dashboard_msgs:/home/sonvu/rtablc_base/install/rtablc_experiment:/opt/ros/humble')]), 'shell': False}
[88.078103] (-) TimerEvent: {}
[88.091781] (ur) CommandEnded: {'returncode': 0}
[88.092558] (ur) JobProgress: {'identifier': 'ur', 'progress': 'install'}
[88.093081] (ur) Command: {'cmd': ['/usr/bin/cmake', '--install', '/home/sonvu/ur_ws/build/ur'], 'cwd': '/home/sonvu/ur_ws/build/ur', 'env': OrderedDict([('LESSOPEN', '| /usr/bin/lesspipe %s'), ('LANGUAGE', 'en_US:en'), ('USER', 'sonvu'), ('LC_TIME', 'vi_VN'), ('XDG_SESSION_TYPE', 'wayland'), ('SHLVL', '1'), ('LD_LIBRARY_PATH', '/home/sonvu/ur_ws/install/ur_robot_driver/lib:/home/sonvu/ur_ws/install/ur_controllers/lib:/home/sonvu/ur_ws/install/ur_dashboard_msgs/lib:/usr/lib/x86_64-linux-gnu/gazebo-11/plugins:/opt/ros/humble/opt/rviz_ogre_vendor/lib:/opt/ros/humble/lib/x86_64-linux-gnu:/opt/ros/humble/lib'), ('HOME', '/home/sonvu'), ('OLDPWD', '/home/sonvu'), ('DESKTOP_SESSION', 'ubuntu'), ('ROS_PYTHON_VERSION', '3'), ('GNOME_SHELL_SESSION_MODE', 'ubuntu'), ('GTK_MODULES', 'gail:atk-bridge'), ('LC_MONETARY', 'vi_VN'), ('SYSTEMD_EXEC_PID', '1840'), ('DBUS_SESSION_BUS_ADDRESS', 'unix:path=/run/user/1000/bus'), ('COLORTERM', 'truecolor'), ('IM_CONFIG_PHASE', '1'), ('WAYLAND_DISPLAY', 'wayland-0'), ('COLCON_PREFIX_PATH', '/home/sonvu/rtablc_base/install'), ('ROS_DISTRO', 'humble'), ('LOGNAME', 'sonvu'), ('_', '/usr/bin/colcon'), ('ROS_VERSION', '2'), ('XDG_SESSION_CLASS', 'user'), ('USERNAME', 'sonvu'), ('TERM', 'xterm-256color'), ('GNOME_DESKTOP_SESSION_ID', 'this-is-deprecated'), ('ROS_LOCALHOST_ONLY', '0'), ('PATH', '/home/sonvu/ur_ws/install/ur_robot_driver/bin:/opt/ros/humble/bin:/home/sonvu/.local/bin:/usr/local/sbin:/usr/local/bin:/usr/sbin:/usr/bin:/sbin:/bin:/usr/games:/usr/local/games:/snap/bin:/snap/bin'), ('SESSION_MANAGER', 'local/sonvu-Thin-15-B13UC:@/tmp/.ICE-unix/1810,unix/sonvu-Thin-15-B13UC:/tmp/.ICE-unix/1810'), ('PAPERSIZE', 'a4'), ('XDG_MENU_PREFIX', 'gnome-'), ('LC_ADDRESS', 'vi_VN'), ('GNOME_TERMINAL_SCREEN', '/org/gnome/Terminal/screen/13a4e776_53ad_4e87_90a5_551c296629db'), ('GNOME_SETUP_DISPLAY', ':1'), ('XDG_RUNTIME_DIR', '/run/user/1000'), ('DISPLAY', ':0'), ('LANG', 'en_US.UTF-8'), ('XDG_CURRENT_DESKTOP', 'ubuntu:GNOME'), ('LC_TELEPHONE', 'vi_VN'), ('XMODIFIERS', '@im=ibus'), ('XDG_SESSION_DESKTOP', 'ubuntu'), ('XAUTHORITY', '/run/user/1000/.mutter-Xwaylandauth.JB0DV3'), ('LS_COLORS', 'rs=0:di=01;34:ln=01;36:mh=00:pi=40;33:so=01;35:do=01;35:bd=40;33;01:cd=40;33;01:or=40;31;01:mi=00:su=37;41:sg=30;43:ca=30;41:tw=30;42:ow=34;42:st=37;44:ex=01;32:*.tar=01;31:*.tgz=01;31:*.arc=01;31:*.arj=01;31:*.taz=01;31:*.lha=01;31:*.lz4=01;31:*.lzh=01;31:*.lzma=01;31:*.tlz=01;31:*.txz=01;31:*.tzo=01;31:*.t7z=01;31:*.zip=01;31:*.z=01;31:*.dz=01;31:*.gz=01;31:*.lrz=01;31:*.lz=01;31:*.lzo=01;31:*.xz=01;31:*.zst=01;31:*.tzst=01;31:*.bz2=01;31:*.bz=01;31:*.tbz=01;31:*.tbz2=01;31:*.tz=01;31:*.deb=01;31:*.rpm=01;31:*.jar=01;31:*.war=01;31:*.ear=01;31:*.sar=01;31:*.rar=01;31:*.alz=01;31:*.ace=01;31:*.zoo=01;31:*.cpio=01;31:*.7z=01;31:*.rz=01;31:*.cab=01;31:*.wim=01;31:*.swm=01;31:*.dwm=01;31:*.esd=01;31:*.jpg=01;35:*.jpeg=01;35:*.mjpg=01;35:*.mjpeg=01;35:*.gif=01;35:*.bmp=01;35:*.pbm=01;35:*.pgm=01;35:*.ppm=01;35:*.tga=01;35:*.xbm=01;35:*.xpm=01;35:*.tif=01;35:*.tiff=01;35:*.png=01;35:*.svg=01;35:*.svgz=01;35:*.mng=01;35:*.pcx=01;35:*.mov=01;35:*.mpg=01;35:*.mpeg=01;35:*.m2v=01;35:*.mkv=01;35:*.webm=01;35:*.webp=01;35:*.ogm=01;35:*.mp4=01;35:*.m4v=01;35:*.mp4v=01;35:*.vob=01;35:*.qt=01;35:*.nuv=01;35:*.wmv=01;35:*.asf=01;35:*.rm=01;35:*.rmvb=01;35:*.flc=01;35:*.avi=01;35:*.fli=01;35:*.flv=01;35:*.gl=01;35:*.dl=01;35:*.xcf=01;35:*.xwd=01;35:*.yuv=01;35:*.cgm=01;35:*.emf=01;35:*.ogv=01;35:*.ogx=01;35:*.aac=00;36:*.au=00;36:*.flac=00;36:*.m4a=00;36:*.mid=00;36:*.midi=00;36:*.mka=00;36:*.mp3=00;36:*.mpc=00;36:*.ogg=00;36:*.ra=00;36:*.wav=00;36:*.oga=00;36:*.opus=00;36:*.spx=00;36:*.xspf=00;36:'), ('GNOME_TERMINAL_SERVICE', ':1.111'), ('SSH_AGENT_LAUNCHER', 'gnome-keyring'), ('SSH_AUTH_SOCK', '/run/user/1000/keyring/ssh'), ('AMENT_PREFIX_PATH', '/home/sonvu/ur_ws/install/ur_calibration:/home/sonvu/ur_ws/install/ur_robot_driver:/home/sonvu/ur_ws/install/ur_controllers:/home/sonvu/ur_ws/install/ur_moveit_config:/home/sonvu/ur_ws/install/ur_dashboard_msgs:/home/sonvu/rtablc_base/install/rtablc_experiment:/opt/ros/humble'), ('SHELL', '/bin/bash'), ('LC_NAME', 'vi_VN'), ('QT_ACCESSIBILITY', '1'), ('GDMSESSION', 'ubuntu'), ('LESSCLOSE', '/usr/bin/lesspipe %s %s'), ('LC_MEASUREMENT', 'vi_VN'), ('LC_IDENTIFICATION', 'vi_VN'), ('QT_IM_MODULE', 'ibus'), ('PWD', '/home/sonvu/ur_ws/build/ur'), ('LC_ALL', 'en_US.UTF-8'), ('XDG_CONFIG_DIRS', '/etc/xdg/xdg-ubuntu:/etc/xdg'), ('XDG_DATA_DIRS', '/usr/share/ubuntu:/usr/local/share/:/usr/share/:/var/lib/snapd/desktop'), ('PYTHONPATH', '/home/sonvu/ur_ws/install/ur_robot_driver/local/lib/python3.10/dist-packages:/home/sonvu/ur_ws/install/ur_moveit_config/local/lib/python3.10/dist-packages:/home/sonvu/ur_ws/install/ur_dashboard_msgs/local/lib/python3.10/dist-packages:/home/sonvu/rtablc_base/build/rtablc_experiment:/home/sonvu/rtablc_base/install/rtablc_experiment/lib/python3.10/site-packages:/opt/ros/humble/lib/python3.10/site-packages:/opt/ros/humble/local/lib/python3.10/dist-packages'), ('LC_NUMERIC', 'vi_VN'), ('LC_PAPER', 'vi_VN'), ('COLCON', '1'), ('VTE_VERSION', '6800'), ('CMAKE_PREFIX_PATH', '/home/sonvu/ur_ws/install/ur_calibration:/home/sonvu/ur_ws/install/ur_robot_driver:/home/sonvu/ur_ws/install/ur_controllers:/home/sonvu/ur_ws/install/ur_moveit_config:/home/sonvu/ur_ws/install/ur_dashboard_msgs:/home/sonvu/rtablc_base/install/rtablc_experiment:/opt/ros/humble')]), 'shell': False}
[88.106578] (ur) StdoutLine: {'line': b'-- Install configuration: ""\n'}
[88.106781] (ur) StdoutLine: {'line': b'-- Execute custom install script\n'}
[88.106953] (ur) StdoutLine: {'line': b'-- Symlinking: /home/sonvu/ur_ws/install/ur/share/ament_index/resource_index/package_run_dependencies/ur\n'}
[88.121436] (ur) StdoutLine: {'line': b'-- Symlinking: /home/sonvu/ur_ws/install/ur/share/ament_index/resource_index/parent_prefix_path/ur\n'}
[88.136639] (ur) StdoutLine: {'line': b'-- Symlinking: /home/sonvu/ur_ws/install/ur/share/ur/environment/ament_prefix_path.sh\n'}
[88.149691] (ur) StdoutLine: {'line': b'-- Symlinking: /home/sonvu/ur_ws/install/ur/share/ur/environment/ament_prefix_path.dsv\n'}
[88.162037] (ur) StdoutLine: {'line': b'-- Symlinking: /home/sonvu/ur_ws/install/ur/share/ur/environment/path.sh\n'}
[88.172620] (ur) StdoutLine: {'line': b'-- Symlinking: /home/sonvu/ur_ws/install/ur/share/ur/environment/path.dsv\n'}
[88.178182] (-) TimerEvent: {}
[88.184161] (ur) StdoutLine: {'line': b'-- Symlinking: /home/sonvu/ur_ws/install/ur/share/ur/local_setup.bash\n'}
[88.195793] (ur) StdoutLine: {'line': b'-- Symlinking: /home/sonvu/ur_ws/install/ur/share/ur/local_setup.sh\n'}
[88.210186] (ur) StdoutLine: {'line': b'-- Symlinking: /home/sonvu/ur_ws/install/ur/share/ur/local_setup.zsh\n'}
[88.224646] (ur) StdoutLine: {'line': b'-- Symlinking: /home/sonvu/ur_ws/install/ur/share/ur/local_setup.dsv\n'}
[88.241325] (ur) StdoutLine: {'line': b'-- Symlinking: /home/sonvu/ur_ws/install/ur/share/ur/package.dsv\n'}
[88.261237] (ur) StdoutLine: {'line': b'-- Symlinking: /home/sonvu/ur_ws/install/ur/share/ament_index/resource_index/packages/ur\n'}
[88.275295] (ur) StdoutLine: {'line': b'-- Symlinking: /home/sonvu/ur_ws/install/ur/share/ur/cmake/urConfig.cmake\n'}
[88.278361] (-) TimerEvent: {}
[88.284494] (ur) StdoutLine: {'line': b'-- Symlinking: /home/sonvu/ur_ws/install/ur/share/ur/cmake/urConfig-version.cmake\n'}
[88.296735] (ur) StdoutLine: {'line': b'-- Symlinking: /home/sonvu/ur_ws/install/ur/share/ur/package.xml\n'}
[88.314143] (ur) CommandEnded: {'returncode': 0}
[88.333745] (ur) JobEnded: {'identifier': 'ur', 'rc': 0}
[88.334177] (-) EventReactorShutdown: {}
